cod_mpio,cod_dpto,nom_mpio,a_o,poblacion,pct_rural_disperso,fuente
05001,05,MEDELLÍN,2017,2427133.0,1.843,dane
05001,05,MEDELLÍN,2018,2427133.0,1.843,dane
05001,05,MEDELLÍN,2019,2455336.0,1.885,dane
05001,05,MEDELLÍN,2020,2489955.0,1.931,dane
05001,05,MEDELLÍN,2021,2507620.0,1.929,dane
05002,05,ABEJORRAL,2017,20368.0,62.348,dane
05002,05,ABEJORRAL,2018,20368.0,62.348,dane
05002,05,ABEJORRAL,2019,20612.0,61.93,dane
05002,05,ABEJORRAL,2020,20878.0,61.519,dane
05002,05,ABEJORRAL,2021,20962.0,61.101,dane
05004,05,ABRIAQUÍ,2017,2718.0,69.316,dane
05004,05,ABRIAQUÍ,2018,2718.0,69.316,dane
05004,05,ABRIAQUÍ,2019,2745.0,68.816,dane
05004,05,ABRIAQUÍ,2020,2783.0,68.918,dane
05004,05,ABRIAQUÍ,2021,2797.0,68.824,dane
05021,05,ALEJANDRÍA,2017,4642.0,46.575,dane
05021,05,ALEJANDRÍA,2018,4642.0,46.575,dane
05021,05,ALEJANDRÍA,2019,4759.0,45.871,dane
05021,05,ALEJANDRÍA,2020,4872.0,45.484,dane
05021,05,ALEJANDRÍA,2021,4962.0,44.8,dane
05030,05,AMAGÁ,2017,30230.0,53.086,dane
05030,05,AMAGÁ,2018,30230.0,53.086,dane
05030,05,AMAGÁ,2019,30729.0,52.677,dane
05030,05,AMAGÁ,2020,31279.0,52.271,dane
05030,05,AMAGÁ,2021,31668.0,51.879,dane
05031,05,AMALFI,2017,25935.0,44.13,dane
05031,05,AMALFI,2018,25935.0,44.13,dane
05031,05,AMALFI,2019,26501.0,43.772,dane
05031,05,AMALFI,2020,27066.0,43.46,dane
05031,05,AMALFI,2021,27516.0,43.109,dane
05034,05,ANDES,2017,43265.0,53.212,dane
05034,05,ANDES,2018,43265.0,53.212,dane
05034,05,ANDES,2019,43759.0,52.817,dane
05034,05,ANDES,2020,44325.0,52.42,dane
05034,05,ANDES,2021,44621.0,52.041,dane
05036,05,ANGELÓPOLIS,2017,5758.0,62.383,dane
05036,05,ANGELÓPOLIS,2018,5758.0,62.383,dane
05036,05,ANGELÓPOLIS,2019,5846.0,61.632,dane
05036,05,ANGELÓPOLIS,2020,5944.0,61.003,dane
05036,05,ANGELÓPOLIS,2021,5999.0,60.543,dane
05038,05,ANGOSTURA,2017,11444.0,77.001,dane
05038,05,ANGOSTURA,2018,11444.0,77.001,dane
05038,05,ANGOSTURA,2019,11687.0,76.786,dane
05038,05,ANGOSTURA,2020,11950.0,76.603,dane
05038,05,ANGOSTURA,2021,12064.0,76.177,dane
05040,05,ANORÍ,2017,18317.0,58.328,dane
05040,05,ANORÍ,2018,18317.0,58.328,dane
05040,05,ANORÍ,2019,18801.0,57.763,dane
05040,05,ANORÍ,2020,19295.0,57.222,dane
05040,05,ANORÍ,2021,19662.0,56.83,dane
05042,05,SANTA FÉ DE ANTIOQUIA,2017,26167.0,37.501,dane
05042,05,SANTA FÉ DE ANTIOQUIA,2018,26167.0,37.501,dane
05042,05,SANTA FÉ DE ANTIOQUIA,2019,26520.0,36.938,dane
05042,05,SANTA FÉ DE ANTIOQUIA,2020,26905.0,36.313,dane
05042,05,SANTA FÉ DE ANTIOQUIA,2021,27275.0,36.011,dane
05044,05,ANZÁ,2017,7013.0,81.991,dane
05044,05,ANZÁ,2018,7013.0,81.991,dane
05044,05,ANZÁ,2019,7162.0,81.681,dane
05044,05,ANZÁ,2020,7340.0,81.09,dane
05044,05,ANZÁ,2021,7421.0,80.596,dane
05045,05,APARTADÓ,2017,121014.0,18.64,dane
05045,05,APARTADÓ,2018,121014.0,18.64,dane
05045,05,APARTADÓ,2019,121255.0,17.994,dane
05045,05,APARTADÓ,2020,121664.0,17.323,dane
05045,05,APARTADÓ,2021,122772.0,17.124,dane
05051,05,ARBOLETES,2017,29307.0,66.742,dane
05051,05,ARBOLETES,2018,29307.0,66.742,dane
05051,05,ARBOLETES,2019,29738.0,65.546,dane
05051,05,ARBOLETES,2020,30210.0,64.449,dane
05051,05,ARBOLETES,2021,30559.0,63.857,dane
05055,05,ARGELIA,2017,7687.0,55.809,dane
05055,05,ARGELIA,2018,7687.0,55.809,dane
05055,05,ARGELIA,2019,7798.0,54.873,dane
05055,05,ARGELIA,2020,7916.0,54.106,dane
05055,05,ARGELIA,2021,7972.0,53.65,dane
05059,05,ARMENIA,2017,5142.0,66.667,dane
05059,05,ARMENIA,2018,5142.0,66.667,dane
05059,05,ARMENIA,2019,5208.0,66.129,dane
05059,05,ARMENIA,2020,5268.0,65.566,dane
05059,05,ARMENIA,2021,5286.0,65.21,dane
05079,05,BARBOSA,2017,51974.0,57.346,dane
05079,05,BARBOSA,2018,51974.0,57.346,dane
05079,05,BARBOSA,2019,55001.0,57.799,dane
05079,05,BARBOSA,2020,58353.0,58.357,dane
05079,05,BARBOSA,2021,59570.0,58.175,dane
05086,05,BELMIRA,2017,5996.0,72.982,dane
05086,05,BELMIRA,2018,5996.0,72.982,dane
05086,05,BELMIRA,2019,6072.0,72.661,dane
05086,05,BELMIRA,2020,6171.0,72.371,dane
05086,05,BELMIRA,2021,6175.0,72.113,dane
05088,05,BELLO,2017,522259.0,5.128,dane
05088,05,BELLO,2018,522259.0,5.128,dane
05088,05,BELLO,2019,537451.0,4.571,dane
05088,05,BELLO,2020,553577.0,3.985,dane
05088,05,BELLO,2021,565630.0,3.904,dane
05091,05,BETANIA,2017,10311.0,65.125,dane
05091,05,BETANIA,2018,10311.0,65.125,dane
05091,05,BETANIA,2019,10446.0,64.742,dane
05091,05,BETANIA,2020,10604.0,64.476,dane
05091,05,BETANIA,2021,10661.0,64.037,dane
05093,05,BETULIA,2017,15597.0,72.604,dane
05093,05,BETULIA,2018,15597.0,72.604,dane
05093,05,BETULIA,2019,15929.0,72.095,dane
05093,05,BETULIA,2020,16251.0,71.756,dane
05093,05,BETULIA,2021,16416.0,71.235,dane
05101,05,CIUDAD BOLÍVAR,2017,26118.0,40.267,dane
05101,05,CIUDAD BOLÍVAR,2018,26118.0,40.267,dane
05101,05,CIUDAD BOLÍVAR,2019,26377.0,39.823,dane
05101,05,CIUDAD BOLÍVAR,2020,26640.0,39.377,dane
05101,05,CIUDAD BOLÍVAR,2021,26886.0,39.061,dane
05107,05,BRICEÑO,2017,8029.0,68.277,dane
05107,05,BRICEÑO,2018,8029.0,68.277,dane
05107,05,BRICEÑO,2019,8075.0,67.467,dane
05107,05,BRICEÑO,2020,8149.0,66.622,dane
05107,05,BRICEÑO,2021,8139.0,66.101,dane
05113,05,BURITICÁ,2017,9346.0,76.118,dane
05113,05,BURITICÁ,2018,9346.0,76.118,dane
05113,05,BURITICÁ,2019,9682.0,75.687,dane
05113,05,BURITICÁ,2020,10012.0,75.37,dane
05113,05,BURITICÁ,2021,10234.0,74.927,dane
05120,05,CÁCERES,2017,29014.0,81.499,dane
05120,05,CÁCERES,2018,29014.0,81.499,dane
05120,05,CÁCERES,2019,29152.0,80.447,dane
05120,05,CÁCERES,2020,29307.0,79.462,dane
05120,05,CÁCERES,2021,29325.0,78.885,dane
05125,05,CAICEDO,2017,8297.0,79.993,dane
05125,05,CAICEDO,2018,8297.0,79.993,dane
05125,05,CAICEDO,2019,8509.0,79.445,dane
05125,05,CAICEDO,2020,8705.0,78.989,dane
05125,05,CAICEDO,2021,8785.0,78.657,dane
05129,05,CALDAS,2017,79632.0,20.907,dane
05129,05,CALDAS,2018,79632.0,20.907,dane
05129,05,CALDAS,2019,82011.0,21.147,dane
05129,05,CALDAS,2020,84640.0,21.407,dane
05129,05,CALDAS,2021,85841.0,21.341,dane
05134,05,CAMPAMENTO,2017,9211.0,73.173,dane
05134,05,CAMPAMENTO,2018,9211.0,73.173,dane
05134,05,CAMPAMENTO,2019,9395.0,72.453,dane
05134,05,CAMPAMENTO,2020,9588.0,71.673,dane
05134,05,CAMPAMENTO,2021,9670.0,71.189,dane
05138,05,CAÑASGORDAS,2017,15531.0,67.285,dane
05138,05,CAÑASGORDAS,2018,15531.0,67.285,dane
05138,05,CAÑASGORDAS,2019,15611.0,66.844,dane
05138,05,CAÑASGORDAS,2020,15760.0,66.409,dane
05138,05,CAÑASGORDAS,2021,15717.0,65.986,dane
05142,05,CARACOLÍ,2017,4581.0,40.166,dane
05142,05,CARACOLÍ,2018,4581.0,40.166,dane
05142,05,CARACOLÍ,2019,4569.0,39.921,dane
05142,05,CARACOLÍ,2020,4583.0,39.363,dane
05142,05,CARACOLÍ,2021,4591.0,39.272,dane
05145,05,CARAMANTA,2017,4758.0,53.783,dane
05145,05,CARAMANTA,2018,4758.0,53.783,dane
05145,05,CARAMANTA,2019,4735.0,53.601,dane
05145,05,CARAMANTA,2020,4708.0,53.356,dane
05145,05,CARAMANTA,2021,4684.0,53.01,dane
05147,05,CAREPA,2017,47923.0,31.123,dane
05147,05,CAREPA,2018,47923.0,31.123,dane
05147,05,CAREPA,2019,48374.0,30.167,dane
05147,05,CAREPA,2020,48862.0,29.192,dane
05147,05,CAREPA,2021,49435.0,28.856,dane
05148,05,EL CARMEN DE VIBORAL,2017,59410.0,42.464,dane
05148,05,EL CARMEN DE VIBORAL,2018,59410.0,42.464,dane
05148,05,EL CARMEN DE VIBORAL,2019,61076.0,42.085,dane
05148,05,EL CARMEN DE VIBORAL,2020,62774.0,41.729,dane
05148,05,EL CARMEN DE VIBORAL,2021,64353.0,41.408,dane
05150,05,CAROLINA,2017,3957.0,25.903,dane
05150,05,CAROLINA,2018,3957.0,25.903,dane
05150,05,CAROLINA,2019,3956.0,25.581,dane
05150,05,CAROLINA,2020,3974.0,25.239,dane
05150,05,CAROLINA,2021,3980.0,25.025,dane
05154,05,CAUCASIA,2017,90211.0,14.902,dane
05154,05,CAUCASIA,2018,90211.0,14.902,dane
05154,05,CAUCASIA,2019,91003.0,13.461,dane
05154,05,CAUCASIA,2020,91873.0,12.049,dane
05154,05,CAUCASIA,2021,92469.0,11.783,dane
05172,05,CHIGORODÓ,2017,57380.0,18.012,dane
05172,05,CHIGORODÓ,2018,57380.0,18.012,dane
05172,05,CHIGORODÓ,2019,57144.0,17.407,dane
05172,05,CHIGORODÓ,2020,56976.0,16.725,dane
05172,05,CHIGORODÓ,2021,57121.0,16.539,dane
05190,05,CISNEROS,2017,9778.0,13.929,dane
05190,05,CISNEROS,2018,9778.0,13.929,dane
05190,05,CISNEROS,2019,9791.0,13.472,dane
05190,05,CISNEROS,2020,9805.0,12.871,dane
05190,05,CISNEROS,2021,9892.0,12.687,dane
05197,05,COCORNÁ,2017,15438.0,59.205,dane
05197,05,COCORNÁ,2018,15438.0,59.205,dane
05197,05,COCORNÁ,2019,15606.0,57.958,dane
05197,05,COCORNÁ,2020,15823.0,56.5,dane
05197,05,COCORNÁ,2021,15902.0,56.043,dane
05206,05,CONCEPCIÓN,2017,4795.0,60.146,dane
05206,05,CONCEPCIÓN,2018,4795.0,60.146,dane
05206,05,CONCEPCIÓN,2019,4874.0,59.335,dane
05206,05,CONCEPCIÓN,2020,4951.0,58.453,dane
05206,05,CONCEPCIÓN,2021,4998.0,57.803,dane
05209,05,CONCORDIA,2017,21367.0,65.596,dane
05209,05,CONCORDIA,2018,21367.0,65.596,dane
05209,05,CONCORDIA,2019,21664.0,65.311,dane
05209,05,CONCORDIA,2020,21947.0,65.048,dane
05209,05,CONCORDIA,2021,22039.0,64.681,dane
05212,05,COPACABANA,2017,77875.0,19.952,dane
05212,05,COPACABANA,2018,77875.0,19.952,dane
05212,05,COPACABANA,2019,80676.0,20.078,dane
05212,05,COPACABANA,2020,83697.0,20.254,dane
05212,05,COPACABANA,2021,85434.0,20.186,dane
05234,05,DABEIBA,2017,23048.0,60.764,dane
05234,05,DABEIBA,2018,23048.0,60.764,dane
05234,05,DABEIBA,2019,23418.0,60.663,dane
05234,05,DABEIBA,2020,23829.0,60.481,dane
05234,05,DABEIBA,2021,24060.0,60.121,dane
05237,05,DONMATÍAS,2017,18914.0,36.084,dane
05237,05,DONMATÍAS,2018,18914.0,36.084,dane
05237,05,DONMATÍAS,2019,19033.0,35.696,dane
05237,05,DONMATÍAS,2020,19233.0,35.314,dane
05237,05,DONMATÍAS,2021,19395.0,35.045,dane
05240,05,EBÉJICO,2017,12153.0,81.618,dane
05240,05,EBÉJICO,2018,12153.0,81.618,dane
05240,05,EBÉJICO,2019,12363.0,81.105,dane
05240,05,EBÉJICO,2020,12545.0,80.622,dane
05240,05,EBÉJICO,2021,12564.0,80.126,dane
05250,05,EL BAGRE,2017,51868.0,36.712,dane
05250,05,EL BAGRE,2018,51868.0,36.712,dane
05250,05,EL BAGRE,2019,52651.0,35.656,dane
05250,05,EL BAGRE,2020,53491.0,34.608,dane
05250,05,EL BAGRE,2021,54125.0,34.175,dane
05264,05,ENTRERRÍOS,2017,11154.0,49.426,dane
05264,05,ENTRERRÍOS,2018,11154.0,49.426,dane
05264,05,ENTRERRÍOS,2019,11425.0,48.972,dane
05264,05,ENTRERRÍOS,2020,11728.0,48.712,dane
05264,05,ENTRERRÍOS,2021,11968.0,48.329,dane
05266,05,ENVIGADO,2017,228836.0,5.715,dane
05266,05,ENVIGADO,2018,228836.0,5.715,dane
05266,05,ENVIGADO,2019,235397.0,5.144,dane
05266,05,ENVIGADO,2020,242371.0,4.54,dane
05266,05,ENVIGADO,2021,247649.0,4.459,dane
05282,05,FREDONIA,2017,24415.0,67.09,dane
05282,05,FREDONIA,2018,24415.0,67.09,dane
05282,05,FREDONIA,2019,24869.0,66.943,dane
05282,05,FREDONIA,2020,25367.0,66.78,dane
05282,05,FREDONIA,2021,25609.0,66.453,dane
05284,05,FRONTINO,2017,20742.0,58.36,dane
05284,05,FRONTINO,2018,20742.0,58.36,dane
05284,05,FRONTINO,2019,21018.0,57.76,dane
05284,05,FRONTINO,2020,21283.0,57.262,dane
05284,05,FRONTINO,2021,21426.0,56.837,dane
05306,05,GIRALDO,2017,5545.0,62.759,dane
05306,05,GIRALDO,2018,5545.0,62.759,dane
05306,05,GIRALDO,2019,5716.0,62.386,dane
05306,05,GIRALDO,2020,5875.0,62.077,dane
05306,05,GIRALDO,2021,5993.0,61.522,dane
05308,05,GIRARDOTA,2017,51660.0,44.541,dane
05308,05,GIRARDOTA,2018,51660.0,44.541,dane
05308,05,GIRARDOTA,2019,54202.0,45.137,dane
05308,05,GIRARDOTA,2020,56990.0,45.801,dane
05308,05,GIRARDOTA,2021,58069.0,45.653,dane
05310,05,GÓMEZ PLATA,2017,9761.0,48.663,dane
05310,05,GÓMEZ PLATA,2018,9761.0,48.663,dane
05310,05,GÓMEZ PLATA,2019,9878.0,48.036,dane
05310,05,GÓMEZ PLATA,2020,10010.0,47.512,dane
05310,05,GÓMEZ PLATA,2021,10089.0,47.16,dane
05313,05,GRANADA,2017,10124.0,45.259,dane
05313,05,GRANADA,2018,10124.0,45.259,dane
05313,05,GRANADA,2019,10204.0,45.178,dane
05313,05,GRANADA,2020,10299.0,45.082,dane
05313,05,GRANADA,2021,10356.0,44.805,dane
05315,05,GUADALUPE,2017,6555.0,66.194,dane
05315,05,GUADALUPE,2018,6555.0,66.194,dane
05315,05,GUADALUPE,2019,6662.0,65.596,dane
05315,05,GUADALUPE,2020,6786.0,65.134,dane
05315,05,GUADALUPE,2021,6835.0,64.696,dane
05318,05,GUARNE,2017,55110.0,66.717,dane
05318,05,GUARNE,2018,55110.0,66.717,dane
05318,05,GUARNE,2019,56977.0,66.485,dane
05318,05,GUARNE,2020,58930.0,66.268,dane
05318,05,GUARNE,2021,60291.0,65.887,dane
05321,05,GUATAPÉ,2017,8367.0,35.162,dane
05321,05,GUATAPÉ,2018,8367.0,35.162,dane
05321,05,GUATAPÉ,2019,8568.0,34.991,dane
05321,05,GUATAPÉ,2020,8786.0,34.726,dane
05321,05,GUATAPÉ,2021,8991.0,34.423,dane
05347,05,HELICONIA,2017,5460.0,57.454,dane
05347,05,HELICONIA,2018,5460.0,57.454,dane
05347,05,HELICONIA,2019,5415.0,56.971,dane
05347,05,HELICONIA,2020,5393.0,56.24,dane
05347,05,HELICONIA,2021,5338.0,55.901,dane
05353,05,HISPANIA,2017,5471.0,37.379,dane
05353,05,HISPANIA,2018,5471.0,37.379,dane
05353,05,HISPANIA,2019,5551.0,36.984,dane
05353,05,HISPANIA,2020,5634.0,36.315,dane
05353,05,HISPANIA,2021,5699.0,36.112,dane
05360,05,ITAGÜÍ,2017,276746.0,10.413,dane
05360,05,ITAGÜÍ,2018,276746.0,10.413,dane
05360,05,ITAGÜÍ,2019,283136.0,10.213,dane
05360,05,ITAGÜÍ,2020,290182.0,10.005,dane
05360,05,ITAGÜÍ,2021,294137.0,9.93,dane
05361,05,ITUANGO,2017,27065.0,73.892,dane
05361,05,ITUANGO,2018,27065.0,73.892,dane
05361,05,ITUANGO,2019,27640.0,73.466,dane
05361,05,ITUANGO,2020,28276.0,73.101,dane
05361,05,ITUANGO,2021,28547.0,72.666,dane
05364,05,JARDÍN,2017,14520.0,47.259,dane
05364,05,JARDÍN,2018,14520.0,47.259,dane
05364,05,JARDÍN,2019,14696.0,46.931,dane
05364,05,JARDÍN,2020,14904.0,46.659,dane
05364,05,JARDÍN,2021,15038.0,46.389,dane
05368,05,JERICÓ,2017,13647.0,44.098,dane
05368,05,JERICÓ,2018,13647.0,44.098,dane
05368,05,JERICÓ,2019,13782.0,43.76,dane
05368,05,JERICÓ,2020,13940.0,43.199,dane
05368,05,JERICÓ,2021,14065.0,42.908,dane
05376,05,LA CEJA,2017,64878.0,15.515,dane
05376,05,LA CEJA,2018,64878.0,15.515,dane
05376,05,LA CEJA,2019,65950.0,14.758,dane
05376,05,LA CEJA,2020,67103.0,14.016,dane
05376,05,LA CEJA,2021,68622.0,13.829,dane
05380,05,LA ESTRELLA,2017,71567.0,14.747,dane
05380,05,LA ESTRELLA,2018,71567.0,14.747,dane
05380,05,LA ESTRELLA,2019,73966.0,14.776,dane
05380,05,LA ESTRELLA,2020,76614.0,14.833,dane
05380,05,LA ESTRELLA,2021,78211.0,14.777,dane
05390,05,LA PINTADA,2017,8127.0,12.981,dane
05390,05,LA PINTADA,2018,8127.0,12.981,dane
05390,05,LA PINTADA,2019,8164.0,12.114,dane
05390,05,LA PINTADA,2020,8212.0,11.179,dane
05390,05,LA PINTADA,2021,8337.0,11.047,dane
05400,05,LA UNIÓN,2017,21479.0,40.751,dane
05400,05,LA UNIÓN,2018,21479.0,40.751,dane
05400,05,LA UNIÓN,2019,21871.0,40.09,dane
05400,05,LA UNIÓN,2020,22306.0,39.424,dane
05400,05,LA UNIÓN,2021,22702.0,39.067,dane
05411,05,LIBORINA,2017,10023.0,77.003,dane
05411,05,LIBORINA,2018,10023.0,77.003,dane
05411,05,LIBORINA,2019,10243.0,76.726,dane
05411,05,LIBORINA,2020,10470.0,76.371,dane
05411,05,LIBORINA,2021,10568.0,75.946,dane
05425,05,MACEO,2017,8217.0,62.359,dane
05425,05,MACEO,2018,8217.0,62.359,dane
05425,05,MACEO,2019,8369.0,62.015,dane
05425,05,MACEO,2020,8522.0,61.652,dane
05425,05,MACEO,2021,8611.0,61.236,dane
05440,05,MARINILLA,2017,64640.0,31.575,dane
05440,05,MARINILLA,2018,64640.0,31.575,dane
05440,05,MARINILLA,2019,66120.0,30.956,dane
05440,05,MARINILLA,2020,67645.0,30.33,dane
05440,05,MARINILLA,2021,69257.0,30.05,dane
05467,05,MONTEBELLO,2017,6662.0,72.156,dane
05467,05,MONTEBELLO,2018,6662.0,72.156,dane
05467,05,MONTEBELLO,2019,6719.0,71.335,dane
05467,05,MONTEBELLO,2020,6764.0,70.727,dane
05467,05,MONTEBELLO,2021,6719.0,70.234,dane
05475,05,MURINDÓ,2017,4902.0,64.321,dane
05475,05,MURINDÓ,2018,4902.0,64.321,dane
05475,05,MURINDÓ,2019,5080.0,64.311,dane
05475,05,MURINDÓ,2020,5268.0,64.351,dane
05475,05,MURINDÓ,2021,5397.0,63.961,dane
05480,05,MUTATÁ,2017,13991.0,63.598,dane
05480,05,MUTATÁ,2018,13991.0,63.598,dane
05480,05,MUTATÁ,2019,14048.0,62.984,dane
05480,05,MUTATÁ,2020,14093.0,62.386,dane
05480,05,MUTATÁ,2021,14054.0,61.968,dane
05483,05,NARIÑO,2017,10154.0,69.342,dane
05483,05,NARIÑO,2018,10154.0,69.342,dane
05483,05,NARIÑO,2019,10335.0,68.728,dane
05483,05,NARIÑO,2020,10543.0,68.206,dane
05483,05,NARIÑO,2021,10648.0,67.684,dane
05490,05,NECOCLÍ,2017,42279.0,74.089,dane
05490,05,NECOCLÍ,2018,42279.0,74.089,dane
05490,05,NECOCLÍ,2019,42626.0,73.636,dane
05490,05,NECOCLÍ,2020,43061.0,73.168,dane
05490,05,NECOCLÍ,2021,42976.0,72.715,dane
05495,05,NECHÍ,2017,25786.0,48.934,dane
05495,05,NECHÍ,2018,25786.0,48.934,dane
05495,05,NECHÍ,2019,26385.0,47.762,dane
05495,05,NECHÍ,2020,27004.0,46.634,dane
05495,05,NECHÍ,2021,27525.0,46.162,dane
05501,05,OLAYA,2017,3118.0,93.105,dane
05501,05,OLAYA,2018,3118.0,93.105,dane
05501,05,OLAYA,2019,3200.0,92.625,dane
05501,05,OLAYA,2020,3290.0,92.158,dane
05501,05,OLAYA,2021,3333.0,91.419,dane
05541,05,PEÑOL,2017,21046.0,47.639,dane
05541,05,PEÑOL,2018,21046.0,47.639,dane
05541,05,PEÑOL,2019,21536.0,47.093,dane
05541,05,PEÑOL,2020,22036.0,46.692,dane
05541,05,PEÑOL,2021,22454.0,46.33,dane
05543,05,PEQUE,2017,8108.0,71.695,dane
05543,05,PEQUE,2018,8108.0,71.695,dane
05543,05,PEQUE,2019,8257.0,70.922,dane
05543,05,PEQUE,2020,8421.0,70.265,dane
05543,05,PEQUE,2021,8510.0,69.777,dane
05576,05,PUEBLORRICO,2017,8660.0,48.58,dane
05576,05,PUEBLORRICO,2018,8660.0,48.58,dane
05576,05,PUEBLORRICO,2019,8754.0,48.184,dane
05576,05,PUEBLORRICO,2020,8861.0,47.703,dane
05576,05,PUEBLORRICO,2021,8909.0,47.39,dane
05579,05,PUERTO BERRÍO,2017,39317.0,17.008,dane
05579,05,PUERTO BERRÍO,2018,39317.0,17.008,dane
05579,05,PUERTO BERRÍO,2019,39202.0,16.224,dane
05579,05,PUERTO BERRÍO,2020,39144.0,15.384,dane
05579,05,PUERTO BERRÍO,2021,39297.0,15.172,dane
05585,05,PUERTO NARE,2017,14382.0,69.538,dane
05585,05,PUERTO NARE,2018,14382.0,69.538,dane
05585,05,PUERTO NARE,2019,14651.0,68.787,dane
05585,05,PUERTO NARE,2020,14934.0,67.999,dane
05585,05,PUERTO NARE,2021,15076.0,67.531,dane
05591,05,PUERTO TRIUNFO,2017,18052.0,83.813,dane
05591,05,PUERTO TRIUNFO,2018,18052.0,83.813,dane
05591,05,PUERTO TRIUNFO,2019,18551.0,83.349,dane
05591,05,PUERTO TRIUNFO,2020,19074.0,82.888,dane
05591,05,PUERTO TRIUNFO,2021,19310.0,82.465,dane
05604,05,REMEDIOS,2017,28423.0,59.054,dane
05604,05,REMEDIOS,2018,28423.0,59.054,dane
05604,05,REMEDIOS,2019,29213.0,58.522,dane
05604,05,REMEDIOS,2020,30056.0,58.078,dane
05604,05,REMEDIOS,2021,30674.0,57.658,dane
05607,05,RETIRO,2017,23516.0,46.917,dane
05607,05,RETIRO,2018,23516.0,46.917,dane
05607,05,RETIRO,2019,24136.0,46.59,dane
05607,05,RETIRO,2020,24807.0,46.289,dane
05607,05,RETIRO,2021,25360.0,45.923,dane
05615,05,RIONEGRO,2017,135473.0,38.725,dane
05615,05,RIONEGRO,2018,135473.0,38.725,dane
05615,05,RIONEGRO,2019,138479.0,38.365,dane
05615,05,RIONEGRO,2020,141638.0,38.013,dane
05615,05,RIONEGRO,2021,144612.0,37.718,dane
05628,05,SABANALARGA,2017,9034.0,67.323,dane
05628,05,SABANALARGA,2018,9034.0,67.323,dane
05628,05,SABANALARGA,2019,9207.0,66.754,dane
05628,05,SABANALARGA,2020,9422.0,66.249,dane
05628,05,SABANALARGA,2021,9507.0,65.846,dane
05631,05,SABANETA,2017,82376.0,14.539,dane
05631,05,SABANETA,2018,82376.0,14.539,dane
05631,05,SABANETA,2019,86724.0,14.249,dane
05631,05,SABANETA,2020,91288.0,14.017,dane
05631,05,SABANETA,2021,94754.0,13.919,dane
05642,05,SALGAR,2017,18267.0,63.223,dane
05642,05,SALGAR,2018,18267.0,63.223,dane
05642,05,SALGAR,2019,18477.0,62.602,dane
05642,05,SALGAR,2020,18723.0,62.031,dane
05642,05,SALGAR,2021,18784.0,61.632,dane
05647,05,SAN ANDRÉS DE CUERQUÍA,2017,7215.0,60.748,dane
05647,05,SAN ANDRÉS DE CUERQUÍA,2018,7215.0,60.748,dane
05647,05,SAN ANDRÉS DE CUERQUÍA,2019,7307.0,59.97,dane
05647,05,SAN ANDRÉS DE CUERQUÍA,2020,7374.0,59.167,dane
05647,05,SAN ANDRÉS DE CUERQUÍA,2021,7392.0,58.915,dane
05649,05,SAN CARLOS,2017,16256.0,54.712,dane
05649,05,SAN CARLOS,2018,16256.0,54.712,dane
05649,05,SAN CARLOS,2019,16423.0,54.57,dane
05649,05,SAN CARLOS,2020,16629.0,54.405,dane
05649,05,SAN CARLOS,2021,16720.0,54.109,dane
05652,05,SAN FRANCISCO,2017,5648.0,55.86,dane
05652,05,SAN FRANCISCO,2018,5648.0,55.86,dane
05652,05,SAN FRANCISCO,2019,5736.0,55.631,dane
05652,05,SAN FRANCISCO,2020,5817.0,55.235,dane
05652,05,SAN FRANCISCO,2021,5874.0,54.852,dane
05656,05,SAN JERÓNIMO,2017,15358.0,56.348,dane
05656,05,SAN JERÓNIMO,2018,15358.0,56.348,dane
05656,05,SAN JERÓNIMO,2019,15840.0,55.979,dane
05656,05,SAN JERÓNIMO,2020,16344.0,55.629,dane
05656,05,SAN JERÓNIMO,2021,16777.0,55.224,dane
05658,05,SAN JOSÉ DE LA MONTAÑA,2017,3648.0,35.526,dane
05658,05,SAN JOSÉ DE LA MONTAÑA,2018,3648.0,35.526,dane
05658,05,SAN JOSÉ DE LA MONTAÑA,2019,3698.0,35.722,dane
05658,05,SAN JOSÉ DE LA MONTAÑA,2020,3771.0,35.932,dane
05658,05,SAN JOSÉ DE LA MONTAÑA,2021,3818.0,35.752,dane
05659,05,SAN JUAN DE URABÁ,2017,20085.0,67.005,dane
05659,05,SAN JUAN DE URABÁ,2018,20085.0,67.005,dane
05659,05,SAN JUAN DE URABÁ,2019,20138.0,65.945,dane
05659,05,SAN JUAN DE URABÁ,2020,20239.0,64.806,dane
05659,05,SAN JUAN DE URABÁ,2021,20197.0,64.188,dane
05660,05,SAN LUIS,2017,12990.0,42.995,dane
05660,05,SAN LUIS,2018,12990.0,42.995,dane
05660,05,SAN LUIS,2019,13220.0,42.073,dane
05660,05,SAN LUIS,2020,13475.0,41.187,dane
05660,05,SAN LUIS,2021,13691.0,40.742,dane
05664,05,SAN PEDRO DE LOS MILAGROS,2017,21949.0,46.458,dane
05664,05,SAN PEDRO DE LOS MILAGROS,2018,21949.0,46.458,dane
05664,05,SAN PEDRO DE LOS MILAGROS,2019,22073.0,45.671,dane
05664,05,SAN PEDRO DE LOS MILAGROS,2020,22221.0,44.804,dane
05664,05,SAN PEDRO DE LOS MILAGROS,2021,22298.0,44.417,dane
05665,05,SAN PEDRO DE URABÁ,2017,30934.0,59.624,dane
05665,05,SAN PEDRO DE URABÁ,2018,30934.0,59.624,dane
05665,05,SAN PEDRO DE URABÁ,2019,31274.0,57.975,dane
05665,05,SAN PEDRO DE URABÁ,2020,31625.0,56.411,dane
05665,05,SAN PEDRO DE URABÁ,2021,31876.0,55.75,dane
05667,05,SAN RAFAEL,2017,15713.0,49.736,dane
05667,05,SAN RAFAEL,2018,15713.0,49.736,dane
05667,05,SAN RAFAEL,2019,15999.0,49.628,dane
05667,05,SAN RAFAEL,2020,16305.0,49.439,dane
05667,05,SAN RAFAEL,2021,16585.0,49.105,dane
05670,05,SAN ROQUE,2017,21517.0,69.898,dane
05670,05,SAN ROQUE,2018,21517.0,69.898,dane
05670,05,SAN ROQUE,2019,22122.0,69.18,dane
05670,05,SAN ROQUE,2020,22742.0,68.565,dane
05670,05,SAN ROQUE,2021,23116.0,68.113,dane
05674,05,SAN VICENTE FERRER,2017,22084.0,75.254,dane
05674,05,SAN VICENTE FERRER,2018,22084.0,75.254,dane
05674,05,SAN VICENTE FERRER,2019,22659.0,74.491,dane
05674,05,SAN VICENTE FERRER,2020,23262.0,73.738,dane
05674,05,SAN VICENTE FERRER,2021,23578.0,73.204,dane
05679,05,SANTA BÁRBARA,2017,26782.0,54.891,dane
05679,05,SANTA BÁRBARA,2018,26782.0,54.891,dane
05679,05,SANTA BÁRBARA,2019,27302.0,54.344,dane
05679,05,SANTA BÁRBARA,2020,27834.0,53.859,dane
05679,05,SANTA BÁRBARA,2021,28206.0,53.425,dane
05686,05,SANTA ROSA DE OSOS,2017,36312.0,45.225,dane
05686,05,SANTA ROSA DE OSOS,2018,36312.0,45.225,dane
05686,05,SANTA ROSA DE OSOS,2019,36987.0,44.686,dane
05686,05,SANTA ROSA DE OSOS,2020,37680.0,44.159,dane
05686,05,SANTA ROSA DE OSOS,2021,38277.0,43.823,dane
05690,05,SANTO DOMINGO,2017,12393.0,77.342,dane
05690,05,SANTO DOMINGO,2018,12393.0,77.342,dane
05690,05,SANTO DOMINGO,2019,12661.0,77.024,dane
05690,05,SANTO DOMINGO,2020,12949.0,76.716,dane
05690,05,SANTO DOMINGO,2021,13084.0,76.307,dane
05697,05,EL SANTUARIO,2017,35429.0,30.509,dane
05697,05,EL SANTUARIO,2018,35429.0,30.509,dane
05697,05,EL SANTUARIO,2019,36100.0,29.781,dane
05697,05,EL SANTUARIO,2020,36839.0,29.078,dane
05697,05,EL SANTUARIO,2021,37602.0,28.783,dane
05736,05,SEGOVIA,2017,37900.0,20.507,dane
05736,05,SEGOVIA,2018,37900.0,20.507,dane
05736,05,SEGOVIA,2019,38046.0,19.842,dane
05736,05,SEGOVIA,2020,38217.0,19.143,dane
05736,05,SEGOVIA,2021,38568.0,18.909,dane
05756,05,SONSÓN,2017,36327.0,52.729,dane
05756,05,SONSÓN,2018,36327.0,52.729,dane
05756,05,SONSÓN,2019,36423.0,52.492,dane
05756,05,SONSÓN,2020,36598.0,52.235,dane
05756,05,SONSÓN,2021,36558.0,51.887,dane
05761,05,SOPETRÁN,2017,15057.0,56.665,dane
05761,05,SOPETRÁN,2018,15057.0,56.665,dane
05761,05,SOPETRÁN,2019,15332.0,56.424,dane
05761,05,SOPETRÁN,2020,15636.0,56.178,dane
05761,05,SOPETRÁN,2021,15845.0,55.79,dane
05789,05,TÁMESIS,2017,16276.0,55.462,dane
05789,05,TÁMESIS,2018,16276.0,55.462,dane
05789,05,TÁMESIS,2019,16426.0,54.864,dane
05789,05,TÁMESIS,2020,16585.0,54.254,dane
05789,05,TÁMESIS,2021,16624.0,53.796,dane
05790,05,TARAZÁ,2017,26960.0,53.064,dane
05790,05,TARAZÁ,2018,26960.0,53.064,dane
05790,05,TARAZÁ,2019,27375.0,51.828,dane
05790,05,TARAZÁ,2020,27804.0,50.633,dane
05790,05,TARAZÁ,2021,28134.0,50.092,dane
05792,05,TARSO,2017,6187.0,46.274,dane
05792,05,TARSO,2018,6187.0,46.274,dane
05792,05,TARSO,2019,6240.0,45.657,dane
05792,05,TARSO,2020,6316.0,45.092,dane
05792,05,TARSO,2021,6388.0,44.771,dane
05809,05,TITIRIBÍ,2017,10782.0,57.373,dane
05809,05,TITIRIBÍ,2018,10782.0,57.373,dane
05809,05,TITIRIBÍ,2019,10941.0,56.357,dane
05809,05,TITIRIBÍ,2020,11090.0,55.428,dane
05809,05,TITIRIBÍ,2021,11217.0,54.917,dane
05819,05,TOLEDO,2017,4993.0,66.012,dane
05819,05,TOLEDO,2018,4993.0,66.012,dane
05819,05,TOLEDO,2019,5011.0,65.516,dane
05819,05,TOLEDO,2020,5026.0,64.942,dane
05819,05,TOLEDO,2021,4993.0,64.63,dane
05837,05,TURBO,2017,124559.0,60.827,dane
05837,05,TURBO,2018,124559.0,60.827,dane
05837,05,TURBO,2019,126132.0,60.574,dane
05837,05,TURBO,2020,127888.0,60.315,dane
05837,05,TURBO,2021,128586.0,59.933,dane
05842,05,URAMITA,2017,6880.0,69.39,dane
05842,05,URAMITA,2018,6880.0,69.39,dane
05842,05,URAMITA,2019,7023.0,68.788,dane
05842,05,URAMITA,2020,7138.0,68.423,dane
05842,05,URAMITA,2021,7215.0,67.9,dane
05847,05,URRAO,2017,30136.0,47.146,dane
05847,05,URRAO,2018,30136.0,47.146,dane
05847,05,URRAO,2019,30463.0,46.739,dane
05847,05,URRAO,2020,30834.0,46.322,dane
05847,05,URRAO,2021,31123.0,45.937,dane
05854,05,VALDIVIA,2017,13798.0,73.619,dane
05854,05,VALDIVIA,2018,13798.0,73.619,dane
05854,05,VALDIVIA,2019,14068.0,73.031,dane
05854,05,VALDIVIA,2020,14361.0,72.502,dane
05854,05,VALDIVIA,2021,14497.0,72.001,dane
05856,05,VALPARAÍSO,2017,6512.0,43.996,dane
05856,05,VALPARAÍSO,2018,6512.0,43.996,dane
05856,05,VALPARAÍSO,2019,6553.0,43.385,dane
05856,05,VALPARAÍSO,2020,6597.0,42.671,dane
05856,05,VALPARAÍSO,2021,6632.0,42.295,dane
05858,05,VEGACHÍ,2017,11817.0,31.793,dane
05858,05,VEGACHÍ,2018,11817.0,31.793,dane
05858,05,VEGACHÍ,2019,11864.0,31.027,dane
05858,05,VEGACHÍ,2020,11921.0,30.241,dane
05858,05,VEGACHÍ,2021,12019.0,29.953,dane
05861,05,VENECIA,2017,11606.0,56.135,dane
05861,05,VENECIA,2018,11606.0,56.135,dane
05861,05,VENECIA,2019,11781.0,55.64,dane
05861,05,VENECIA,2020,11957.0,55.298,dane
05861,05,VENECIA,2021,12071.0,54.85,dane
05873,05,VIGÍA DEL FUERTE,2017,9089.0,65.937,dane
05873,05,VIGÍA DEL FUERTE,2018,9089.0,65.937,dane
05873,05,VIGÍA DEL FUERTE,2019,9488.0,65.578,dane
05873,05,VIGÍA DEL FUERTE,2020,9915.0,65.335,dane
05873,05,VIGÍA DEL FUERTE,2021,10239.0,64.889,dane
05885,05,YALÍ,2017,7606.0,52.774,dane
05885,05,YALÍ,2018,7606.0,52.774,dane
05885,05,YALÍ,2019,7653.0,52.555,dane
05885,05,YALÍ,2020,7736.0,52.223,dane
05885,05,YALÍ,2021,7744.0,51.911,dane
05887,05,YARUMAL,2017,41553.0,30.08,dane
05887,05,YARUMAL,2018,41553.0,30.08,dane
05887,05,YARUMAL,2019,41595.0,29.609,dane
05887,05,YARUMAL,2020,41708.0,29.11,dane
05887,05,YARUMAL,2021,41888.0,28.832,dane
05890,05,YOLOMBÓ,2017,22530.0,69.996,dane
05890,05,YOLOMBÓ,2018,22530.0,69.996,dane
05890,05,YOLOMBÓ,2019,23072.0,69.834,dane
05890,05,YOLOMBÓ,2020,23637.0,69.687,dane
05890,05,YOLOMBÓ,2021,23951.0,69.325,dane
05893,05,YONDÓ,2017,19043.0,49.372,dane
05893,05,YONDÓ,2018,19043.0,49.372,dane
05893,05,YONDÓ,2019,19531.0,49.014,dane
05893,05,YONDÓ,2020,20037.0,48.76,dane
05893,05,YONDÓ,2021,20471.0,48.381,dane
05895,05,ZARAGOZA,2017,24659.0,54.682,dane
05895,05,ZARAGOZA,2018,24659.0,54.682,dane
05895,05,ZARAGOZA,2019,25015.0,53.464,dane
05895,05,ZARAGOZA,2020,25434.0,52.276,dane
05895,05,ZARAGOZA,2021,25732.0,51.772,dane
08001,08,BARRANQUILLA,2017,1206322.0,0.086,dane
08001,08,BARRANQUILLA,2018,1206322.0,0.086,dane
08001,08,BARRANQUILLA,2019,1230835.0,0.073,dane
08001,08,BARRANQUILLA,2020,1260910.0,0.06,dane
08001,08,BARRANQUILLA,2021,1271797.0,0.059,dane
08078,08,BARANOA,2017,62371.0,17.082,dane
08078,08,BARANOA,2018,62371.0,17.082,dane
08078,08,BARANOA,2019,64550.0,16.798,dane
08078,08,BARANOA,2020,66927.0,16.536,dane
08078,08,BARANOA,2021,68800.0,16.408,dane
08137,08,CAMPO DE LA CRUZ,2017,22876.0,12.756,dane
08137,08,CAMPO DE LA CRUZ,2018,22876.0,12.756,dane
08137,08,CAMPO DE LA CRUZ,2019,23641.0,12.948,dane
08137,08,CAMPO DE LA CRUZ,2020,24454.0,13.102,dane
08137,08,CAMPO DE LA CRUZ,2021,25124.0,13.063,dane
08141,08,CANDELARIA,2017,15977.0,28.241,dane
08141,08,CANDELARIA,2018,15977.0,28.241,dane
08141,08,CANDELARIA,2019,16579.0,27.921,dane
08141,08,CANDELARIA,2020,17240.0,27.645,dane
08141,08,CANDELARIA,2021,17758.0,27.475,dane
08296,08,GALAPA,2017,60724.0,7.481,dane
08296,08,GALAPA,2018,60724.0,7.481,dane
08296,08,GALAPA,2019,62945.0,7.492,dane
08296,08,GALAPA,2020,65478.0,7.517,dane
08296,08,GALAPA,2021,66754.0,7.492,dane
08372,08,JUAN DE ACOSTA,2017,21005.0,37.643,dane
08372,08,JUAN DE ACOSTA,2018,21005.0,37.643,dane
08372,08,JUAN DE ACOSTA,2019,21596.0,37.132,dane
08372,08,JUAN DE ACOSTA,2020,22270.0,36.578,dane
08372,08,JUAN DE ACOSTA,2021,22748.0,36.399,dane
08421,08,LURUACO,2017,28173.0,49.434,dane
08421,08,LURUACO,2018,28173.0,49.434,dane
08421,08,LURUACO,2019,29047.0,48.948,dane
08421,08,LURUACO,2020,30001.0,48.512,dane
08421,08,LURUACO,2021,30713.0,48.24,dane
08433,08,MALAMBO,2017,128199.0,6.496,dane
08433,08,MALAMBO,2018,128199.0,6.496,dane
08433,08,MALAMBO,2019,133000.0,6.666,dane
08433,08,MALAMBO,2020,138416.0,6.843,dane
08433,08,MALAMBO,2021,141679.0,6.837,dane
08436,08,MANATÍ,2017,19803.0,11.67,dane
08436,08,MANATÍ,2018,19803.0,11.67,dane
08436,08,MANATÍ,2019,20521.0,11.72,dane
08436,08,MANATÍ,2020,21325.0,11.77,dane
08436,08,MANATÍ,2021,21908.0,11.685,dane
08520,08,PALMAR DE VARELA,2017,28928.0,4.186,dane
08520,08,PALMAR DE VARELA,2018,28928.0,4.186,dane
08520,08,PALMAR DE VARELA,2019,30007.0,4.059,dane
08520,08,PALMAR DE VARELA,2020,31160.0,3.979,dane
08520,08,PALMAR DE VARELA,2021,32090.0,3.898,dane
08549,08,PIOJÓ,2017,6609.0,57.407,dane
08549,08,PIOJÓ,2018,6609.0,57.407,dane
08549,08,PIOJÓ,2019,6830.0,56.999,dane
08549,08,PIOJÓ,2020,7079.0,56.378,dane
08549,08,PIOJÓ,2021,7272.0,56.161,dane
08558,08,POLONUEVO,2017,18187.0,16.913,dane
08558,08,POLONUEVO,2018,18187.0,16.913,dane
08558,08,POLONUEVO,2019,18749.0,16.694,dane
08558,08,POLONUEVO,2020,19368.0,16.491,dane
08558,08,POLONUEVO,2021,19836.0,16.319,dane
08560,08,PONEDERA,2017,23842.0,42.736,dane
08560,08,PONEDERA,2018,23842.0,42.736,dane
08560,08,PONEDERA,2019,24518.0,42.353,dane
08560,08,PONEDERA,2020,25284.0,42.038,dane
08560,08,PONEDERA,2021,25818.0,41.796,dane
08573,08,PUERTO COLOMBIA,2017,49250.0,13.107,dane
08573,08,PUERTO COLOMBIA,2018,49250.0,13.107,dane
08573,08,PUERTO COLOMBIA,2019,52086.0,13.046,dane
08573,08,PUERTO COLOMBIA,2020,55121.0,12.948,dane
08573,08,PUERTO COLOMBIA,2021,57267.0,12.918,dane
08606,08,REPELÓN,2017,26207.0,32.793,dane
08606,08,REPELÓN,2018,26207.0,32.793,dane
08606,08,REPELÓN,2019,26977.0,32.431,dane
08606,08,REPELÓN,2020,27800.0,32.086,dane
08606,08,REPELÓN,2021,28418.0,31.857,dane
08634,08,SABANAGRANDE,2017,32341.0,4.923,dane
08634,08,SABANAGRANDE,2018,32341.0,4.923,dane
08634,08,SABANAGRANDE,2019,33538.0,4.756,dane
08634,08,SABANAGRANDE,2020,34851.0,4.634,dane
08634,08,SABANAGRANDE,2021,35912.0,4.589,dane
08638,08,SABANALARGA,2017,93248.0,25.764,dane
08638,08,SABANALARGA,2018,93248.0,25.764,dane
08638,08,SABANALARGA,2019,95541.0,25.31,dane
08638,08,SABANALARGA,2020,98114.0,24.865,dane
08638,08,SABANALARGA,2021,99882.0,24.676,dane
08675,08,SANTA LUCÍA,2017,16030.0,14.672,dane
08675,08,SANTA LUCÍA,2018,16030.0,14.672,dane
08675,08,SANTA LUCÍA,2019,16629.0,14.385,dane
08675,08,SANTA LUCÍA,2020,17251.0,14.109,dane
08675,08,SANTA LUCÍA,2021,17792.0,13.956,dane
08685,08,SANTO TOMÁS,2017,29842.0,5.841,dane
08685,08,SANTO TOMÁS,2018,29842.0,5.841,dane
08685,08,SANTO TOMÁS,2019,30976.0,5.65,dane
08685,08,SANTO TOMÁS,2020,32228.0,5.523,dane
08685,08,SANTO TOMÁS,2021,33251.0,5.468,dane
08758,08,SOLEDAD,2017,603998.0,0.224,dane
08758,08,SOLEDAD,2018,603998.0,0.224,dane
08758,08,SOLEDAD,2019,627273.0,0.196,dane
08758,08,SOLEDAD,2020,653377.0,0.168,dane
08758,08,SOLEDAD,2021,670454.0,0.164,dane
08770,08,SUAN,2017,11937.0,5.797,dane
08770,08,SUAN,2018,11937.0,5.797,dane
08770,08,SUAN,2019,12350.0,5.903,dane
08770,08,SUAN,2020,12827.0,6.151,dane
08770,08,SUAN,2021,13192.0,6.064,dane
08832,08,TUBARÁ,2017,17376.0,49.534,dane
08832,08,TUBARÁ,2018,17376.0,49.534,dane
08832,08,TUBARÁ,2019,17949.0,49.279,dane
08832,08,TUBARÁ,2020,18586.0,48.913,dane
08832,08,TUBARÁ,2021,19036.0,48.692,dane
08849,08,USIACURÍ,2017,12261.0,7.071,dane
08849,08,USIACURÍ,2018,12261.0,7.071,dane
08849,08,USIACURÍ,2019,12771.0,6.82,dane
08849,08,USIACURÍ,2020,13321.0,6.561,dane
08849,08,USIACURÍ,2021,13795.0,6.575,dane
11001,11,"BOGOTÁ, D.C.",2017,7391056.0,0.336,dane
11001,11,"BOGOTÁ, D.C.",2018,7391056.0,0.336,dane
11001,11,"BOGOTÁ, D.C.",2019,7533202.0,0.342,dane
11001,11,"BOGOTÁ, D.C.",2020,7717564.0,0.35,dane
11001,11,"BOGOTÁ, D.C.",2021,7804920.0,0.355,dane
13001,13,CARTAGENA DE INDIAS,2017,973047.0,9.883,dane
13001,13,CARTAGENA DE INDIAS,2018,973047.0,9.883,dane
13001,13,CARTAGENA DE INDIAS,2019,984671.0,10.01,dane
13001,13,CARTAGENA DE INDIAS,2020,997946.0,10.138,dane
13001,13,CARTAGENA DE INDIAS,2021,1003943.0,10.24,dane
13006,13,ACHÍ,2017,24354.0,76.801,dane
13006,13,ACHÍ,2018,24354.0,76.801,dane
13006,13,ACHÍ,2019,24967.0,76.914,dane
13006,13,ACHÍ,2020,25651.0,76.995,dane
13006,13,ACHÍ,2021,26181.0,77.159,dane
13030,13,ALTOS DEL ROSARIO,2017,10967.0,63.472,dane
13030,13,ALTOS DEL ROSARIO,2018,10967.0,63.472,dane
13030,13,ALTOS DEL ROSARIO,2019,11186.0,64.259,dane
13030,13,ALTOS DEL ROSARIO,2020,11460.0,64.738,dane
13030,13,ALTOS DEL ROSARIO,2021,11514.0,64.947,dane
13042,13,ARENAL,2017,7348.0,38.841,dane
13042,13,ARENAL,2018,7348.0,38.841,dane
13042,13,ARENAL,2019,7634.0,39.416,dane
13042,13,ARENAL,2020,7922.0,39.636,dane
13042,13,ARENAL,2021,8105.0,39.803,dane
13052,13,ARJONA,2017,69506.0,20.674,dane
13052,13,ARJONA,2018,69506.0,20.674,dane
13052,13,ARJONA,2019,70362.0,20.537,dane
13052,13,ARJONA,2020,71355.0,20.416,dane
13052,13,ARJONA,2021,72050.0,20.547,dane
13062,13,ARROYOHONDO,2017,8249.0,42.878,dane
13062,13,ARROYOHONDO,2018,8249.0,42.878,dane
13062,13,ARROYOHONDO,2019,8332.0,42.931,dane
13062,13,ARROYOHONDO,2020,8483.0,43.157,dane
13062,13,ARROYOHONDO,2021,8507.0,43.07,dane
13074,13,BARRANCO DE LOBA,2017,14837.0,61.428,dane
13074,13,BARRANCO DE LOBA,2018,14837.0,61.428,dane
13074,13,BARRANCO DE LOBA,2019,15404.0,61.575,dane
13074,13,BARRANCO DE LOBA,2020,16041.0,61.779,dane
13074,13,BARRANCO DE LOBA,2021,16409.0,61.923,dane
13140,13,CALAMAR,2017,22476.0,43.42,dane
13140,13,CALAMAR,2018,22476.0,43.42,dane
13140,13,CALAMAR,2019,23019.0,43.199,dane
13140,13,CALAMAR,2020,23587.0,42.96,dane
13140,13,CALAMAR,2021,23961.0,42.932,dane
13160,13,CANTAGALLO,2017,8232.0,45.117,dane
13160,13,CANTAGALLO,2018,8232.0,45.117,dane
13160,13,CANTAGALLO,2019,8371.0,44.798,dane
13160,13,CANTAGALLO,2020,8543.0,44.633,dane
13160,13,CANTAGALLO,2021,8638.0,44.652,dane
13188,13,CICUCO,2017,13442.0,34.831,dane
13188,13,CICUCO,2018,13442.0,34.831,dane
13188,13,CICUCO,2019,13882.0,34.93,dane
13188,13,CICUCO,2020,14389.0,34.999,dane
13188,13,CICUCO,2021,14754.0,34.974,dane
13212,13,CÓRDOBA,2017,15954.0,73.649,dane
13212,13,CÓRDOBA,2018,15954.0,73.649,dane
13212,13,CÓRDOBA,2019,16431.0,74.122,dane
13212,13,CÓRDOBA,2020,16971.0,74.533,dane
13212,13,CÓRDOBA,2021,17317.0,74.863,dane
13222,13,CLEMENCIA,2017,14517.0,16.091,dane
13222,13,CLEMENCIA,2018,14517.0,16.091,dane
13222,13,CLEMENCIA,2019,14791.0,15.726,dane
13222,13,CLEMENCIA,2020,15122.0,15.428,dane
13222,13,CLEMENCIA,2021,15357.0,15.491,dane
13244,13,EL CARMEN DE BOLÍVAR,2017,70142.0,27.507,dane
13244,13,EL CARMEN DE BOLÍVAR,2018,70142.0,27.507,dane
13244,13,EL CARMEN DE BOLÍVAR,2019,71603.0,27.348,dane
13244,13,EL CARMEN DE BOLÍVAR,2020,73259.0,27.191,dane
13244,13,EL CARMEN DE BOLÍVAR,2021,74317.0,27.134,dane
13248,13,EL GUAMO,2017,8645.0,45.113,dane
13248,13,EL GUAMO,2018,8645.0,45.113,dane
13248,13,EL GUAMO,2019,8865.0,45.437,dane
13248,13,EL GUAMO,2020,9099.0,45.653,dane
13248,13,EL GUAMO,2021,9273.0,45.821,dane
13268,13,EL PEÑÓN,2017,7641.0,62.23,dane
13268,13,EL PEÑÓN,2018,7641.0,62.23,dane
13268,13,EL PEÑÓN,2019,7819.0,62.783,dane
13268,13,EL PEÑÓN,2020,8000.0,63.25,dane
13268,13,EL PEÑÓN,2021,8054.0,63.534,dane
13300,13,HATILLO DE LOBA,2017,12322.0,74.257,dane
13300,13,HATILLO DE LOBA,2018,12322.0,74.257,dane
13300,13,HATILLO DE LOBA,2019,12575.0,74.41,dane
13300,13,HATILLO DE LOBA,2020,12835.0,74.71,dane
13300,13,HATILLO DE LOBA,2021,13004.0,74.723,dane
13430,13,MAGANGUÉ,2017,133277.0,30.731,dane
13430,13,MAGANGUÉ,2018,133277.0,30.731,dane
13430,13,MAGANGUÉ,2019,136673.0,30.847,dane
13430,13,MAGANGUÉ,2020,140467.0,30.947,dane
13430,13,MAGANGUÉ,2021,143101.0,30.933,dane
13433,13,MAHATES,2017,27683.0,62.453,dane
13433,13,MAHATES,2018,27683.0,62.453,dane
13433,13,MAHATES,2019,28535.0,62.905,dane
13433,13,MAHATES,2020,29471.0,63.31,dane
13433,13,MAHATES,2021,30144.0,63.439,dane
13440,13,MARGARITA,2017,10665.0,82.588,dane
13440,13,MARGARITA,2018,10665.0,82.588,dane
13440,13,MARGARITA,2019,10920.0,82.94,dane
13440,13,MARGARITA,2020,11215.0,83.37,dane
13440,13,MARGARITA,2021,11386.0,83.62,dane
13442,13,MARÍA LA BAJA,2017,46114.0,55.643,dane
13442,13,MARÍA LA BAJA,2018,46114.0,55.643,dane
13442,13,MARÍA LA BAJA,2019,46894.0,55.798,dane
13442,13,MARÍA LA BAJA,2020,47821.0,55.913,dane
13442,13,MARÍA LA BAJA,2021,48305.0,55.92,dane
13458,13,MONTECRISTO,2017,16377.0,75.093,dane
13458,13,MONTECRISTO,2018,16377.0,75.093,dane
13458,13,MONTECRISTO,2019,16484.0,75.437,dane
13458,13,MONTECRISTO,2020,16626.0,75.719,dane
13458,13,MONTECRISTO,2021,16641.0,75.903,dane
13468,13,SANTA CRUZ DE MOMPOX,2017,44445.0,48.062,dane
13468,13,SANTA CRUZ DE MOMPOX,2018,44445.0,48.062,dane
13468,13,SANTA CRUZ DE MOMPOX,2019,45408.0,48.353,dane
13468,13,SANTA CRUZ DE MOMPOX,2020,46532.0,48.635,dane
13468,13,SANTA CRUZ DE MOMPOX,2021,47203.0,48.705,dane
13473,13,MORALES,2017,22255.0,67.234,dane
13473,13,MORALES,2018,22255.0,67.234,dane
13473,13,MORALES,2019,23096.0,67.743,dane
13473,13,MORALES,2020,24037.0,68.187,dane
13473,13,MORALES,2021,24554.0,68.364,dane
13490,13,NOROSÍ,2017,9211.0,74.878,dane
13490,13,NOROSÍ,2018,9211.0,74.878,dane
13490,13,NOROSÍ,2019,9917.0,75.497,dane
13490,13,NOROSÍ,2020,10666.0,76.074,dane
13490,13,NOROSÍ,2021,11213.0,76.286,dane
13549,13,PINILLOS,2017,24204.0,84.676,dane
13549,13,PINILLOS,2018,24204.0,84.676,dane
13549,13,PINILLOS,2019,24665.0,84.78,dane
13549,13,PINILLOS,2020,25165.0,84.951,dane
13549,13,PINILLOS,2021,25416.0,85.1,dane
13580,13,REGIDOR,2017,6731.0,37.275,dane
13580,13,REGIDOR,2018,6731.0,37.275,dane
13580,13,REGIDOR,2019,6955.0,37.426,dane
13580,13,REGIDOR,2020,7248.0,37.666,dane
13580,13,REGIDOR,2021,7414.0,37.807,dane
13600,13,RÍO VIEJO,2017,10605.0,52.164,dane
13600,13,RÍO VIEJO,2018,10605.0,52.164,dane
13600,13,RÍO VIEJO,2019,10989.0,51.943,dane
13600,13,RÍO VIEJO,2020,11422.0,51.83,dane
13600,13,RÍO VIEJO,2021,11692.0,51.976,dane
13620,13,SAN CRISTÓBAL,2017,8050.0,22.733,dane
13620,13,SAN CRISTÓBAL,2018,8050.0,22.733,dane
13620,13,SAN CRISTÓBAL,2019,8355.0,22.801,dane
13620,13,SAN CRISTÓBAL,2020,8632.0,22.868,dane
13620,13,SAN CRISTÓBAL,2021,8901.0,22.908,dane
13647,13,SAN ESTANISLAO,2017,18259.0,31.338,dane
13647,13,SAN ESTANISLAO,2018,18259.0,31.338,dane
13647,13,SAN ESTANISLAO,2019,18819.0,31.888,dane
13647,13,SAN ESTANISLAO,2020,19441.0,32.37,dane
13647,13,SAN ESTANISLAO,2021,19896.0,32.373,dane
13650,13,SAN FERNANDO,2017,12542.0,82.889,dane
13650,13,SAN FERNANDO,2018,12542.0,82.889,dane
13650,13,SAN FERNANDO,2019,12677.0,83.111,dane
13650,13,SAN FERNANDO,2020,12841.0,83.374,dane
13650,13,SAN FERNANDO,2021,12884.0,83.53,dane
13654,13,SAN JACINTO,2017,23923.0,13.401,dane
13654,13,SAN JACINTO,2018,23923.0,13.401,dane
13654,13,SAN JACINTO,2019,24584.0,13.517,dane
13654,13,SAN JACINTO,2020,25321.0,13.597,dane
13654,13,SAN JACINTO,2021,25844.0,13.585,dane
13655,13,SAN JACINTO DEL CAUCA,2017,9943.0,74.213,dane
13655,13,SAN JACINTO DEL CAUCA,2018,9943.0,74.213,dane
13655,13,SAN JACINTO DEL CAUCA,2019,10108.0,74.268,dane
13655,13,SAN JACINTO DEL CAUCA,2020,10286.0,74.344,dane
13655,13,SAN JACINTO DEL CAUCA,2021,10424.0,74.53,dane
13657,13,SAN JUAN NEPOMUCENO,2017,36871.0,25.749,dane
13657,13,SAN JUAN NEPOMUCENO,2018,36871.0,25.749,dane
13657,13,SAN JUAN NEPOMUCENO,2019,37936.0,25.775,dane
13657,13,SAN JUAN NEPOMUCENO,2020,39110.0,25.799,dane
13657,13,SAN JUAN NEPOMUCENO,2021,39972.0,25.773,dane
13667,13,SAN MARTÍN DE LOBA,2017,14771.0,52.244,dane
13667,13,SAN MARTÍN DE LOBA,2018,14771.0,52.244,dane
13667,13,SAN MARTÍN DE LOBA,2019,15137.0,52.045,dane
13667,13,SAN MARTÍN DE LOBA,2020,15560.0,51.774,dane
13667,13,SAN MARTÍN DE LOBA,2021,15723.0,51.949,dane
13670,13,SAN PABLO,2017,27182.0,23.398,dane
13670,13,SAN PABLO,2018,27182.0,23.398,dane
13670,13,SAN PABLO,2019,27641.0,21.978,dane
13670,13,SAN PABLO,2020,28162.0,20.592,dane
13670,13,SAN PABLO,2021,28462.0,20.476,dane
13673,13,SANTA CATALINA,2017,14557.0,61.105,dane
13673,13,SANTA CATALINA,2018,14557.0,61.105,dane
13673,13,SANTA CATALINA,2019,14589.0,60.361,dane
13673,13,SANTA CATALINA,2020,14650.0,59.706,dane
13673,13,SANTA CATALINA,2021,14830.0,59.933,dane
13683,13,SANTA ROSA,2017,20961.0,7.662,dane
13683,13,SANTA ROSA,2018,20961.0,7.662,dane
13683,13,SANTA ROSA,2019,21326.0,8.084,dane
13683,13,SANTA ROSA,2020,21718.0,8.445,dane
13683,13,SANTA ROSA,2021,21952.0,8.555,dane
13688,13,SANTA ROSA DEL SUR,2017,32660.0,41.142,dane
13688,13,SANTA ROSA DEL SUR,2018,32660.0,41.142,dane
13688,13,SANTA ROSA DEL SUR,2019,32969.0,40.329,dane
13688,13,SANTA ROSA DEL SUR,2020,33382.0,39.551,dane
13688,13,SANTA ROSA DEL SUR,2021,33546.0,39.471,dane
13744,13,SIMITÍ,2017,18122.0,66.477,dane
13744,13,SIMITÍ,2018,18122.0,66.477,dane
13744,13,SIMITÍ,2019,18265.0,66.636,dane
13744,13,SIMITÍ,2020,18453.0,66.818,dane
13744,13,SIMITÍ,2021,18541.0,66.895,dane
13760,13,SOPLAVIENTO,2017,10658.0,1.848,dane
13760,13,SOPLAVIENTO,2018,10658.0,1.848,dane
13760,13,SOPLAVIENTO,2019,11054.0,1.836,dane
13760,13,SOPLAVIENTO,2020,11505.0,1.808,dane
13760,13,SOPLAVIENTO,2021,11862.0,1.821,dane
13780,13,TALAIGUA NUEVO,2017,13096.0,52.138,dane
13780,13,TALAIGUA NUEVO,2018,13096.0,52.138,dane
13780,13,TALAIGUA NUEVO,2019,13498.0,52.052,dane
13780,13,TALAIGUA NUEVO,2020,13937.0,51.855,dane
13780,13,TALAIGUA NUEVO,2021,14245.0,51.899,dane
13810,13,TIQUISIO,2017,18036.0,65.807,dane
13810,13,TIQUISIO,2018,18036.0,65.807,dane
13810,13,TIQUISIO,2019,18241.0,65.764,dane
13810,13,TIQUISIO,2020,18517.0,65.718,dane
13810,13,TIQUISIO,2021,18604.0,65.782,dane
13836,13,TURBACO,2017,105166.0,7.488,dane
13836,13,TURBACO,2018,105166.0,7.488,dane
13836,13,TURBACO,2019,109191.0,7.622,dane
13836,13,TURBACO,2020,113394.0,7.743,dane
13836,13,TURBACO,2021,116684.0,7.814,dane
13838,13,TURBANÁ,2017,16396.0,24.28,dane
13838,13,TURBANÁ,2018,16396.0,24.28,dane
13838,13,TURBANÁ,2019,16653.0,24.056,dane
13838,13,TURBANÁ,2020,16952.0,23.968,dane
13838,13,TURBANÁ,2021,17189.0,24.108,dane
13873,13,VILLANUEVA,2017,23773.0,12.624,dane
13873,13,VILLANUEVA,2018,23773.0,12.624,dane
13873,13,VILLANUEVA,2019,24732.0,12.995,dane
13873,13,VILLANUEVA,2020,25753.0,13.292,dane
13873,13,VILLANUEVA,2021,26589.0,13.299,dane
13894,13,ZAMBRANO,2017,11871.0,11.465,dane
13894,13,ZAMBRANO,2018,11871.0,11.465,dane
13894,13,ZAMBRANO,2019,12189.0,12.126,dane
13894,13,ZAMBRANO,2020,12514.0,12.562,dane
13894,13,ZAMBRANO,2021,12751.0,12.603,dane
15001,15,TUNJA,2017,174101.0,4.914,dane
15001,15,TUNJA,2018,174101.0,4.914,dane
15001,15,TUNJA,2019,176904.0,4.667,dane
15001,15,TUNJA,2020,178975.0,4.478,dane
15001,15,TUNJA,2021,181676.0,4.434,dane
15022,15,ALMEIDA,2017,1893.0,83.36,dane
15022,15,ALMEIDA,2018,1893.0,83.36,dane
15022,15,ALMEIDA,2019,1886.0,81.972,dane
15022,15,ALMEIDA,2020,1889.0,81.048,dane
15022,15,ALMEIDA,2021,1882.0,80.499,dane
15047,15,AQUITANIA,2017,15339.0,61.934,dane
15047,15,AQUITANIA,2018,15339.0,61.934,dane
15047,15,AQUITANIA,2019,15378.0,61.178,dane
15047,15,AQUITANIA,2020,15528.0,60.768,dane
15047,15,AQUITANIA,2021,15506.0,60.377,dane
15051,15,ARCABUCO,2017,5816.0,58.717,dane
15051,15,ARCABUCO,2018,5816.0,58.717,dane
15051,15,ARCABUCO,2019,5935.0,57.995,dane
15051,15,ARCABUCO,2020,6080.0,57.812,dane
15051,15,ARCABUCO,2021,6151.0,57.617,dane
15087,15,BELÉN,2017,7499.0,39.339,dane
15087,15,BELÉN,2018,7499.0,39.339,dane
15087,15,BELÉN,2019,7529.0,38.571,dane
15087,15,BELÉN,2020,7603.0,38.301,dane
15087,15,BELÉN,2021,7622.0,37.956,dane
15090,15,BERBEO,2017,1569.0,74.442,dane
15090,15,BERBEO,2018,1569.0,74.442,dane
15090,15,BERBEO,2019,1600.0,74.312,dane
15090,15,BERBEO,2020,1607.0,73.055,dane
15090,15,BERBEO,2021,1619.0,72.452,dane
15092,15,BETÉITIVA,2017,1937.0,83.48,dane
15092,15,BETÉITIVA,2018,1937.0,83.48,dane
15092,15,BETÉITIVA,2019,1922.0,82.414,dane
15092,15,BETÉITIVA,2020,1936.0,81.767,dane
15092,15,BETÉITIVA,2021,1902.0,81.546,dane
15097,15,BOAVITA,2017,5059.0,53.943,dane
15097,15,BOAVITA,2018,5059.0,53.943,dane
15097,15,BOAVITA,2019,5087.0,52.664,dane
15097,15,BOAVITA,2020,5124.0,52.049,dane
15097,15,BOAVITA,2021,5153.0,51.873,dane
15104,15,BOYACÁ,2017,5040.0,84.702,dane
15104,15,BOYACÁ,2018,5040.0,84.702,dane
15104,15,BOYACÁ,2019,5107.0,84.042,dane
15104,15,BOYACÁ,2020,5190.0,83.719,dane
15104,15,BOYACÁ,2021,5233.0,83.375,dane
15106,15,BRICEÑO,2017,2173.0,77.497,dane
15106,15,BRICEÑO,2018,2173.0,77.497,dane
15106,15,BRICEÑO,2019,2210.0,76.335,dane
15106,15,BRICEÑO,2020,2235.0,76.331,dane
15106,15,BRICEÑO,2021,2237.0,75.861,dane
15109,15,BUENAVISTA,2017,4393.0,82.404,dane
15109,15,BUENAVISTA,2018,4393.0,82.404,dane
15109,15,BUENAVISTA,2019,4419.0,81.806,dane
15109,15,BUENAVISTA,2020,4476.0,81.233,dane
15109,15,BUENAVISTA,2021,4486.0,80.985,dane
15114,15,BUSBANZÁ,2017,1112.0,60.612,dane
15114,15,BUSBANZÁ,2018,1112.0,60.612,dane
15114,15,BUSBANZÁ,2019,1154.0,59.965,dane
15114,15,BUSBANZÁ,2020,1188.0,60.522,dane
15114,15,BUSBANZÁ,2021,1207.0,60.149,dane
15131,15,CALDAS,2017,3117.0,91.915,dane
15131,15,CALDAS,2018,3117.0,91.915,dane
15131,15,CALDAS,2019,3087.0,91.383,dane
15131,15,CALDAS,2020,3076.0,91.06,dane
15131,15,CALDAS,2021,3032.0,90.666,dane
15135,15,CAMPOHERMOSO,2017,3102.0,75.145,dane
15135,15,CAMPOHERMOSO,2018,3102.0,75.145,dane
15135,15,CAMPOHERMOSO,2019,3137.0,74.02,dane
15135,15,CAMPOHERMOSO,2020,3167.0,73.445,dane
15135,15,CAMPOHERMOSO,2021,3182.0,72.847,dane
15162,15,CERINZA,2017,3710.0,54.744,dane
15162,15,CERINZA,2018,3710.0,54.744,dane
15162,15,CERINZA,2019,3704.0,54.131,dane
15162,15,CERINZA,2020,3693.0,53.886,dane
15162,15,CERINZA,2021,3678.0,53.67,dane
15172,15,CHINAVITA,2017,3185.0,61.193,dane
15172,15,CHINAVITA,2018,3185.0,61.193,dane
15172,15,CHINAVITA,2019,3208.0,60.599,dane
15172,15,CHINAVITA,2020,3191.0,60.357,dane
15172,15,CHINAVITA,2021,3170.0,60.252,dane
15176,15,CHIQUINQUIRÁ,2017,56458.0,12.322,dane
15176,15,CHIQUINQUIRÁ,2018,56458.0,12.322,dane
15176,15,CHIQUINQUIRÁ,2019,56930.0,12.06,dane
15176,15,CHIQUINQUIRÁ,2020,57221.0,11.922,dane
15176,15,CHIQUINQUIRÁ,2021,57591.0,11.814,dane
15180,15,CHISCAS,2017,3964.0,77.548,dane
15180,15,CHISCAS,2018,3964.0,77.548,dane
15180,15,CHISCAS,2019,4003.0,77.117,dane
15180,15,CHISCAS,2020,4060.0,76.552,dane
15180,15,CHISCAS,2021,4070.0,76.314,dane
15183,15,CHITA,2017,7992.0,75.1,dane
15183,15,CHITA,2018,7992.0,75.1,dane
15183,15,CHITA,2019,8064.0,74.219,dane
15183,15,CHITA,2020,8168.0,73.617,dane
15183,15,CHITA,2021,8180.0,73.325,dane
15185,15,CHITARAQUE,2017,5802.0,79.731,dane
15185,15,CHITARAQUE,2018,5802.0,79.731,dane
15185,15,CHITARAQUE,2019,5852.0,78.879,dane
15185,15,CHITARAQUE,2020,5914.0,78.728,dane
15185,15,CHITARAQUE,2021,5933.0,78.291,dane
15187,15,CHIVATÁ,2017,2771.0,82.678,dane
15187,15,CHIVATÁ,2018,2771.0,82.678,dane
15187,15,CHIVATÁ,2019,2786.0,81.981,dane
15187,15,CHIVATÁ,2020,2831.0,81.491,dane
15187,15,CHIVATÁ,2021,2833.0,81.574,dane
15189,15,CIÉNEGA,2017,4601.0,73.593,dane
15189,15,CIÉNEGA,2018,4601.0,73.593,dane
15189,15,CIÉNEGA,2019,4624.0,72.686,dane
15189,15,CIÉNEGA,2020,4645.0,72.357,dane
15189,15,CIÉNEGA,2021,4631.0,72.123,dane
15204,15,CÓMBITA,2017,12881.0,89.892,dane
15204,15,CÓMBITA,2018,12881.0,89.892,dane
15204,15,CÓMBITA,2019,12995.0,89.288,dane
15204,15,CÓMBITA,2020,13241.0,88.906,dane
15204,15,CÓMBITA,2021,13329.0,88.514,dane
15212,15,COPER,2017,3578.0,75.992,dane
15212,15,COPER,2018,3578.0,75.992,dane
15212,15,COPER,2019,3590.0,74.903,dane
15212,15,COPER,2020,3612.0,74.252,dane
15212,15,COPER,2021,3578.0,74.064,dane
15215,15,CORRALES,2017,2493.0,36.984,dane
15215,15,CORRALES,2018,2493.0,36.984,dane
15215,15,CORRALES,2019,2515.0,36.581,dane
15215,15,CORRALES,2020,2540.0,36.732,dane
15215,15,CORRALES,2021,2539.0,36.51,dane
15218,15,COVARACHÍA,2017,2785.0,82.047,dane
15218,15,COVARACHÍA,2018,2785.0,82.047,dane
15218,15,COVARACHÍA,2019,2815.0,81.279,dane
15218,15,COVARACHÍA,2020,2845.0,80.879,dane
15218,15,COVARACHÍA,2021,2856.0,80.357,dane
15223,15,CUBARÁ,2017,10314.0,78.864,dane
15223,15,CUBARÁ,2018,10314.0,78.864,dane
15223,15,CUBARÁ,2019,10870.0,78.473,dane
15223,15,CUBARÁ,2020,11461.0,78.117,dane
15223,15,CUBARÁ,2021,11898.0,77.719,dane
15224,15,CUCAITA,2017,3724.0,60.446,dane
15224,15,CUCAITA,2018,3724.0,60.446,dane
15224,15,CUCAITA,2019,3738.0,59.738,dane
15224,15,CUCAITA,2020,3793.0,59.214,dane
15224,15,CUCAITA,2021,3792.0,58.94,dane
15226,15,CUÍTIVA,2017,1793.0,84.997,dane
15226,15,CUÍTIVA,2018,1793.0,84.997,dane
15226,15,CUÍTIVA,2019,1786.0,85.554,dane
15226,15,CUÍTIVA,2020,1830.0,84.809,dane
15226,15,CUÍTIVA,2021,1826.0,85.159,dane
15232,15,CHÍQUIZA,2017,4631.0,92.874,dane
15232,15,CHÍQUIZA,2018,4631.0,92.874,dane
15232,15,CHÍQUIZA,2019,4667.0,92.265,dane
15232,15,CHÍQUIZA,2020,4736.0,91.913,dane
15232,15,CHÍQUIZA,2021,4784.0,91.451,dane
15236,15,CHIVOR,2017,2470.0,71.984,dane
15236,15,CHIVOR,2018,2470.0,71.984,dane
15236,15,CHIVOR,2019,2511.0,71.924,dane
15236,15,CHIVOR,2020,2564.0,71.958,dane
15236,15,CHIVOR,2021,2585.0,71.915,dane
15238,15,DUITAMA,2017,123361.0,11.957,dane
15238,15,DUITAMA,2018,123361.0,11.957,dane
15238,15,DUITAMA,2019,125538.0,11.59,dane
15238,15,DUITAMA,2020,127363.0,11.393,dane
15238,15,DUITAMA,2021,129463.0,11.287,dane
15244,15,EL COCUY,2017,4204.0,47.05,dane
15244,15,EL COCUY,2018,4204.0,47.05,dane
15244,15,EL COCUY,2019,4232.0,46.337,dane
15244,15,EL COCUY,2020,4283.0,45.972,dane
15244,15,EL COCUY,2021,4282.0,45.866,dane
15248,15,EL ESPINO,2017,3062.0,55.062,dane
15248,15,EL ESPINO,2018,3062.0,55.062,dane
15248,15,EL ESPINO,2019,3083.0,54.525,dane
15248,15,EL ESPINO,2020,3089.0,54.257,dane
15248,15,EL ESPINO,2021,3122.0,54.1,dane
15272,15,FIRAVITOBA,2017,6637.0,62.076,dane
15272,15,FIRAVITOBA,2018,6637.0,62.076,dane
15272,15,FIRAVITOBA,2019,6743.0,61.738,dane
15272,15,FIRAVITOBA,2020,6859.0,61.715,dane
15272,15,FIRAVITOBA,2021,6921.0,61.364,dane
15276,15,FLORESTA,2017,3250.0,64.185,dane
15276,15,FLORESTA,2018,3250.0,64.185,dane
15276,15,FLORESTA,2019,3267.0,63.3,dane
15276,15,FLORESTA,2020,3315.0,62.534,dane
15276,15,FLORESTA,2021,3328.0,62.29,dane
15293,15,GACHANTIVÁ,2017,2771.0,79.646,dane
15293,15,GACHANTIVÁ,2018,2771.0,79.646,dane
15293,15,GACHANTIVÁ,2019,2800.0,78.75,dane
15293,15,GACHANTIVÁ,2020,2812.0,78.627,dane
15293,15,GACHANTIVÁ,2021,2807.0,78.126,dane
15296,15,GÁMEZA,2017,4826.0,72.234,dane
15296,15,GÁMEZA,2018,4826.0,72.234,dane
15296,15,GÁMEZA,2019,4809.0,71.782,dane
15296,15,GÁMEZA,2020,4832.0,71.751,dane
15296,15,GÁMEZA,2021,4802.0,71.512,dane
15299,15,GARAGOA,2017,18005.0,30.664,dane
15299,15,GARAGOA,2018,18005.0,30.664,dane
15299,15,GARAGOA,2019,18265.0,30.03,dane
15299,15,GARAGOA,2020,18534.0,29.767,dane
15299,15,GARAGOA,2021,18764.0,29.519,dane
15317,15,GUACAMAYAS,2017,1844.0,66.106,dane
15317,15,GUACAMAYAS,2018,1844.0,66.106,dane
15317,15,GUACAMAYAS,2019,1860.0,65.591,dane
15317,15,GUACAMAYAS,2020,1860.0,65.108,dane
15317,15,GUACAMAYAS,2021,1847.0,64.537,dane
15322,15,GUATEQUE,2017,10737.0,28.276,dane
15322,15,GUATEQUE,2018,10737.0,28.276,dane
15322,15,GUATEQUE,2019,10887.0,28.089,dane
15322,15,GUATEQUE,2020,10998.0,28.178,dane
15322,15,GUATEQUE,2021,11116.0,28.068,dane
15325,15,GUAYATÁ,2017,3377.0,66.923,dane
15325,15,GUAYATÁ,2018,3377.0,66.923,dane
15325,15,GUAYATÁ,2019,3425.0,65.985,dane
15325,15,GUAYATÁ,2020,3424.0,65.654,dane
15325,15,GUAYATÁ,2021,3457.0,65.461,dane
15332,15,GÜICÁN DE LA SIERRA,2017,4262.0,67.832,dane
15332,15,GÜICÁN DE LA SIERRA,2018,4262.0,67.832,dane
15332,15,GÜICÁN DE LA SIERRA,2019,4282.0,67.445,dane
15332,15,GÜICÁN DE LA SIERRA,2020,4337.0,67.489,dane
15332,15,GÜICÁN DE LA SIERRA,2021,4352.0,67.325,dane
15362,15,IZA,2017,1939.0,39.917,dane
15362,15,IZA,2018,1939.0,39.917,dane
15362,15,IZA,2019,1952.0,39.344,dane
15362,15,IZA,2020,1963.0,39.124,dane
15362,15,IZA,2021,1956.0,38.65,dane
15367,15,JENESANO,2017,7164.0,76.033,dane
15367,15,JENESANO,2018,7164.0,76.033,dane
15367,15,JENESANO,2019,7205.0,75.461,dane
15367,15,JENESANO,2020,7326.0,74.966,dane
15367,15,JENESANO,2021,7360.0,74.538,dane
15368,15,JERICÓ,2017,3909.0,69.02,dane
15368,15,JERICÓ,2018,3909.0,69.02,dane
15368,15,JERICÓ,2019,3929.0,68.083,dane
15368,15,JERICÓ,2020,3987.0,67.218,dane
15368,15,JERICÓ,2021,3994.0,66.925,dane
15377,15,LABRANZAGRANDE,2017,3530.0,68.159,dane
15377,15,LABRANZAGRANDE,2018,3530.0,68.159,dane
15377,15,LABRANZAGRANDE,2019,3581.0,67.104,dane
15377,15,LABRANZAGRANDE,2020,3632.0,66.052,dane
15377,15,LABRANZAGRANDE,2021,3678.0,65.552,dane
15380,15,LA CAPILLA,2017,2689.0,61.993,dane
15380,15,LA CAPILLA,2018,2689.0,61.993,dane
15380,15,LA CAPILLA,2019,2673.0,61.055,dane
15380,15,LA CAPILLA,2020,2677.0,60.59,dane
15380,15,LA CAPILLA,2021,2649.0,60.362,dane
15401,15,LA VICTORIA,2017,1125.0,63.733,dane
15401,15,LA VICTORIA,2018,1125.0,63.733,dane
15401,15,LA VICTORIA,2019,1116.0,62.634,dane
15401,15,LA VICTORIA,2020,1116.0,62.455,dane
15401,15,LA VICTORIA,2021,1138.0,61.951,dane
15403,15,LA UVITA,2017,2990.0,56.656,dane
15403,15,LA UVITA,2018,2990.0,56.656,dane
15403,15,LA UVITA,2019,2980.0,55.604,dane
15403,15,LA UVITA,2020,2969.0,54.598,dane
15403,15,LA UVITA,2021,2952.0,54.234,dane
15407,15,VILLA DE LEYVA,2017,16117.0,50.543,dane
15407,15,VILLA DE LEYVA,2018,16117.0,50.543,dane
15407,15,VILLA DE LEYVA,2019,16673.0,50.147,dane
15407,15,VILLA DE LEYVA,2020,17233.0,50.084,dane
15407,15,VILLA DE LEYVA,2021,17729.0,49.8,dane
15425,15,MACANAL,2017,4943.0,76.876,dane
15425,15,MACANAL,2018,4943.0,76.876,dane
15425,15,MACANAL,2019,5021.0,76.14,dane
15425,15,MACANAL,2020,5124.0,75.781,dane
15425,15,MACANAL,2021,5166.0,75.455,dane
15442,15,MARIPÍ,2017,5705.0,86.293,dane
15442,15,MARIPÍ,2018,5705.0,86.293,dane
15442,15,MARIPÍ,2019,5744.0,85.62,dane
15442,15,MARIPÍ,2020,5834.0,85.139,dane
15442,15,MARIPÍ,2021,5845.0,84.893,dane
15455,15,MIRAFLORES,2017,8856.0,39.95,dane
15455,15,MIRAFLORES,2018,8856.0,39.95,dane
15455,15,MIRAFLORES,2019,8915.0,39.192,dane
15455,15,MIRAFLORES,2020,8975.0,38.852,dane
15455,15,MIRAFLORES,2021,9014.0,38.584,dane
15464,15,MONGUA,2017,4634.0,56.431,dane
15464,15,MONGUA,2018,4634.0,56.431,dane
15464,15,MONGUA,2019,4629.0,56.211,dane
15464,15,MONGUA,2020,4641.0,55.915,dane
15464,15,MONGUA,2021,4641.0,55.484,dane
15466,15,MONGUÍ,2017,4242.0,44.46,dane
15466,15,MONGUÍ,2018,4242.0,44.46,dane
15466,15,MONGUÍ,2019,4258.0,44.833,dane
15466,15,MONGUÍ,2020,4297.0,45.404,dane
15466,15,MONGUÍ,2021,4300.0,45.186,dane
15469,15,MONIQUIRÁ,2017,22564.0,48.334,dane
15469,15,MONIQUIRÁ,2018,22564.0,48.334,dane
15469,15,MONIQUIRÁ,2019,22830.0,47.7,dane
15469,15,MONIQUIRÁ,2020,23146.0,47.412,dane
15469,15,MONIQUIRÁ,2021,23348.0,47.139,dane
15476,15,MOTAVITA,2017,5520.0,86.413,dane
15476,15,MOTAVITA,2018,5520.0,86.413,dane
15476,15,MOTAVITA,2019,5508.0,85.566,dane
15476,15,MOTAVITA,2020,5539.0,85.015,dane
15476,15,MOTAVITA,2021,5463.0,84.66,dane
15480,15,MUZO,2017,8623.0,36.843,dane
15480,15,MUZO,2018,8623.0,36.843,dane
15480,15,MUZO,2019,8568.0,35.236,dane
15480,15,MUZO,2020,8550.0,34.246,dane
15480,15,MUZO,2021,8485.0,33.978,dane
15491,15,NOBSA,2017,15904.0,68.039,dane
15491,15,NOBSA,2018,15904.0,68.039,dane
15491,15,NOBSA,2019,16159.0,67.424,dane
15491,15,NOBSA,2020,16444.0,67.18,dane
15491,15,NOBSA,2021,16612.0,66.837,dane
15494,15,NUEVO COLÓN,2017,5096.0,80.102,dane
15494,15,NUEVO COLÓN,2018,5096.0,80.102,dane
15494,15,NUEVO COLÓN,2019,5126.0,79.614,dane
15494,15,NUEVO COLÓN,2020,5212.0,78.991,dane
15494,15,NUEVO COLÓN,2021,5216.0,78.758,dane
15500,15,OICATÁ,2017,2809.0,85.546,dane
15500,15,OICATÁ,2018,2809.0,85.546,dane
15500,15,OICATÁ,2019,2827.0,85.214,dane
15500,15,OICATÁ,2020,2869.0,84.699,dane
15500,15,OICATÁ,2021,2900.0,84.138,dane
15507,15,OTANCHE,2017,8002.0,56.423,dane
15507,15,OTANCHE,2018,8002.0,56.423,dane
15507,15,OTANCHE,2019,8041.0,55.491,dane
15507,15,OTANCHE,2020,8144.0,54.875,dane
15507,15,OTANCHE,2021,8149.0,54.485,dane
15511,15,PACHAVITA,2017,2438.0,78.63,dane
15511,15,PACHAVITA,2018,2438.0,78.63,dane
15511,15,PACHAVITA,2019,2441.0,77.96,dane
15511,15,PACHAVITA,2020,2436.0,77.34,dane
15511,15,PACHAVITA,2021,2416.0,77.028,dane
15514,15,PÁEZ,2017,3272.0,58.313,dane
15514,15,PÁEZ,2018,3272.0,58.313,dane
15514,15,PÁEZ,2019,3286.0,57.212,dane
15514,15,PÁEZ,2020,3343.0,56.835,dane
15514,15,PÁEZ,2021,3357.0,56.181,dane
15516,15,PAIPA,2017,33587.0,39.798,dane
15516,15,PAIPA,2018,33587.0,39.798,dane
15516,15,PAIPA,2019,34414.0,39.013,dane
15516,15,PAIPA,2020,35217.0,38.618,dane
15516,15,PAIPA,2021,35949.0,38.354,dane
15518,15,PAJARITO,2017,2375.0,59.958,dane
15518,15,PAJARITO,2018,2375.0,59.958,dane
15518,15,PAJARITO,2019,2371.0,59.131,dane
15518,15,PAJARITO,2020,2352.0,58.163,dane
15518,15,PAJARITO,2021,2324.0,57.616,dane
15522,15,PANQUEBA,2017,1711.0,52.25,dane
15522,15,PANQUEBA,2018,1711.0,52.25,dane
15522,15,PANQUEBA,2019,1715.0,51.137,dane
15522,15,PANQUEBA,2020,1726.0,50.406,dane
15522,15,PANQUEBA,2021,1731.0,50.78,dane
15531,15,PAUNA,2017,7154.0,70.632,dane
15531,15,PAUNA,2018,7154.0,70.632,dane
15531,15,PAUNA,2019,7199.0,70.01,dane
15531,15,PAUNA,2020,7293.0,69.546,dane
15531,15,PAUNA,2021,7316.0,69.109,dane
15533,15,PAYA,2017,2583.0,81.611,dane
15533,15,PAYA,2018,2583.0,81.611,dane
15533,15,PAYA,2019,2623.0,80.785,dane
15533,15,PAYA,2020,2674.0,80.292,dane
15533,15,PAYA,2021,2699.0,79.77,dane
15537,15,PAZ DE RÍO,2017,4285.0,34.469,dane
15537,15,PAZ DE RÍO,2018,4285.0,34.469,dane
15537,15,PAZ DE RÍO,2019,4311.0,33.96,dane
15537,15,PAZ DE RÍO,2020,4351.0,34.038,dane
15537,15,PAZ DE RÍO,2021,4366.0,33.761,dane
15542,15,PESCA,2017,6809.0,66.838,dane
15542,15,PESCA,2018,6809.0,66.838,dane
15542,15,PESCA,2019,6864.0,66.128,dane
15542,15,PESCA,2020,6949.0,65.88,dane
15542,15,PESCA,2021,6968.0,65.442,dane
15550,15,PISBA,2017,1755.0,69.288,dane
15550,15,PISBA,2018,1755.0,69.288,dane
15550,15,PISBA,2019,1777.0,69.33,dane
15550,15,PISBA,2020,1846.0,68.472,dane
15550,15,PISBA,2021,1866.0,68.596,dane
15572,15,PUERTO BOYACÁ,2017,46921.0,28.983,dane
15572,15,PUERTO BOYACÁ,2018,46921.0,28.983,dane
15572,15,PUERTO BOYACÁ,2019,47185.0,28.503,dane
15572,15,PUERTO BOYACÁ,2020,47447.0,28.288,dane
15572,15,PUERTO BOYACÁ,2021,47641.0,28.104,dane
15580,15,QUÍPAMA,2017,4868.0,72.514,dane
15580,15,QUÍPAMA,2018,4868.0,72.514,dane
15580,15,QUÍPAMA,2019,4899.0,71.892,dane
15580,15,QUÍPAMA,2020,4951.0,71.541,dane
15580,15,QUÍPAMA,2021,4971.0,71.193,dane
15599,15,RAMIRIQUÍ,2017,9861.0,58.493,dane
15599,15,RAMIRIQUÍ,2018,9861.0,58.493,dane
15599,15,RAMIRIQUÍ,2019,9916.0,57.906,dane
15599,15,RAMIRIQUÍ,2020,10031.0,57.572,dane
15599,15,RAMIRIQUÍ,2021,10087.0,57.272,dane
15600,15,RÁQUIRA,2017,7822.0,71.465,dane
15600,15,RÁQUIRA,2018,7822.0,71.465,dane
15600,15,RÁQUIRA,2019,7883.0,70.049,dane
15600,15,RÁQUIRA,2020,7983.0,69.084,dane
15600,15,RÁQUIRA,2021,8023.0,68.366,dane
15621,15,RONDÓN,2017,2395.0,74.53,dane
15621,15,RONDÓN,2018,2395.0,74.53,dane
15621,15,RONDÓN,2019,2413.0,73.767,dane
15621,15,RONDÓN,2020,2443.0,73.025,dane
15621,15,RONDÓN,2021,2451.0,72.623,dane
15632,15,SABOYÁ,2017,13449.0,92.609,dane
15632,15,SABOYÁ,2018,13449.0,92.609,dane
15632,15,SABOYÁ,2019,13662.0,92.11,dane
15632,15,SABOYÁ,2020,13978.0,91.744,dane
15632,15,SABOYÁ,2021,14124.0,91.369,dane
15638,15,SÁCHICA,2017,5444.0,52.241,dane
15638,15,SÁCHICA,2018,5444.0,52.241,dane
15638,15,SÁCHICA,2019,5601.0,51.937,dane
15638,15,SÁCHICA,2020,5780.0,51.765,dane
15638,15,SÁCHICA,2021,5913.0,51.429,dane
15646,15,SAMACÁ,2017,18240.0,60.8,dane
15646,15,SAMACÁ,2018,18240.0,60.8,dane
15646,15,SAMACÁ,2019,18478.0,60.201,dane
15646,15,SAMACÁ,2020,18794.0,59.939,dane
15646,15,SAMACÁ,2021,18953.0,59.553,dane
15660,15,SAN EDUARDO,2017,1697.0,57.101,dane
15660,15,SAN EDUARDO,2018,1697.0,57.101,dane
15660,15,SAN EDUARDO,2019,1709.0,55.061,dane
15660,15,SAN EDUARDO,2020,1717.0,53.931,dane
15660,15,SAN EDUARDO,2021,1705.0,53.783,dane
15664,15,SAN JOSÉ DE PARE,2017,4961.0,79.923,dane
15664,15,SAN JOSÉ DE PARE,2018,4961.0,79.923,dane
15664,15,SAN JOSÉ DE PARE,2019,4958.0,79.488,dane
15664,15,SAN JOSÉ DE PARE,2020,4972.0,79.063,dane
15664,15,SAN JOSÉ DE PARE,2021,4955.0,78.708,dane
15667,15,SAN LUIS DE GACENO,2017,5477.0,54.939,dane
15667,15,SAN LUIS DE GACENO,2018,5477.0,54.939,dane
15667,15,SAN LUIS DE GACENO,2019,5470.0,54.589,dane
15667,15,SAN LUIS DE GACENO,2020,5500.0,54.491,dane
15667,15,SAN LUIS DE GACENO,2021,5460.0,54.066,dane
15673,15,SAN MATEO,2017,3317.0,64.576,dane
15673,15,SAN MATEO,2018,3317.0,64.576,dane
15673,15,SAN MATEO,2019,3334.0,63.287,dane
15673,15,SAN MATEO,2020,3390.0,62.655,dane
15673,15,SAN MATEO,2021,3392.0,62.235,dane
15676,15,SAN MIGUEL DE SEMA,2017,2971.0,86.436,dane
15676,15,SAN MIGUEL DE SEMA,2018,2971.0,86.436,dane
15676,15,SAN MIGUEL DE SEMA,2019,3016.0,85.378,dane
15676,15,SAN MIGUEL DE SEMA,2020,3035.0,85.338,dane
15676,15,SAN MIGUEL DE SEMA,2021,3058.0,85.088,dane
15681,15,SAN PABLO DE BORBUR,2017,6552.0,88.4,dane
15681,15,SAN PABLO DE BORBUR,2018,6552.0,88.4,dane
15681,15,SAN PABLO DE BORBUR,2019,6597.0,87.964,dane
15681,15,SAN PABLO DE BORBUR,2020,6700.0,87.642,dane
15681,15,SAN PABLO DE BORBUR,2021,6720.0,87.262,dane
15686,15,SANTANA,2017,7514.0,66.196,dane
15686,15,SANTANA,2018,7514.0,66.196,dane
15686,15,SANTANA,2019,7601.0,65.557,dane
15686,15,SANTANA,2020,7686.0,65.288,dane
15686,15,SANTANA,2021,7722.0,65.022,dane
15690,15,SANTA MARÍA,2017,3560.0,40.225,dane
15690,15,SANTA MARÍA,2018,3560.0,40.225,dane
15690,15,SANTA MARÍA,2019,3597.0,40.117,dane
15690,15,SANTA MARÍA,2020,3616.0,40.21,dane
15690,15,SANTA MARÍA,2021,3619.0,39.762,dane
15693,15,SANTA ROSA DE VITERBO,2017,13097.0,38.788,dane
15693,15,SANTA ROSA DE VITERBO,2018,13097.0,38.788,dane
15693,15,SANTA ROSA DE VITERBO,2019,13194.0,38.48,dane
15693,15,SANTA ROSA DE VITERBO,2020,13299.0,38.582,dane
15693,15,SANTA ROSA DE VITERBO,2021,13366.0,38.381,dane
15696,15,SANTA SOFÍA,2017,3166.0,67.246,dane
15696,15,SANTA SOFÍA,2018,3166.0,67.246,dane
15696,15,SANTA SOFÍA,2019,3211.0,66.739,dane
15696,15,SANTA SOFÍA,2020,3233.0,66.749,dane
15696,15,SANTA SOFÍA,2021,3286.0,66.038,dane
15720,15,SATIVANORTE,2017,2202.0,68.983,dane
15720,15,SATIVANORTE,2018,2202.0,68.983,dane
15720,15,SATIVANORTE,2019,2198.0,68.289,dane
15720,15,SATIVANORTE,2020,2211.0,67.888,dane
15720,15,SATIVANORTE,2021,2181.0,67.309,dane
15723,15,SATIVASUR,2017,1077.0,72.702,dane
15723,15,SATIVASUR,2018,1077.0,72.702,dane
15723,15,SATIVASUR,2019,1085.0,71.797,dane
15723,15,SATIVASUR,2020,1084.0,71.402,dane
15723,15,SATIVASUR,2021,1074.0,69.926,dane
15740,15,SIACHOQUE,2017,6677.0,83.001,dane
15740,15,SIACHOQUE,2018,6677.0,83.001,dane
15740,15,SIACHOQUE,2019,6720.0,82.634,dane
15740,15,SIACHOQUE,2020,6837.0,82.273,dane
15740,15,SIACHOQUE,2021,6842.0,82.052,dane
15753,15,SOATÁ,2017,9102.0,28.884,dane
15753,15,SOATÁ,2018,9102.0,28.884,dane
15753,15,SOATÁ,2019,9160.0,28.1,dane
15753,15,SOATÁ,2020,9223.0,27.746,dane
15753,15,SOATÁ,2021,9268.0,27.482,dane
15755,15,SOCOTÁ,2017,7242.0,80.088,dane
15755,15,SOCOTÁ,2018,7242.0,80.088,dane
15755,15,SOCOTÁ,2019,7304.0,79.313,dane
15755,15,SOCOTÁ,2020,7391.0,78.704,dane
15755,15,SOCOTÁ,2021,7422.0,78.402,dane
15757,15,SOCHA,2017,7935.0,46.074,dane
15757,15,SOCHA,2018,7935.0,46.074,dane
15757,15,SOCHA,2019,8046.0,45.675,dane
15757,15,SOCHA,2020,8161.0,45.521,dane
15757,15,SOCHA,2021,8229.0,45.23,dane
15759,15,SOGAMOSO,2017,128183.0,11.887,dane
15759,15,SOGAMOSO,2018,128183.0,11.887,dane
15759,15,SOGAMOSO,2019,130006.0,11.612,dane
15759,15,SOGAMOSO,2020,131421.0,11.466,dane
15759,15,SOGAMOSO,2021,133104.0,11.377,dane
15761,15,SOMONDOCO,2017,2894.0,77.021,dane
15761,15,SOMONDOCO,2018,2894.0,77.021,dane
15761,15,SOMONDOCO,2019,2897.0,76.493,dane
15761,15,SOMONDOCO,2020,2948.0,76.085,dane
15761,15,SOMONDOCO,2021,2951.0,75.974,dane
15762,15,SORA,2017,3008.0,83.344,dane
15762,15,SORA,2018,3008.0,83.344,dane
15762,15,SORA,2019,3040.0,82.862,dane
15762,15,SORA,2020,3090.0,82.654,dane
15762,15,SORA,2021,3098.0,82.569,dane
15763,15,SOTAQUIRÁ,2017,8089.0,88.701,dane
15763,15,SOTAQUIRÁ,2018,8089.0,88.701,dane
15763,15,SOTAQUIRÁ,2019,8128.0,88.25,dane
15763,15,SOTAQUIRÁ,2020,8205.0,88.02,dane
15763,15,SOTAQUIRÁ,2021,8207.0,87.657,dane
15764,15,SORACÁ,2017,5910.0,75.059,dane
15764,15,SORACÁ,2018,5910.0,75.059,dane
15764,15,SORACÁ,2019,5977.0,74.184,dane
15764,15,SORACÁ,2020,6074.0,73.724,dane
15764,15,SORACÁ,2021,6121.0,73.158,dane
15774,15,SUSACÓN,2017,2705.0,77.227,dane
15774,15,SUSACÓN,2018,2705.0,77.227,dane
15774,15,SUSACÓN,2019,2720.0,76.985,dane
15774,15,SUSACÓN,2020,2754.0,76.507,dane
15774,15,SUSACÓN,2021,2773.0,76.235,dane
15776,15,SUTAMARCHÁN,2017,6047.0,65.09,dane
15776,15,SUTAMARCHÁN,2018,6047.0,65.09,dane
15776,15,SUTAMARCHÁN,2019,6134.0,64.314,dane
15776,15,SUTAMARCHÁN,2020,6199.0,64.123,dane
15776,15,SUTAMARCHÁN,2021,6249.0,63.594,dane
15778,15,SUTATENZA,2017,4197.0,82.487,dane
15778,15,SUTATENZA,2018,4197.0,82.487,dane
15778,15,SUTATENZA,2019,4222.0,81.833,dane
15778,15,SUTATENZA,2020,4265.0,81.524,dane
15778,15,SUTATENZA,2021,4291.0,80.983,dane
15790,15,TASCO,2017,5852.0,72.027,dane
15790,15,TASCO,2018,5852.0,72.027,dane
15790,15,TASCO,2019,5894.0,71.31,dane
15790,15,TASCO,2020,5962.0,71.05,dane
15790,15,TASCO,2021,5992.0,70.561,dane
15798,15,TENZA,2017,3836.0,70.282,dane
15798,15,TENZA,2018,3836.0,70.282,dane
15798,15,TENZA,2019,3811.0,69.719,dane
15798,15,TENZA,2020,3814.0,69.192,dane
15798,15,TENZA,2021,3814.0,68.773,dane
15804,15,TIBANÁ,2017,8995.0,80.511,dane
15804,15,TIBANÁ,2018,8995.0,80.511,dane
15804,15,TIBANÁ,2019,9030.0,79.934,dane
15804,15,TIBANÁ,2020,9136.0,79.696,dane
15804,15,TIBANÁ,2021,9149.0,79.408,dane
15806,15,TIBASOSA,2017,12883.0,66.778,dane
15806,15,TIBASOSA,2018,12883.0,66.778,dane
15806,15,TIBASOSA,2019,13044.0,66.306,dane
15806,15,TIBASOSA,2020,13250.0,66.174,dane
15806,15,TIBASOSA,2021,13358.0,65.848,dane
15808,15,TINJACÁ,2017,3249.0,77.008,dane
15808,15,TINJACÁ,2018,3249.0,77.008,dane
15808,15,TINJACÁ,2019,3301.0,76.492,dane
15808,15,TINJACÁ,2020,3387.0,76.144,dane
15808,15,TINJACÁ,2021,3453.0,75.413,dane
15810,15,TIPACOQUE,2017,3315.0,71.493,dane
15810,15,TIPACOQUE,2018,3315.0,71.493,dane
15810,15,TIPACOQUE,2019,3297.0,70.61,dane
15810,15,TIPACOQUE,2020,3317.0,70.335,dane
15810,15,TIPACOQUE,2021,3290.0,70.395,dane
15814,15,TOCA,2017,8754.0,51.508,dane
15814,15,TOCA,2018,8754.0,51.508,dane
15814,15,TOCA,2019,8834.0,50.724,dane
15814,15,TOCA,2020,8892.0,50.27,dane
15814,15,TOCA,2021,8921.0,49.927,dane
15816,15,TOGÜÍ,2017,4301.0,85.422,dane
15816,15,TOGÜÍ,2018,4301.0,85.422,dane
15816,15,TOGÜÍ,2019,4342.0,84.823,dane
15816,15,TOGÜÍ,2020,4395.0,84.573,dane
15816,15,TOGÜÍ,2021,4411.0,84.04,dane
15820,15,TÓPAGA,2017,3601.0,70.397,dane
15820,15,TÓPAGA,2018,3601.0,70.397,dane
15820,15,TÓPAGA,2019,3625.0,69.931,dane
15820,15,TÓPAGA,2020,3679.0,69.965,dane
15820,15,TÓPAGA,2021,3706.0,69.212,dane
15822,15,TOTA,2017,5131.0,83.259,dane
15822,15,TOTA,2018,5131.0,83.259,dane
15822,15,TOTA,2019,5157.0,82.664,dane
15822,15,TOTA,2020,5229.0,82.062,dane
15822,15,TOTA,2021,5227.0,81.806,dane
15832,15,TUNUNGUÁ,2017,1524.0,83.727,dane
15832,15,TUNUNGUÁ,2018,1524.0,83.727,dane
15832,15,TUNUNGUÁ,2019,1560.0,82.115,dane
15832,15,TUNUNGUÁ,2020,1576.0,81.662,dane
15832,15,TUNUNGUÁ,2021,1560.0,81.987,dane
15835,15,TURMEQUÉ,2017,6093.0,65.633,dane
15835,15,TURMEQUÉ,2018,6093.0,65.633,dane
15835,15,TURMEQUÉ,2019,6056.0,65.059,dane
15835,15,TURMEQUÉ,2020,6046.0,64.886,dane
15835,15,TURMEQUÉ,2021,5972.0,64.719,dane
15837,15,TUTA,2017,8218.0,71.453,dane
15837,15,TUTA,2018,8218.0,71.453,dane
15837,15,TUTA,2019,8261.0,70.718,dane
15837,15,TUTA,2020,8343.0,70.215,dane
15837,15,TUTA,2021,8337.0,69.785,dane
15839,15,TUTAZÁ,2017,2017.0,91.572,dane
15839,15,TUTAZÁ,2018,2017.0,91.572,dane
15839,15,TUTAZÁ,2019,2034.0,90.659,dane
15839,15,TUTAZÁ,2020,2057.0,90.374,dane
15839,15,TUTAZÁ,2021,2057.0,90.374,dane
15842,15,ÚMBITA,2017,7453.0,86.274,dane
15842,15,ÚMBITA,2018,7453.0,86.274,dane
15842,15,ÚMBITA,2019,7534.0,85.559,dane
15842,15,ÚMBITA,2020,7641.0,84.976,dane
15842,15,ÚMBITA,2021,7654.0,84.792,dane
15861,15,VENTAQUEMADA,2017,15573.0,84.781,dane
15861,15,VENTAQUEMADA,2018,15573.0,84.781,dane
15861,15,VENTAQUEMADA,2019,15855.0,84.169,dane
15861,15,VENTAQUEMADA,2020,16265.0,83.72,dane
15861,15,VENTAQUEMADA,2021,16467.0,83.336,dane
15879,15,VIRACACHÁ,2017,2803.0,84.766,dane
15879,15,VIRACACHÁ,2018,2803.0,84.766,dane
15879,15,VIRACACHÁ,2019,2840.0,84.296,dane
15879,15,VIRACACHÁ,2020,2882.0,84.039,dane
15879,15,VIRACACHÁ,2021,2888.0,83.587,dane
15897,15,ZETAQUIRA,2017,4609.0,74.268,dane
15897,15,ZETAQUIRA,2018,4609.0,74.268,dane
15897,15,ZETAQUIRA,2019,4654.0,73.679,dane
15897,15,ZETAQUIRA,2020,4698.0,73.201,dane
15897,15,ZETAQUIRA,2021,4706.0,72.949,dane
17001,17,MANIZALES,2017,434403.0,6.714,dane
17001,17,MANIZALES,2018,434403.0,6.714,dane
17001,17,MANIZALES,2019,440570.0,6.396,dane
17001,17,MANIZALES,2020,447015.0,6.076,dane
17001,17,MANIZALES,2021,453659.0,5.967,dane
17013,17,AGUADAS,2017,22819.0,49.468,dane
17013,17,AGUADAS,2018,22819.0,49.468,dane
17013,17,AGUADAS,2019,23012.0,49.187,dane
17013,17,AGUADAS,2020,23193.0,48.855,dane
17013,17,AGUADAS,2021,23138.0,48.418,dane
17042,17,ANSERMA,2017,36129.0,43.884,dane
17042,17,ANSERMA,2018,36129.0,43.884,dane
17042,17,ANSERMA,2019,36669.0,43.642,dane
17042,17,ANSERMA,2020,37170.0,43.379,dane
17042,17,ANSERMA,2021,37368.0,42.927,dane
17050,17,ARANZAZU,2017,10561.0,35.394,dane
17050,17,ARANZAZU,2018,10561.0,35.394,dane
17050,17,ARANZAZU,2019,10659.0,34.881,dane
17050,17,ARANZAZU,2020,10788.0,34.279,dane
17050,17,ARANZAZU,2021,10813.0,33.876,dane
17088,17,BELALCÁZAR,2017,10653.0,57.017,dane
17088,17,BELALCÁZAR,2018,10653.0,57.017,dane
17088,17,BELALCÁZAR,2019,10711.0,56.409,dane
17088,17,BELALCÁZAR,2020,10767.0,55.995,dane
17088,17,BELALCÁZAR,2021,10713.0,55.363,dane
17174,17,CHINCHINÁ,2017,51266.0,13.073,dane
17174,17,CHINCHINÁ,2018,51266.0,13.073,dane
17174,17,CHINCHINÁ,2019,51351.0,12.611,dane
17174,17,CHINCHINÁ,2020,51497.0,12.177,dane
17174,17,CHINCHINÁ,2021,51554.0,11.989,dane
17272,17,FILADELFIA,2017,11440.0,66.198,dane
17272,17,FILADELFIA,2018,11440.0,66.198,dane
17272,17,FILADELFIA,2019,11545.0,65.717,dane
17272,17,FILADELFIA,2020,11646.0,65.224,dane
17272,17,FILADELFIA,2021,11571.0,64.696,dane
17380,17,LA DORADA,2017,71898.0,13.02,dane
17380,17,LA DORADA,2018,71898.0,13.02,dane
17380,17,LA DORADA,2019,72120.0,12.934,dane
17380,17,LA DORADA,2020,72402.0,12.819,dane
17380,17,LA DORADA,2021,72562.0,12.666,dane
17388,17,LA MERCED,2017,6007.0,64.192,dane
17388,17,LA MERCED,2018,6007.0,64.192,dane
17388,17,LA MERCED,2019,6021.0,63.511,dane
17388,17,LA MERCED,2020,6083.0,62.65,dane
17388,17,LA MERCED,2021,6039.0,62.196,dane
17433,17,MANZANARES,2017,17919.0,42.977,dane
17433,17,MANZANARES,2018,17919.0,42.977,dane
17433,17,MANZANARES,2019,18142.0,42.338,dane
17433,17,MANZANARES,2020,18328.0,41.668,dane
17433,17,MANZANARES,2021,18402.0,41.18,dane
17442,17,MARMATO,2017,8874.0,89.182,dane
17442,17,MARMATO,2018,8874.0,89.182,dane
17442,17,MARMATO,2019,9125.0,88.789,dane
17442,17,MARMATO,2020,9348.0,88.329,dane
17442,17,MARMATO,2021,9395.0,87.813,dane
17444,17,MARQUETALIA,2017,13240.0,52.1,dane
17444,17,MARQUETALIA,2018,13240.0,52.1,dane
17444,17,MARQUETALIA,2019,13426.0,51.519,dane
17444,17,MARQUETALIA,2020,13615.0,51.01,dane
17444,17,MARQUETALIA,2021,13654.0,50.498,dane
17446,17,MARULANDA,2017,2599.0,68.219,dane
17446,17,MARULANDA,2018,2599.0,68.219,dane
17446,17,MARULANDA,2019,2647.0,68.379,dane
17446,17,MARULANDA,2020,2705.0,68.466,dane
17446,17,MARULANDA,2021,2693.0,67.954,dane
17486,17,NEIRA,2017,21031.0,44.986,dane
17486,17,NEIRA,2018,21031.0,44.986,dane
17486,17,NEIRA,2019,21264.0,44.324,dane
17486,17,NEIRA,2020,21529.0,43.713,dane
17486,17,NEIRA,2021,21608.0,43.206,dane
17495,17,NORCASIA,2017,6020.0,33.522,dane
17495,17,NORCASIA,2018,6020.0,33.522,dane
17495,17,NORCASIA,2019,6075.0,33.021,dane
17495,17,NORCASIA,2020,6149.0,32.607,dane
17495,17,NORCASIA,2021,6160.0,32.045,dane
17513,17,PÁCORA,2017,15331.0,51.556,dane
17513,17,PÁCORA,2018,15331.0,51.556,dane
17513,17,PÁCORA,2019,15532.0,51.127,dane
17513,17,PÁCORA,2020,15755.0,50.727,dane
17513,17,PÁCORA,2021,15812.0,50.329,dane
17524,17,PALESTINA,2017,15570.0,68.073,dane
17524,17,PALESTINA,2018,15570.0,68.073,dane
17524,17,PALESTINA,2019,15816.0,67.577,dane
17524,17,PALESTINA,2020,16090.0,67.073,dane
17524,17,PALESTINA,2021,16143.0,66.475,dane
17541,17,PENSILVANIA,2017,19905.0,61.271,dane
17541,17,PENSILVANIA,2018,19905.0,61.271,dane
17541,17,PENSILVANIA,2019,20221.0,60.576,dane
17541,17,PENSILVANIA,2020,20518.0,59.889,dane
17541,17,PENSILVANIA,2021,20594.0,59.241,dane
17614,17,RIOSUCIO,2017,50792.0,64.38,dane
17614,17,RIOSUCIO,2018,50792.0,64.38,dane
17614,17,RIOSUCIO,2019,51621.0,64.131,dane
17614,17,RIOSUCIO,2020,52494.0,63.876,dane
17614,17,RIOSUCIO,2021,52659.0,63.347,dane
17616,17,RISARALDA,2017,10829.0,61.049,dane
17616,17,RISARALDA,2018,10829.0,61.049,dane
17616,17,RISARALDA,2019,11010.0,60.009,dane
17616,17,RISARALDA,2020,11159.0,59.145,dane
17616,17,RISARALDA,2021,11211.0,58.532,dane
17653,17,SALAMINA,2017,19457.0,41.646,dane
17653,17,SALAMINA,2018,19457.0,41.646,dane
17653,17,SALAMINA,2019,19612.0,41.266,dane
17653,17,SALAMINA,2020,19798.0,40.923,dane
17653,17,SALAMINA,2021,19801.0,40.478,dane
17662,17,SAMANÁ,2017,20471.0,70.998,dane
17662,17,SAMANÁ,2018,20471.0,70.998,dane
17662,17,SAMANÁ,2019,20812.0,70.123,dane
17662,17,SAMANÁ,2020,21180.0,69.221,dane
17662,17,SAMANÁ,2021,21222.0,68.603,dane
17665,17,SAN JOSÉ,2017,4847.0,73.447,dane
17665,17,SAN JOSÉ,2018,4847.0,73.447,dane
17665,17,SAN JOSÉ,2019,4917.0,73.093,dane
17665,17,SAN JOSÉ,2020,5019.0,72.186,dane
17665,17,SAN JOSÉ,2021,5034.0,71.692,dane
17777,17,SUPÍA,2017,28623.0,52.87,dane
17777,17,SUPÍA,2018,28623.0,52.87,dane
17777,17,SUPÍA,2019,29338.0,52.638,dane
17777,17,SUPÍA,2020,30090.0,52.423,dane
17777,17,SUPÍA,2021,30504.0,51.928,dane
17867,17,VICTORIA,2017,10161.0,57.74,dane
17867,17,VICTORIA,2018,10161.0,57.74,dane
17867,17,VICTORIA,2019,10373.0,57.341,dane
17867,17,VICTORIA,2020,10636.0,56.929,dane
17867,17,VICTORIA,2021,10728.0,56.46,dane
17873,17,VILLAMARÍA,2017,64668.0,13.551,dane
17873,17,VILLAMARÍA,2018,64668.0,13.551,dane
17873,17,VILLAMARÍA,2019,66223.0,13.036,dane
17873,17,VILLAMARÍA,2020,67842.0,12.548,dane
17873,17,VILLAMARÍA,2021,69325.0,12.353,dane
17877,17,VITERBO,2017,12736.0,15.994,dane
17877,17,VITERBO,2018,12736.0,15.994,dane
17877,17,VITERBO,2019,12774.0,15.751,dane
17877,17,VITERBO,2020,12832.0,15.477,dane
17877,17,VITERBO,2021,12844.0,15.276,dane
18001,18,FLORENCIA,2017,168606.0,12.084,dane
18001,18,FLORENCIA,2018,168606.0,12.084,dane
18001,18,FLORENCIA,2019,170885.0,12.057,dane
18001,18,FLORENCIA,2020,173469.0,12.012,dane
18001,18,FLORENCIA,2021,176423.0,12.032,dane
18029,18,ALBANIA,2017,4672.0,55.843,dane
18029,18,ALBANIA,2018,4672.0,55.843,dane
18029,18,ALBANIA,2019,4719.0,54.418,dane
18029,18,ALBANIA,2020,4756.0,52.754,dane
18029,18,ALBANIA,2021,4785.0,52.79,dane
18094,18,BELÉN DE LOS ANDAQUÍES,2017,11035.0,38.641,dane
18094,18,BELÉN DE LOS ANDAQUÍES,2018,11035.0,38.641,dane
18094,18,BELÉN DE LOS ANDAQUÍES,2019,11102.0,38.317,dane
18094,18,BELÉN DE LOS ANDAQUÍES,2020,11189.0,37.859,dane
18094,18,BELÉN DE LOS ANDAQUÍES,2021,11227.0,37.909,dane
18150,18,CARTAGENA DEL CHAIRÁ,2017,30395.0,49.117,dane
18150,18,CARTAGENA DEL CHAIRÁ,2018,30395.0,49.117,dane
18150,18,CARTAGENA DEL CHAIRÁ,2019,30785.0,48.68,dane
18150,18,CARTAGENA DEL CHAIRÁ,2020,31141.0,48.184,dane
18150,18,CARTAGENA DEL CHAIRÁ,2021,31467.0,48.187,dane
18205,18,CURILLO,2017,7602.0,30.624,dane
18205,18,CURILLO,2018,7602.0,30.624,dane
18205,18,CURILLO,2019,7617.0,30.484,dane
18205,18,CURILLO,2020,7664.0,30.337,dane
18205,18,CURILLO,2021,7710.0,30.415,dane
18247,18,EL DONCELLO,2017,19306.0,29.866,dane
18247,18,EL DONCELLO,2018,19306.0,29.866,dane
18247,18,EL DONCELLO,2019,19390.0,30.005,dane
18247,18,EL DONCELLO,2020,19483.0,30.17,dane
18247,18,EL DONCELLO,2021,19597.0,30.219,dane
18256,18,EL PAUJÍL,2017,18034.0,50.765,dane
18256,18,EL PAUJÍL,2018,18034.0,50.765,dane
18256,18,EL PAUJÍL,2019,18215.0,50.766,dane
18256,18,EL PAUJÍL,2020,18401.0,50.601,dane
18256,18,EL PAUJÍL,2021,18547.0,50.677,dane
18410,18,LA MONTAÑITA,2017,14700.0,83.156,dane
18410,18,LA MONTAÑITA,2018,14700.0,83.156,dane
18410,18,LA MONTAÑITA,2019,14865.0,82.698,dane
18410,18,LA MONTAÑITA,2020,15039.0,82.107,dane
18410,18,LA MONTAÑITA,2021,15145.0,82.04,dane
18460,18,MILÁN,2017,9707.0,89.595,dane
18460,18,MILÁN,2018,9707.0,89.595,dane
18460,18,MILÁN,2019,9848.0,89.379,dane
18460,18,MILÁN,2020,9968.0,89.276,dane
18460,18,MILÁN,2021,10031.0,89.233,dane
18479,18,MORELIA,2017,3709.0,45.619,dane
18479,18,MORELIA,2018,3709.0,45.619,dane
18479,18,MORELIA,2019,3711.0,45.459,dane
18479,18,MORELIA,2020,3739.0,45.52,dane
18479,18,MORELIA,2021,3759.0,45.571,dane
18592,18,PUERTO RICO,2017,26532.0,45.394,dane
18592,18,PUERTO RICO,2018,26532.0,45.394,dane
18592,18,PUERTO RICO,2019,26687.0,44.902,dane
18592,18,PUERTO RICO,2020,26872.0,44.429,dane
18592,18,PUERTO RICO,2021,27025.0,44.451,dane
18610,18,SAN JOSÉ DEL FRAGUA,2017,12802.0,50.766,dane
18610,18,SAN JOSÉ DEL FRAGUA,2018,12802.0,50.766,dane
18610,18,SAN JOSÉ DEL FRAGUA,2019,12889.0,50.213,dane
18610,18,SAN JOSÉ DEL FRAGUA,2020,12986.0,49.623,dane
18610,18,SAN JOSÉ DEL FRAGUA,2021,13071.0,49.575,dane
18753,18,SAN VICENTE DEL CAGUÁN,2017,50707.0,53.695,dane
18753,18,SAN VICENTE DEL CAGUÁN,2018,50707.0,53.695,dane
18753,18,SAN VICENTE DEL CAGUÁN,2019,51111.0,53.321,dane
18753,18,SAN VICENTE DEL CAGUÁN,2020,51548.0,52.844,dane
18753,18,SAN VICENTE DEL CAGUÁN,2021,51847.0,52.881,dane
18756,18,SOLANO,2017,11201.0,75.136,dane
18756,18,SOLANO,2018,11201.0,75.136,dane
18756,18,SOLANO,2019,11108.0,75.054,dane
18756,18,SOLANO,2020,11020.0,74.936,dane
18756,18,SOLANO,2021,10948.0,74.9,dane
18785,18,SOLITA,2017,6204.0,41.006,dane
18785,18,SOLITA,2018,6204.0,41.006,dane
18785,18,SOLITA,2019,6247.0,40.483,dane
18785,18,SOLITA,2020,6280.0,40.0,dane
18785,18,SOLITA,2021,6311.0,40.105,dane
18860,18,VALPARAÍSO,2017,6873.0,66.099,dane
18860,18,VALPARAÍSO,2018,6873.0,66.099,dane
18860,18,VALPARAÍSO,2019,6932.0,66.272,dane
18860,18,VALPARAÍSO,2020,7012.0,66.443,dane
18860,18,VALPARAÍSO,2021,7054.0,66.501,dane
19001,19,POPAYÁN,2017,318055.0,16.191,dane
19001,19,POPAYÁN,2018,318055.0,16.191,dane
19001,19,POPAYÁN,2019,324594.0,16.644,dane
19001,19,POPAYÁN,2020,331304.0,17.075,dane
19001,19,POPAYÁN,2021,336438.0,17.227,dane
19022,19,ALMAGUER,2017,18448.0,92.709,dane
19022,19,ALMAGUER,2018,18448.0,92.709,dane
19022,19,ALMAGUER,2019,18460.0,92.931,dane
19022,19,ALMAGUER,2020,18483.0,93.21,dane
19022,19,ALMAGUER,2021,18472.0,93.401,dane
19050,19,ARGELIA,2017,26140.0,89.69,dane
19050,19,ARGELIA,2018,26140.0,89.69,dane
19050,19,ARGELIA,2019,26389.0,89.84,dane
19050,19,ARGELIA,2020,26619.0,90.022,dane
19050,19,ARGELIA,2021,26838.0,90.167,dane
19075,19,BALBOA,2017,21116.0,74.451,dane
19075,19,BALBOA,2018,21116.0,74.451,dane
19075,19,BALBOA,2019,21302.0,74.575,dane
19075,19,BALBOA,2020,21493.0,74.652,dane
19075,19,BALBOA,2021,21686.0,74.795,dane
19100,19,BOLÍVAR,2017,38044.0,86.802,dane
19100,19,BOLÍVAR,2018,38044.0,86.802,dane
19100,19,BOLÍVAR,2019,38082.0,86.92,dane
19100,19,BOLÍVAR,2020,38114.0,87.094,dane
19100,19,BOLÍVAR,2021,38129.0,87.246,dane
19110,19,BUENOS AIRES,2017,31434.0,96.157,dane
19110,19,BUENOS AIRES,2018,31434.0,96.157,dane
19110,19,BUENOS AIRES,2019,31732.0,96.266,dane
19110,19,BUENOS AIRES,2020,32032.0,96.479,dane
19110,19,BUENOS AIRES,2021,32376.0,96.596,dane
19130,19,CAJIBÍO,2017,42018.0,94.752,dane
19130,19,CAJIBÍO,2018,42018.0,94.752,dane
19130,19,CAJIBÍO,2019,42670.0,94.954,dane
19130,19,CAJIBÍO,2020,43314.0,95.156,dane
19130,19,CAJIBÍO,2021,43965.0,95.308,dane
19137,19,CALDONO,2017,39948.0,94.565,dane
19137,19,CALDONO,2018,39948.0,94.565,dane
19137,19,CALDONO,2019,40637.0,94.781,dane
19137,19,CALDONO,2020,41365.0,95.005,dane
19137,19,CALDONO,2021,42136.0,95.175,dane
19142,19,CALOTO,2017,30185.0,82.475,dane
19142,19,CALOTO,2018,30185.0,82.475,dane
19142,19,CALOTO,2019,30344.0,82.524,dane
19142,19,CALOTO,2020,30550.0,82.596,dane
19142,19,CALOTO,2021,30754.0,82.721,dane
19212,19,CORINTO,2017,25292.0,49.059,dane
19212,19,CORINTO,2018,25292.0,49.059,dane
19212,19,CORINTO,2019,25684.0,49.42,dane
19212,19,CORINTO,2020,26106.0,49.824,dane
19212,19,CORINTO,2021,26439.0,50.062,dane
19256,19,EL TAMBO,2017,53895.0,94.417,dane
19256,19,EL TAMBO,2018,53895.0,94.417,dane
19256,19,EL TAMBO,2019,54544.0,94.586,dane
19256,19,EL TAMBO,2020,55195.0,94.733,dane
19256,19,EL TAMBO,2021,55847.0,94.841,dane
19290,19,FLORENCIA,2017,5202.0,76.471,dane
19290,19,FLORENCIA,2018,5202.0,76.471,dane
19290,19,FLORENCIA,2019,5222.0,76.522,dane
19290,19,FLORENCIA,2020,5224.0,76.819,dane
19290,19,FLORENCIA,2021,5214.0,77.138,dane
19300,19,GUACHENÉ,2017,19655.0,67.077,dane
19300,19,GUACHENÉ,2018,19655.0,67.077,dane
19300,19,GUACHENÉ,2019,19821.0,67.015,dane
19300,19,GUACHENÉ,2020,19966.0,66.974,dane
19300,19,GUACHENÉ,2021,20095.0,67.126,dane
19318,19,GUAPI,2017,27620.0,49.551,dane
19318,19,GUAPI,2018,27620.0,49.551,dane
19318,19,GUAPI,2019,27898.0,49.502,dane
19318,19,GUAPI,2020,28207.0,49.364,dane
19318,19,GUAPI,2021,28484.0,49.498,dane
19355,19,INZÁ,2017,28879.0,95.481,dane
19355,19,INZÁ,2018,28879.0,95.481,dane
19355,19,INZÁ,2019,28950.0,95.675,dane
19355,19,INZÁ,2020,29047.0,95.862,dane
19355,19,INZÁ,2021,29144.0,96.033,dane
19364,19,JAMBALÓ,2017,17856.0,89.359,dane
19364,19,JAMBALÓ,2018,17856.0,89.359,dane
19364,19,JAMBALÓ,2019,18074.0,89.598,dane
19364,19,JAMBALÓ,2020,18307.0,89.747,dane
19364,19,JAMBALÓ,2021,18591.0,89.871,dane
19392,19,LA SIERRA,2017,10744.0,83.098,dane
19392,19,LA SIERRA,2018,10744.0,83.098,dane
19392,19,LA SIERRA,2019,10822.0,83.238,dane
19392,19,LA SIERRA,2020,10934.0,83.3,dane
19392,19,LA SIERRA,2021,11033.0,83.595,dane
19397,19,LA VEGA,2017,24500.0,95.739,dane
19397,19,LA VEGA,2018,24500.0,95.739,dane
19397,19,LA VEGA,2019,24495.0,96.007,dane
19397,19,LA VEGA,2020,24498.0,96.159,dane
19397,19,LA VEGA,2021,24513.0,96.304,dane
19418,19,LÓPEZ DE MICAY,2017,18587.0,89.875,dane
19418,19,LÓPEZ DE MICAY,2018,18587.0,89.875,dane
19418,19,LÓPEZ DE MICAY,2019,18744.0,90.066,dane
19418,19,LÓPEZ DE MICAY,2020,18889.0,90.259,dane
19418,19,LÓPEZ DE MICAY,2021,19047.0,90.424,dane
19450,19,MERCADERES,2017,22674.0,73.785,dane
19450,19,MERCADERES,2018,22674.0,73.785,dane
19450,19,MERCADERES,2019,23195.0,74.055,dane
19450,19,MERCADERES,2020,23743.0,74.266,dane
19450,19,MERCADERES,2021,24261.0,74.428,dane
19455,19,MIRANDA,2017,31363.0,42.834,dane
19455,19,MIRANDA,2018,31363.0,42.834,dane
19455,19,MIRANDA,2019,31661.0,42.753,dane
19455,19,MIRANDA,2020,31969.0,42.713,dane
19455,19,MIRANDA,2021,32193.0,42.835,dane
19473,19,MORALES,2017,38836.0,93.642,dane
19473,19,MORALES,2018,38836.0,93.642,dane
19473,19,MORALES,2019,39859.0,93.836,dane
19473,19,MORALES,2020,40912.0,94.043,dane
19473,19,MORALES,2021,41937.0,94.191,dane
19513,19,PADILLA,2017,9942.0,54.929,dane
19513,19,PADILLA,2018,9942.0,54.929,dane
19513,19,PADILLA,2019,10069.0,54.921,dane
19513,19,PADILLA,2020,10210.0,54.897,dane
19513,19,PADILLA,2021,10313.0,55.096,dane
19517,19,PÁEZ,2017,45781.0,93.508,dane
19517,19,PÁEZ,2018,45781.0,93.508,dane
19517,19,PÁEZ,2019,46971.0,93.822,dane
19517,19,PÁEZ,2020,48174.0,94.121,dane
19517,19,PÁEZ,2021,49336.0,94.312,dane
19532,19,PATÍA,2017,36852.0,62.602,dane
19532,19,PATÍA,2018,36852.0,62.602,dane
19532,19,PATÍA,2019,37225.0,62.891,dane
19532,19,PATÍA,2020,37616.0,63.159,dane
19532,19,PATÍA,2021,37965.0,63.356,dane
19533,19,PIAMONTE,2017,8817.0,76.058,dane
19533,19,PIAMONTE,2018,8817.0,76.058,dane
19533,19,PIAMONTE,2019,8967.0,76.257,dane
19533,19,PIAMONTE,2020,9126.0,76.463,dane
19533,19,PIAMONTE,2021,9284.0,76.616,dane
19548,19,PIENDAMÓ - TUNÍA,2017,40804.0,65.048,dane
19548,19,PIENDAMÓ - TUNÍA,2018,40804.0,65.048,dane
19548,19,PIENDAMÓ - TUNÍA,2019,41239.0,65.196,dane
19548,19,PIENDAMÓ - TUNÍA,2020,41657.0,65.336,dane
19548,19,PIENDAMÓ - TUNÍA,2021,42026.0,65.519,dane
19573,19,PUERTO TEJADA,2017,41616.0,12.836,dane
19573,19,PUERTO TEJADA,2018,41616.0,12.836,dane
19573,19,PUERTO TEJADA,2019,42120.0,13.25,dane
19573,19,PUERTO TEJADA,2020,42617.0,13.619,dane
19573,19,PUERTO TEJADA,2021,42951.0,13.744,dane
19585,19,PURACÉ,2017,17268.0,90.155,dane
19585,19,PURACÉ,2018,17268.0,90.155,dane
19585,19,PURACÉ,2019,17427.0,90.371,dane
19585,19,PURACÉ,2020,17595.0,90.469,dane
19585,19,PURACÉ,2021,17753.0,90.644,dane
19622,19,ROSAS,2017,11475.0,90.519,dane
19622,19,ROSAS,2018,11475.0,90.519,dane
19622,19,ROSAS,2019,11572.0,90.676,dane
19622,19,ROSAS,2020,11665.0,90.827,dane
19622,19,ROSAS,2021,11754.0,90.922,dane
19693,19,SAN SEBASTIÁN,2017,10947.0,93.88,dane
19693,19,SAN SEBASTIÁN,2018,10947.0,93.88,dane
19693,19,SAN SEBASTIÁN,2019,10925.0,94.069,dane
19693,19,SAN SEBASTIÁN,2020,10913.0,94.264,dane
19693,19,SAN SEBASTIÁN,2021,10900.0,94.339,dane
19698,19,SANTANDER DE QUILICHAO,2017,110465.0,52.692,dane
19698,19,SANTANDER DE QUILICHAO,2018,110465.0,52.692,dane
19698,19,SANTANDER DE QUILICHAO,2019,113322.0,52.804,dane
19698,19,SANTANDER DE QUILICHAO,2020,116253.0,52.906,dane
19698,19,SANTANDER DE QUILICHAO,2021,118996.0,53.077,dane
19701,19,SANTA ROSA,2017,5326.0,87.458,dane
19701,19,SANTA ROSA,2018,5326.0,87.458,dane
19701,19,SANTA ROSA,2019,5327.0,87.742,dane
19701,19,SANTA ROSA,2020,5328.0,87.913,dane
19701,19,SANTA ROSA,2021,5339.0,88.088,dane
19743,19,SILVIA,2017,37339.0,87.972,dane
19743,19,SILVIA,2018,37339.0,87.972,dane
19743,19,SILVIA,2019,37808.0,88.23,dane
19743,19,SILVIA,2020,38291.0,88.512,dane
19743,19,SILVIA,2021,38786.0,88.723,dane
19760,19,SOTARÁ - PAISPAMBA,2017,13940.0,95.904,dane
19760,19,SOTARÁ - PAISPAMBA,2018,13940.0,95.904,dane
19760,19,SOTARÁ - PAISPAMBA,2019,14048.0,96.085,dane
19760,19,SOTARÁ - PAISPAMBA,2020,14159.0,96.264,dane
19760,19,SOTARÁ - PAISPAMBA,2021,14276.0,96.498,dane
19780,19,SUÁREZ,2017,31905.0,79.984,dane
19780,19,SUÁREZ,2018,31905.0,79.984,dane
19780,19,SUÁREZ,2019,32868.0,80.27,dane
19780,19,SUÁREZ,2020,33841.0,80.515,dane
19780,19,SUÁREZ,2021,34762.0,80.784,dane
19785,19,SUCRE,2017,9488.0,82.852,dane
19785,19,SUCRE,2018,9488.0,82.852,dane
19785,19,SUCRE,2019,9532.0,82.984,dane
19785,19,SUCRE,2020,9597.0,82.984,dane
19785,19,SUCRE,2021,9648.0,83.24,dane
19807,19,TIMBÍO,2017,35476.0,58.964,dane
19807,19,TIMBÍO,2018,35476.0,58.964,dane
19807,19,TIMBÍO,2019,36017.0,59.175,dane
19807,19,TIMBÍO,2020,36570.0,59.393,dane
19807,19,TIMBÍO,2021,37084.0,59.53,dane
19809,19,TIMBIQUÍ,2017,26100.0,75.985,dane
19809,19,TIMBIQUÍ,2018,26100.0,75.985,dane
19809,19,TIMBIQUÍ,2019,26614.0,76.114,dane
19809,19,TIMBIQUÍ,2020,27110.0,76.263,dane
19809,19,TIMBIQUÍ,2021,27569.0,76.459,dane
19821,19,TORIBÍO,2017,35216.0,93.043,dane
19821,19,TORIBÍO,2018,35216.0,93.043,dane
19821,19,TORIBÍO,2019,35925.0,93.3,dane
19821,19,TORIBÍO,2020,36634.0,93.528,dane
19821,19,TORIBÍO,2021,37381.0,93.705,dane
19824,19,TOTORÓ,2017,24554.0,94.624,dane
19824,19,TOTORÓ,2018,24554.0,94.624,dane
19824,19,TOTORÓ,2019,25005.0,94.853,dane
19824,19,TOTORÓ,2020,25494.0,95.015,dane
19824,19,TOTORÓ,2021,25989.0,95.202,dane
19845,19,VILLA RICA,2017,20700.0,31.063,dane
19845,19,VILLA RICA,2018,20700.0,31.063,dane
19845,19,VILLA RICA,2019,21217.0,31.206,dane
19845,19,VILLA RICA,2020,21783.0,31.378,dane
19845,19,VILLA RICA,2021,22230.0,31.511,dane
20001,20,VALLEDUPAR,2017,490068.0,11.891,dane
20001,20,VALLEDUPAR,2018,490068.0,11.891,dane
20001,20,VALLEDUPAR,2019,512113.0,12.055,dane
20001,20,VALLEDUPAR,2020,536621.0,12.207,dane
20001,20,VALLEDUPAR,2021,555190.0,12.219,dane
20011,20,AGUACHICA,2017,109616.0,12.561,dane
20011,20,AGUACHICA,2018,109616.0,12.561,dane
20011,20,AGUACHICA,2019,114220.0,12.815,dane
20011,20,AGUACHICA,2020,119365.0,13.042,dane
20011,20,AGUACHICA,2021,123137.0,13.057,dane
20013,20,AGUSTÍN CODAZZI,2017,60769.0,20.756,dane
20013,20,AGUSTÍN CODAZZI,2018,60769.0,20.756,dane
20013,20,AGUSTÍN CODAZZI,2019,62500.0,21.218,dane
20013,20,AGUSTÍN CODAZZI,2020,64573.0,21.661,dane
20013,20,AGUSTÍN CODAZZI,2021,65730.0,21.69,dane
20032,20,ASTREA,2017,20109.0,47.974,dane
20032,20,ASTREA,2018,20109.0,47.974,dane
20032,20,ASTREA,2019,20675.0,47.739,dane
20032,20,ASTREA,2020,21359.0,47.502,dane
20032,20,ASTREA,2021,21682.0,47.496,dane
20045,20,BECERRIL,2017,21609.0,25.406,dane
20045,20,BECERRIL,2018,21609.0,25.406,dane
20045,20,BECERRIL,2019,22698.0,25.522,dane
20045,20,BECERRIL,2020,23880.0,25.678,dane
20045,20,BECERRIL,2021,24764.0,25.666,dane
20060,20,BOSCONIA,2017,40023.0,5.877,dane
20060,20,BOSCONIA,2018,40023.0,5.877,dane
20060,20,BOSCONIA,2019,41590.0,6.069,dane
20060,20,BOSCONIA,2020,43355.0,6.267,dane
20060,20,BOSCONIA,2021,44652.0,6.277,dane
20175,20,CHIMICHAGUA,2017,34165.0,59.839,dane
20175,20,CHIMICHAGUA,2018,34165.0,59.839,dane
20175,20,CHIMICHAGUA,2019,35187.0,60.142,dane
20175,20,CHIMICHAGUA,2020,36394.0,60.389,dane
20175,20,CHIMICHAGUA,2021,36943.0,60.442,dane
20178,20,CHIRIGUANÁ,2017,27707.0,40.163,dane
20178,20,CHIRIGUANÁ,2018,27707.0,40.163,dane
20178,20,CHIRIGUANÁ,2019,28773.0,40.493,dane
20178,20,CHIRIGUANÁ,2020,29981.0,40.839,dane
20178,20,CHIRIGUANÁ,2021,30725.0,40.856,dane
20228,20,CURUMANÍ,2017,37398.0,29.352,dane
20228,20,CURUMANÍ,2018,37398.0,29.352,dane
20228,20,CURUMANÍ,2019,38980.0,29.566,dane
20228,20,CURUMANÍ,2020,40770.0,29.789,dane
20228,20,CURUMANÍ,2021,41994.0,29.795,dane
20238,20,EL COPEY,2017,30171.0,25.515,dane
20238,20,EL COPEY,2018,30171.0,25.515,dane
20238,20,EL COPEY,2019,31220.0,25.439,dane
20238,20,EL COPEY,2020,32394.0,25.363,dane
20238,20,EL COPEY,2021,33160.0,25.353,dane
20250,20,EL PASO,2017,37530.0,81.561,dane
20250,20,EL PASO,2018,37530.0,81.561,dane
20250,20,EL PASO,2019,39469.0,81.897,dane
20250,20,EL PASO,2020,41595.0,82.26,dane
20250,20,EL PASO,2021,42886.0,82.311,dane
20295,20,GAMARRA,2017,14965.0,34.353,dane
20295,20,GAMARRA,2018,14965.0,34.353,dane
20295,20,GAMARRA,2019,15328.0,34.59,dane
20295,20,GAMARRA,2020,15735.0,34.852,dane
20295,20,GAMARRA,2021,15922.0,34.895,dane
20310,20,GONZÁLEZ,2017,4391.0,67.798,dane
20310,20,GONZÁLEZ,2018,4391.0,67.798,dane
20310,20,GONZÁLEZ,2019,4501.0,68.607,dane
20310,20,GONZÁLEZ,2020,4673.0,69.591,dane
20310,20,GONZÁLEZ,2021,4747.0,69.602,dane
20383,20,LA GLORIA,2017,17152.0,64.855,dane
20383,20,LA GLORIA,2018,17152.0,64.855,dane
20383,20,LA GLORIA,2019,17767.0,65.031,dane
20383,20,LA GLORIA,2020,18455.0,65.354,dane
20383,20,LA GLORIA,2021,18808.0,65.398,dane
20400,20,LA JAGUA DE IBIRICO,2017,46711.0,23.984,dane
20400,20,LA JAGUA DE IBIRICO,2018,46711.0,23.984,dane
20400,20,LA JAGUA DE IBIRICO,2019,49441.0,23.782,dane
20400,20,LA JAGUA DE IBIRICO,2020,52415.0,23.592,dane
20400,20,LA JAGUA DE IBIRICO,2021,54496.0,23.552,dane
20443,20,MANAURE BALCÓN DEL CESAR,2017,10052.0,16.564,dane
20443,20,MANAURE BALCÓN DEL CESAR,2018,10052.0,16.564,dane
20443,20,MANAURE BALCÓN DEL CESAR,2019,10352.0,16.702,dane
20443,20,MANAURE BALCÓN DEL CESAR,2020,10711.0,17.104,dane
20443,20,MANAURE BALCÓN DEL CESAR,2021,10956.0,17.096,dane
20517,20,PAILITAS,2017,18559.0,25.454,dane
20517,20,PAILITAS,2018,18559.0,25.454,dane
20517,20,PAILITAS,2019,19153.0,25.526,dane
20517,20,PAILITAS,2020,19847.0,25.616,dane
20517,20,PAILITAS,2021,20262.0,25.57,dane
20550,20,PELAYA,2017,20688.0,30.612,dane
20550,20,PELAYA,2018,20688.0,30.612,dane
20550,20,PELAYA,2019,21468.0,30.795,dane
20550,20,PELAYA,2020,22359.0,31.008,dane
20550,20,PELAYA,2021,22939.0,31.039,dane
20570,20,PUEBLO BELLO,2017,27015.0,68.303,dane
20570,20,PUEBLO BELLO,2018,27015.0,68.303,dane
20570,20,PUEBLO BELLO,2019,28474.0,68.484,dane
20570,20,PUEBLO BELLO,2020,30063.0,68.606,dane
20570,20,PUEBLO BELLO,2021,31156.0,68.616,dane
20614,20,RÍO DE ORO,2017,16837.0,53.329,dane
20614,20,RÍO DE ORO,2018,16837.0,53.329,dane
20614,20,RÍO DE ORO,2019,17412.0,53.595,dane
20614,20,RÍO DE ORO,2020,18076.0,53.884,dane
20614,20,RÍO DE ORO,2021,18486.0,53.846,dane
20621,20,LA PAZ,2017,27748.0,29.307,dane
20621,20,LA PAZ,2018,27748.0,29.307,dane
20621,20,LA PAZ,2019,28842.0,29.53,dane
20621,20,LA PAZ,2020,30085.0,29.709,dane
20621,20,LA PAZ,2021,30888.0,29.694,dane
20710,20,SAN ALBERTO,2017,26251.0,20.559,dane
20710,20,SAN ALBERTO,2018,26251.0,20.559,dane
20710,20,SAN ALBERTO,2019,27246.0,20.539,dane
20710,20,SAN ALBERTO,2020,28360.0,20.518,dane
20710,20,SAN ALBERTO,2021,29194.0,20.518,dane
20750,20,SAN DIEGO,2017,19038.0,44.716,dane
20750,20,SAN DIEGO,2018,19038.0,44.716,dane
20750,20,SAN DIEGO,2019,19941.0,45.168,dane
20750,20,SAN DIEGO,2020,20929.0,45.602,dane
20750,20,SAN DIEGO,2021,21620.0,45.652,dane
20770,20,SAN MARTÍN,2017,26668.0,46.134,dane
20770,20,SAN MARTÍN,2018,26668.0,46.134,dane
20770,20,SAN MARTÍN,2019,28024.0,46.093,dane
20770,20,SAN MARTÍN,2020,29463.0,46.085,dane
20770,20,SAN MARTÍN,2021,30577.0,46.09,dane
20787,20,TAMALAMEQUE,2017,15349.0,60.388,dane
20787,20,TAMALAMEQUE,2018,15349.0,60.388,dane
20787,20,TAMALAMEQUE,2019,15801.0,60.414,dane
20787,20,TAMALAMEQUE,2020,16305.0,60.485,dane
20787,20,TAMALAMEQUE,2021,16532.0,60.44,dane
23001,23,MONTERÍA,2017,490941.0,20.866,dane
23001,23,MONTERÍA,2018,490941.0,20.866,dane
23001,23,MONTERÍA,2019,503974.0,21.163,dane
23001,23,MONTERÍA,2020,517476.0,21.439,dane
23001,23,MONTERÍA,2021,529652.0,21.487,dane
23068,23,AYAPEL,2017,46968.0,41.168,dane
23068,23,AYAPEL,2018,46968.0,41.168,dane
23068,23,AYAPEL,2019,47596.0,41.182,dane
23068,23,AYAPEL,2020,48265.0,41.169,dane
23068,23,AYAPEL,2021,48777.0,41.222,dane
23079,23,BUENAVISTA,2017,21087.0,63.205,dane
23079,23,BUENAVISTA,2018,21087.0,63.205,dane
23079,23,BUENAVISTA,2019,21348.0,63.271,dane
23079,23,BUENAVISTA,2020,21642.0,63.349,dane
23079,23,BUENAVISTA,2021,21866.0,63.414,dane
23090,23,CANALETE,2017,15346.0,75.003,dane
23090,23,CANALETE,2018,15346.0,75.003,dane
23090,23,CANALETE,2019,15569.0,75.008,dane
23090,23,CANALETE,2020,15812.0,75.0,dane
23090,23,CANALETE,2021,15983.0,75.086,dane
23162,23,CERETÉ,2017,105826.0,44.029,dane
23162,23,CERETÉ,2018,105826.0,44.029,dane
23162,23,CERETÉ,2019,108346.0,44.195,dane
23162,23,CERETÉ,2020,110983.0,44.345,dane
23162,23,CERETÉ,2021,113247.0,44.369,dane
23168,23,CHIMÁ,2017,17539.0,78.22,dane
23168,23,CHIMÁ,2018,17539.0,78.22,dane
23168,23,CHIMÁ,2019,17910.0,78.537,dane
23168,23,CHIMÁ,2020,18314.0,78.754,dane
23168,23,CHIMÁ,2021,18619.0,78.946,dane
23182,23,CHINÚ,2017,47920.0,58.074,dane
23182,23,CHINÚ,2018,47920.0,58.074,dane
23182,23,CHINÚ,2019,48821.0,58.176,dane
23182,23,CHINÚ,2020,49847.0,58.248,dane
23182,23,CHINÚ,2021,50557.0,58.19,dane
23189,23,CIÉNAGA DE ORO,2017,59080.0,61.963,dane
23189,23,CIÉNAGA DE ORO,2018,59080.0,61.963,dane
23189,23,CIÉNAGA DE ORO,2019,59879.0,62.366,dane
23189,23,CIÉNAGA DE ORO,2020,60741.0,62.77,dane
23189,23,CIÉNAGA DE ORO,2021,61321.0,62.863,dane
23300,23,COTORRA,2017,19028.0,68.835,dane
23300,23,COTORRA,2018,19028.0,68.835,dane
23300,23,COTORRA,2019,19496.0,68.696,dane
23300,23,COTORRA,2020,19939.0,68.679,dane
23300,23,COTORRA,2021,20322.0,68.733,dane
23350,23,LA APARTADA,2017,14864.0,23.439,dane
23350,23,LA APARTADA,2018,14864.0,23.439,dane
23350,23,LA APARTADA,2019,15152.0,23.647,dane
23350,23,LA APARTADA,2020,15432.0,23.762,dane
23350,23,LA APARTADA,2021,15670.0,23.772,dane
23417,23,LORICA,2017,113908.0,53.106,dane
23417,23,LORICA,2018,113908.0,53.106,dane
23417,23,LORICA,2019,115527.0,52.727,dane
23417,23,LORICA,2020,117394.0,52.372,dane
23417,23,LORICA,2021,118492.0,52.278,dane
23419,23,LOS CÓRDOBAS,2017,18724.0,79.849,dane
23419,23,LOS CÓRDOBAS,2018,18724.0,79.849,dane
23419,23,LOS CÓRDOBAS,2019,18882.0,80.05,dane
23419,23,LOS CÓRDOBAS,2020,19038.0,80.187,dane
23419,23,LOS CÓRDOBAS,2021,19136.0,80.221,dane
23464,23,MOMIL,2017,19589.0,39.645,dane
23464,23,MOMIL,2018,19589.0,39.645,dane
23464,23,MOMIL,2019,20147.0,39.892,dane
23464,23,MOMIL,2020,20754.0,40.118,dane
23464,23,MOMIL,2021,21199.0,40.054,dane
23466,23,MONTELÍBANO,2017,81628.0,24.555,dane
23466,23,MONTELÍBANO,2018,81628.0,24.555,dane
23466,23,MONTELÍBANO,2019,82839.0,24.995,dane
23466,23,MONTELÍBANO,2020,84104.0,25.404,dane
23466,23,MONTELÍBANO,2021,85112.0,25.463,dane
23500,23,MOÑITOS,2017,29843.0,78.782,dane
23500,23,MOÑITOS,2018,29843.0,78.782,dane
23500,23,MOÑITOS,2019,30497.0,78.752,dane
23500,23,MOÑITOS,2020,31240.0,78.764,dane
23500,23,MOÑITOS,2021,31756.0,78.728,dane
23555,23,PLANETA RICA,2017,64212.0,35.788,dane
23555,23,PLANETA RICA,2018,64212.0,35.788,dane
23555,23,PLANETA RICA,2019,64786.0,35.958,dane
23555,23,PLANETA RICA,2020,65408.0,36.115,dane
23555,23,PLANETA RICA,2021,65791.0,36.168,dane
23570,23,PUEBLO NUEVO,2017,35650.0,71.498,dane
23570,23,PUEBLO NUEVO,2018,35650.0,71.498,dane
23570,23,PUEBLO NUEVO,2019,36160.0,71.684,dane
23570,23,PUEBLO NUEVO,2020,36735.0,71.801,dane
23570,23,PUEBLO NUEVO,2021,37099.0,71.881,dane
23574,23,PUERTO ESCONDIDO,2017,23635.0,82.217,dane
23574,23,PUERTO ESCONDIDO,2018,23635.0,82.217,dane
23574,23,PUERTO ESCONDIDO,2019,23901.0,82.394,dane
23574,23,PUERTO ESCONDIDO,2020,24206.0,82.599,dane
23574,23,PUERTO ESCONDIDO,2021,24370.0,82.659,dane
23580,23,PUERTO LIBERTADOR,2017,41875.0,68.42,dane
23580,23,PUERTO LIBERTADOR,2018,41875.0,68.42,dane
23580,23,PUERTO LIBERTADOR,2019,42662.0,68.67,dane
23580,23,PUERTO LIBERTADOR,2020,43486.0,68.896,dane
23580,23,PUERTO LIBERTADOR,2021,44120.0,68.96,dane
23586,23,PURÍSIMA DE LA CONCEPCIÓN,2017,17190.0,58.086,dane
23586,23,PURÍSIMA DE LA CONCEPCIÓN,2018,17190.0,58.086,dane
23586,23,PURÍSIMA DE LA CONCEPCIÓN,2019,17607.0,58.255,dane
23586,23,PURÍSIMA DE LA CONCEPCIÓN,2020,18019.0,58.366,dane
23586,23,PURÍSIMA DE LA CONCEPCIÓN,2021,18336.0,58.361,dane
23660,23,SAHAGÚN,2017,107621.0,50.092,dane
23660,23,SAHAGÚN,2018,107621.0,50.092,dane
23660,23,SAHAGÚN,2019,109807.0,50.442,dane
23660,23,SAHAGÚN,2020,112097.0,50.773,dane
23660,23,SAHAGÚN,2021,113914.0,50.851,dane
23670,23,SAN ANDRÉS DE SOTAVENTO,2017,48613.0,79.94,dane
23670,23,SAN ANDRÉS DE SOTAVENTO,2018,48613.0,79.94,dane
23670,23,SAN ANDRÉS DE SOTAVENTO,2019,49364.0,79.649,dane
23670,23,SAN ANDRÉS DE SOTAVENTO,2020,50255.0,79.351,dane
23670,23,SAN ANDRÉS DE SOTAVENTO,2021,50878.0,79.319,dane
23672,23,SAN ANTERO,2017,33874.0,52.79,dane
23672,23,SAN ANTERO,2018,33874.0,52.79,dane
23672,23,SAN ANTERO,2019,34867.0,52.981,dane
23672,23,SAN ANTERO,2020,35934.0,53.192,dane
23672,23,SAN ANTERO,2021,36757.0,53.171,dane
23675,23,SAN BERNARDO DEL VIENTO,2017,36999.0,75.44,dane
23675,23,SAN BERNARDO DEL VIENTO,2018,36999.0,75.44,dane
23675,23,SAN BERNARDO DEL VIENTO,2019,37813.0,75.36,dane
23675,23,SAN BERNARDO DEL VIENTO,2020,38682.0,75.262,dane
23675,23,SAN BERNARDO DEL VIENTO,2021,39356.0,75.264,dane
23678,23,SAN CARLOS,2017,26959.0,82.822,dane
23678,23,SAN CARLOS,2018,26959.0,82.822,dane
23678,23,SAN CARLOS,2019,27364.0,82.985,dane
23678,23,SAN CARLOS,2020,27783.0,83.123,dane
23678,23,SAN CARLOS,2021,28063.0,83.199,dane
23682,23,SAN JOSÉ DE URÉ,2017,13344.0,61.361,dane
23682,23,SAN JOSÉ DE URÉ,2018,13344.0,61.361,dane
23682,23,SAN JOSÉ DE URÉ,2019,13695.0,61.621,dane
23682,23,SAN JOSÉ DE URÉ,2020,14084.0,61.943,dane
23682,23,SAN JOSÉ DE URÉ,2021,14418.0,61.93,dane
23686,23,SAN PELAYO,2017,51852.0,82.425,dane
23686,23,SAN PELAYO,2018,51852.0,82.425,dane
23686,23,SAN PELAYO,2019,53060.0,82.576,dane
23686,23,SAN PELAYO,2020,54279.0,82.735,dane
23686,23,SAN PELAYO,2021,55304.0,82.79,dane
23807,23,TIERRALTA,2017,92339.0,54.245,dane
23807,23,TIERRALTA,2018,92339.0,54.245,dane
23807,23,TIERRALTA,2019,94016.0,54.255,dane
23807,23,TIERRALTA,2020,95738.0,54.275,dane
23807,23,TIERRALTA,2021,97113.0,54.296,dane
23815,23,TUCHÍN,2017,52619.0,85.591,dane
23815,23,TUCHÍN,2018,52619.0,85.591,dane
23815,23,TUCHÍN,2019,54166.0,85.681,dane
23815,23,TUCHÍN,2020,55812.0,85.745,dane
23815,23,TUCHÍN,2021,57141.0,85.779,dane
23855,23,VALENCIA,2017,35681.0,53.953,dane
23855,23,VALENCIA,2018,35681.0,53.953,dane
23855,23,VALENCIA,2019,35988.0,54.007,dane
23855,23,VALENCIA,2020,36311.0,54.022,dane
23855,23,VALENCIA,2021,36493.0,54.01,dane
25001,25,AGUA DE DIOS,2017,11687.0,21.973,dane
25001,25,AGUA DE DIOS,2018,11687.0,21.973,dane
25001,25,AGUA DE DIOS,2019,11730.0,21.679,dane
25001,25,AGUA DE DIOS,2020,11783.0,21.31,dane
25001,25,AGUA DE DIOS,2021,11818.0,21.044,dane
25019,25,ALBÁN,2017,6389.0,72.985,dane
25019,25,ALBÁN,2018,6389.0,72.985,dane
25019,25,ALBÁN,2019,6514.0,72.076,dane
25019,25,ALBÁN,2020,6657.0,71.534,dane
25019,25,ALBÁN,2021,6736.0,70.888,dane
25035,25,ANAPOIMA,2017,14520.0,60.069,dane
25035,25,ANAPOIMA,2018,14520.0,60.069,dane
25035,25,ANAPOIMA,2019,14923.0,59.023,dane
25035,25,ANAPOIMA,2020,15313.0,58.062,dane
25035,25,ANAPOIMA,2021,15659.0,57.328,dane
25040,25,ANOLAIMA,2017,13738.0,68.22,dane
25040,25,ANOLAIMA,2018,13738.0,68.22,dane
25040,25,ANOLAIMA,2019,13923.0,67.608,dane
25040,25,ANOLAIMA,2020,14187.0,67.407,dane
25040,25,ANOLAIMA,2021,14309.0,66.748,dane
25053,25,ARBELÁEZ,2017,10863.0,60.149,dane
25053,25,ARBELÁEZ,2018,10863.0,60.149,dane
25053,25,ARBELÁEZ,2019,10882.0,58.767,dane
25053,25,ARBELÁEZ,2020,10922.0,57.16,dane
25053,25,ARBELÁEZ,2021,10877.0,56.385,dane
25086,25,BELTRÁN,2017,1780.0,80.112,dane
25086,25,BELTRÁN,2018,1780.0,80.112,dane
25086,25,BELTRÁN,2019,1773.0,79.865,dane
25086,25,BELTRÁN,2020,1790.0,79.05,dane
25086,25,BELTRÁN,2021,1801.0,77.568,dane
25095,25,BITUIMA,2017,2434.0,81.758,dane
25095,25,BITUIMA,2018,2434.0,81.758,dane
25095,25,BITUIMA,2019,2463.0,80.471,dane
25095,25,BITUIMA,2020,2498.0,79.824,dane
25095,25,BITUIMA,2021,2505.0,79.481,dane
25099,25,BOJACÁ,2017,9970.0,22.197,dane
25099,25,BOJACÁ,2018,9970.0,22.197,dane
25099,25,BOJACÁ,2019,10145.0,20.779,dane
25099,25,BOJACÁ,2020,10268.0,19.459,dane
25099,25,BOJACÁ,2021,10442.0,19.038,dane
25120,25,CABRERA,2017,4715.0,76.373,dane
25120,25,CABRERA,2018,4715.0,76.373,dane
25120,25,CABRERA,2019,4779.0,76.041,dane
25120,25,CABRERA,2020,4834.0,75.548,dane
25120,25,CABRERA,2021,4862.0,74.887,dane
25123,25,CACHIPAY,2017,9930.0,64.31,dane
25123,25,CACHIPAY,2018,9930.0,64.31,dane
25123,25,CACHIPAY,2019,10023.0,63.504,dane
25123,25,CACHIPAY,2020,10173.0,62.912,dane
25123,25,CACHIPAY,2021,10248.0,62.295,dane
25126,25,CAJICÁ,2017,87218.0,38.131,dane
25126,25,CAJICÁ,2018,87218.0,38.131,dane
25126,25,CAJICÁ,2019,96058.0,40.075,dane
25126,25,CAJICÁ,2020,101936.0,39.689,dane
25126,25,CAJICÁ,2021,106569.0,39.19,dane
25148,25,CAPARRAPÍ,2017,12499.0,75.07,dane
25148,25,CAPARRAPÍ,2018,12499.0,75.07,dane
25148,25,CAPARRAPÍ,2019,12371.0,74.068,dane
25148,25,CAPARRAPÍ,2020,12307.0,73.349,dane
25148,25,CAPARRAPÍ,2021,12112.0,72.622,dane
25151,25,CÁQUEZA,2017,17078.0,55.328,dane
25151,25,CÁQUEZA,2018,17078.0,55.328,dane
25151,25,CÁQUEZA,2019,17283.0,53.966,dane
25151,25,CÁQUEZA,2020,17558.0,53.07,dane
25151,25,CÁQUEZA,2021,17731.0,52.372,dane
25154,25,CARMEN DE CARUPA,2017,7555.0,71.926,dane
25154,25,CARMEN DE CARUPA,2018,7555.0,71.926,dane
25154,25,CARMEN DE CARUPA,2019,7606.0,70.444,dane
25154,25,CARMEN DE CARUPA,2020,7700.0,69.377,dane
25154,25,CARMEN DE CARUPA,2021,7718.0,68.476,dane
25168,25,CHAGUANÍ,2017,4169.0,77.357,dane
25168,25,CHAGUANÍ,2018,4169.0,77.357,dane
25168,25,CHAGUANÍ,2019,4244.0,76.202,dane
25168,25,CHAGUANÍ,2020,4286.0,75.735,dane
25168,25,CHAGUANÍ,2021,4307.0,74.878,dane
25175,25,CHÍA,2017,136742.0,23.059,dane
25175,25,CHÍA,2018,136742.0,23.059,dane
25175,25,CHÍA,2019,145682.0,24.115,dane
25175,25,CHÍA,2020,152026.0,23.38,dane
25175,25,CHÍA,2021,156919.0,23.028,dane
25178,25,CHIPAQUE,2017,9409.0,71.06,dane
25178,25,CHIPAQUE,2018,9409.0,71.06,dane
25178,25,CHIPAQUE,2019,9575.0,70.037,dane
25178,25,CHIPAQUE,2020,9790.0,69.336,dane
25178,25,CHIPAQUE,2021,9887.0,68.575,dane
25181,25,CHOACHÍ,2017,10933.0,61.575,dane
25181,25,CHOACHÍ,2018,10933.0,61.575,dane
25181,25,CHOACHÍ,2019,11033.0,60.382,dane
25181,25,CHOACHÍ,2020,11172.0,59.488,dane
25181,25,CHOACHÍ,2021,11208.0,58.726,dane
25183,25,CHOCONTÁ,2017,20545.0,48.133,dane
25183,25,CHOCONTÁ,2018,20545.0,48.133,dane
25183,25,CHOCONTÁ,2019,20852.0,46.514,dane
25183,25,CHOCONTÁ,2020,21178.0,45.255,dane
25183,25,CHOCONTÁ,2021,21391.0,44.43,dane
25200,25,COGUA,2017,21974.0,64.822,dane
25200,25,COGUA,2018,21974.0,64.822,dane
25200,25,COGUA,2019,22536.0,63.605,dane
25200,25,COGUA,2020,23198.0,62.773,dane
25200,25,COGUA,2021,23670.0,61.969,dane
25214,25,COTA,2017,34864.0,41.461,dane
25214,25,COTA,2018,34864.0,41.461,dane
25214,25,COTA,2019,38327.0,43.447,dane
25214,25,COTA,2020,40458.0,42.99,dane
25214,25,COTA,2021,42076.0,42.433,dane
25224,25,CUCUNUBÁ,2017,7560.0,84.881,dane
25224,25,CUCUNUBÁ,2018,7560.0,84.881,dane
25224,25,CUCUNUBÁ,2019,7696.0,84.031,dane
25224,25,CUCUNUBÁ,2020,7901.0,83.369,dane
25224,25,CUCUNUBÁ,2021,7979.0,82.667,dane
25245,25,EL COLEGIO,2017,23833.0,56.548,dane
25245,25,EL COLEGIO,2018,23833.0,56.548,dane
25245,25,EL COLEGIO,2019,24378.0,55.521,dane
25245,25,EL COLEGIO,2020,24986.0,54.867,dane
25245,25,EL COLEGIO,2021,25420.0,54.162,dane
25258,25,EL PEÑÓN,2017,4635.0,87.551,dane
25258,25,EL PEÑÓN,2018,4635.0,87.551,dane
25258,25,EL PEÑÓN,2019,4666.0,86.562,dane
25258,25,EL PEÑÓN,2020,4734.0,85.763,dane
25258,25,EL PEÑÓN,2021,4733.0,85.062,dane
25260,25,EL ROSAL,2017,22208.0,13.774,dane
25260,25,EL ROSAL,2018,22208.0,13.774,dane
25260,25,EL ROSAL,2019,23038.0,12.05,dane
25260,25,EL ROSAL,2020,23761.0,10.475,dane
25260,25,EL ROSAL,2021,24545.0,10.161,dane
25269,25,FACATATIVÁ,2017,140539.0,9.906,dane
25269,25,FACATATIVÁ,2018,140539.0,9.906,dane
25269,25,FACATATIVÁ,2019,144447.0,8.794,dane
25269,25,FACATATIVÁ,2020,147834.0,7.825,dane
25269,25,FACATATIVÁ,2021,151663.0,7.577,dane
25279,25,FÓMEQUE,2017,11952.0,56.099,dane
25279,25,FÓMEQUE,2018,11952.0,56.099,dane
25279,25,FÓMEQUE,2019,12059.0,54.631,dane
25279,25,FÓMEQUE,2020,12196.0,53.583,dane
25279,25,FÓMEQUE,2021,12273.0,52.766,dane
25281,25,FOSCA,2017,5755.0,75.83,dane
25281,25,FOSCA,2018,5755.0,75.83,dane
25281,25,FOSCA,2019,5734.0,75.009,dane
25281,25,FOSCA,2020,5776.0,74.1,dane
25281,25,FOSCA,2021,5756.0,73.228,dane
25286,25,FUNZA,2017,93357.0,3.156,dane
25286,25,FUNZA,2018,93357.0,3.156,dane
25286,25,FUNZA,2019,98143.0,3.715,dane
25286,25,FUNZA,2020,103181.0,3.945,dane
25286,25,FUNZA,2021,107297.0,3.855,dane
25288,25,FÚQUENE,2017,4841.0,96.509,dane
25288,25,FÚQUENE,2018,4841.0,96.509,dane
25288,25,FÚQUENE,2019,4877.0,96.33,dane
25288,25,FÚQUENE,2020,4960.0,95.665,dane
25288,25,FÚQUENE,2021,4991.0,94.871,dane
25290,25,FUSAGASUGÁ,2017,138503.0,17.17,dane
25290,25,FUSAGASUGÁ,2018,138503.0,17.17,dane
25290,25,FUSAGASUGÁ,2019,141657.0,16.068,dane
25290,25,FUSAGASUGÁ,2020,144867.0,14.997,dane
25290,25,FUSAGASUGÁ,2021,148056.0,14.64,dane
25293,25,GACHALÁ,2017,4436.0,64.788,dane
25293,25,GACHALÁ,2018,4436.0,64.788,dane
25293,25,GACHALÁ,2019,4441.0,63.882,dane
25293,25,GACHALÁ,2020,4495.0,63.159,dane
25293,25,GACHALÁ,2021,4512.0,62.633,dane
25295,25,GACHANCIPÁ,2017,17062.0,33.396,dane
25295,25,GACHANCIPÁ,2018,17062.0,33.396,dane
25295,25,GACHANCIPÁ,2019,17757.0,31.88,dane
25295,25,GACHANCIPÁ,2020,18441.0,30.676,dane
25295,25,GACHANCIPÁ,2021,19070.0,30.016,dane
25297,25,GACHETÁ,2017,8401.0,59.16,dane
25297,25,GACHETÁ,2018,8401.0,59.16,dane
25297,25,GACHETÁ,2019,8471.0,58.01,dane
25297,25,GACHETÁ,2020,8558.0,56.976,dane
25297,25,GACHETÁ,2021,8591.0,56.198,dane
25299,25,GAMA,2017,3086.0,76.928,dane
25299,25,GAMA,2018,3086.0,76.928,dane
25299,25,GAMA,2019,3108.0,75.933,dane
25299,25,GAMA,2020,3157.0,74.596,dane
25299,25,GAMA,2021,3174.0,73.787,dane
25307,25,GIRARDOT,2017,101024.0,5.539,dane
25307,25,GIRARDOT,2018,101024.0,5.539,dane
25307,25,GIRARDOT,2019,101575.0,4.875,dane
25307,25,GIRARDOT,2020,102135.0,4.19,dane
25307,25,GIRARDOT,2021,102742.0,4.062,dane
25312,25,GRANADA,2017,7132.0,73.962,dane
25312,25,GRANADA,2018,7132.0,73.962,dane
25312,25,GRANADA,2019,7239.0,72.8,dane
25312,25,GRANADA,2020,7380.0,72.06,dane
25312,25,GRANADA,2021,7444.0,71.252,dane
25317,25,GUACHETÁ,2017,13246.0,54.847,dane
25317,25,GUACHETÁ,2018,13246.0,54.847,dane
25317,25,GUACHETÁ,2019,13543.0,53.814,dane
25317,25,GUACHETÁ,2020,13847.0,53.203,dane
25317,25,GUACHETÁ,2021,14108.0,52.552,dane
25320,25,GUADUAS,2017,30521.0,55.391,dane
25320,25,GUADUAS,2018,30521.0,55.391,dane
25320,25,GUADUAS,2019,30678.0,54.146,dane
25320,25,GUADUAS,2020,30839.0,52.936,dane
25320,25,GUADUAS,2021,30883.0,52.142,dane
25322,25,GUASCA,2017,15304.0,59.618,dane
25322,25,GUASCA,2018,15304.0,59.618,dane
25322,25,GUASCA,2019,15717.0,58.185,dane
25322,25,GUASCA,2020,16190.0,57.19,dane
25322,25,GUASCA,2021,16546.0,56.431,dane
25324,25,GUATAQUÍ,2017,2849.0,57.704,dane
25324,25,GUATAQUÍ,2018,2849.0,57.704,dane
25324,25,GUATAQUÍ,2019,2898.0,56.66,dane
25324,25,GUATAQUÍ,2020,2968.0,55.02,dane
25324,25,GUATAQUÍ,2021,2984.0,54.625,dane
25326,25,GUATAVITA,2017,6305.0,64.489,dane
25326,25,GUATAVITA,2018,6305.0,64.489,dane
25326,25,GUATAVITA,2019,6338.0,63.364,dane
25326,25,GUATAVITA,2020,6409.0,62.443,dane
25326,25,GUATAVITA,2021,6417.0,61.742,dane
25328,25,GUAYABAL DE SÍQUIMA,2017,4422.0,76.707,dane
25328,25,GUAYABAL DE SÍQUIMA,2018,4422.0,76.707,dane
25328,25,GUAYABAL DE SÍQUIMA,2019,4518.0,75.83,dane
25328,25,GUAYABAL DE SÍQUIMA,2020,4679.0,75.123,dane
25328,25,GUAYABAL DE SÍQUIMA,2021,4791.0,74.076,dane
25335,25,GUAYABETAL,2017,6199.0,68.059,dane
25335,25,GUAYABETAL,2018,6199.0,68.059,dane
25335,25,GUAYABETAL,2019,6353.0,66.866,dane
25335,25,GUAYABETAL,2020,6543.0,66.193,dane
25335,25,GUAYABETAL,2021,6659.0,65.355,dane
25339,25,GUTIÉRREZ,2017,3380.0,70.74,dane
25339,25,GUTIÉRREZ,2018,3380.0,70.74,dane
25339,25,GUTIÉRREZ,2019,3423.0,69.588,dane
25339,25,GUTIÉRREZ,2020,3465.0,68.831,dane
25339,25,GUTIÉRREZ,2021,3483.0,68.016,dane
25368,25,JERUSALÉN,2017,2287.0,64.539,dane
25368,25,JERUSALÉN,2018,2287.0,64.539,dane
25368,25,JERUSALÉN,2019,2249.0,64.251,dane
25368,25,JERUSALÉN,2020,2259.0,63.17,dane
25368,25,JERUSALÉN,2021,2243.0,62.327,dane
25372,25,JUNÍN,2017,5755.0,85.56,dane
25372,25,JUNÍN,2018,5755.0,85.56,dane
25372,25,JUNÍN,2019,5667.0,84.542,dane
25372,25,JUNÍN,2020,5623.0,83.585,dane
25372,25,JUNÍN,2021,5495.0,82.748,dane
25377,25,LA CALERA,2017,32815.0,59.086,dane
25377,25,LA CALERA,2018,32815.0,59.086,dane
25377,25,LA CALERA,2019,36418.0,61.203,dane
25377,25,LA CALERA,2020,38181.0,60.978,dane
25377,25,LA CALERA,2021,39377.0,60.363,dane
25386,25,LA MESA,2017,32707.0,47.916,dane
25386,25,LA MESA,2018,32707.0,47.916,dane
25386,25,LA MESA,2019,33492.0,46.545,dane
25386,25,LA MESA,2020,34331.0,45.6,dane
25386,25,LA MESA,2021,35034.0,44.839,dane
25394,25,LA PALMA,2017,9458.0,55.942,dane
25394,25,LA PALMA,2018,9458.0,55.942,dane
25394,25,LA PALMA,2019,9529.0,54.843,dane
25394,25,LA PALMA,2020,9629.0,54.294,dane
25394,25,LA PALMA,2021,9665.0,53.595,dane
25398,25,LA PEÑA,2017,5863.0,82.415,dane
25398,25,LA PEÑA,2018,5863.0,82.415,dane
25398,25,LA PEÑA,2019,5913.0,81.515,dane
25398,25,LA PEÑA,2020,6004.0,80.73,dane
25398,25,LA PEÑA,2021,6030.0,79.884,dane
25402,25,LA VEGA,2017,16916.0,62.929,dane
25402,25,LA VEGA,2018,16916.0,62.929,dane
25402,25,LA VEGA,2019,17322.0,61.702,dane
25402,25,LA VEGA,2020,17788.0,60.822,dane
25402,25,LA VEGA,2021,18111.0,60.019,dane
25407,25,LENGUAZAQUE,2017,10011.0,71.791,dane
25407,25,LENGUAZAQUE,2018,10011.0,71.791,dane
25407,25,LENGUAZAQUE,2019,10153.0,70.826,dane
25407,25,LENGUAZAQUE,2020,10345.0,70.024,dane
25407,25,LENGUAZAQUE,2021,10444.0,69.207,dane
25426,25,MACHETÁ,2017,6086.0,73.677,dane
25426,25,MACHETÁ,2018,6086.0,73.677,dane
25426,25,MACHETÁ,2019,6132.0,72.342,dane
25426,25,MACHETÁ,2020,6219.0,71.201,dane
25426,25,MACHETÁ,2021,6239.0,70.3,dane
25430,25,MADRID,2017,113204.0,8.345,dane
25430,25,MADRID,2018,113204.0,8.345,dane
25430,25,MADRID,2019,118034.0,7.072,dane
25430,25,MADRID,2020,122381.0,5.974,dane
25430,25,MADRID,2021,127066.0,5.752,dane
25436,25,MANTA,2017,3707.0,73.132,dane
25436,25,MANTA,2018,3707.0,73.132,dane
25436,25,MANTA,2019,3705.0,71.957,dane
25436,25,MANTA,2020,3689.0,71.157,dane
25436,25,MANTA,2021,3660.0,70.219,dane
25438,25,MEDINA,2017,8011.0,48.87,dane
25438,25,MEDINA,2018,8011.0,48.87,dane
25438,25,MEDINA,2019,8126.0,46.542,dane
25438,25,MEDINA,2020,8259.0,44.291,dane
25438,25,MEDINA,2021,8342.0,43.347,dane
25473,25,MOSQUERA,2017,130255.0,2.004,dane
25473,25,MOSQUERA,2018,130255.0,2.004,dane
25473,25,MOSQUERA,2019,138336.0,2.069,dane
25473,25,MOSQUERA,2020,146907.0,1.945,dane
25473,25,MOSQUERA,2021,154200.0,1.916,dane
25483,25,NARIÑO,2017,2328.0,29.854,dane
25483,25,NARIÑO,2018,2328.0,29.854,dane
25483,25,NARIÑO,2019,2380.0,29.076,dane
25483,25,NARIÑO,2020,2389.0,28.254,dane
25483,25,NARIÑO,2021,2407.0,27.919,dane
25486,25,NEMOCÓN,2017,13175.0,50.991,dane
25486,25,NEMOCÓN,2018,13175.0,50.991,dane
25486,25,NEMOCÓN,2019,13434.0,50.082,dane
25486,25,NEMOCÓN,2020,13761.0,49.582,dane
25486,25,NEMOCÓN,2021,14007.0,48.911,dane
25488,25,NILO,2017,10828.0,74.511,dane
25488,25,NILO,2018,10828.0,74.511,dane
25488,25,NILO,2019,10872.0,73.418,dane
25488,25,NILO,2020,10940.0,72.322,dane
25488,25,NILO,2021,10950.0,71.635,dane
25489,25,NIMAIMA,2017,3572.0,80.515,dane
25489,25,NIMAIMA,2018,3572.0,80.515,dane
25489,25,NIMAIMA,2019,3580.0,79.358,dane
25489,25,NIMAIMA,2020,3634.0,78.178,dane
25489,25,NIMAIMA,2021,3651.0,77.212,dane
25491,25,NOCAIMA,2017,6053.0,67.983,dane
25491,25,NOCAIMA,2018,6053.0,67.983,dane
25491,25,NOCAIMA,2019,6008.0,67.26,dane
25491,25,NOCAIMA,2020,6001.0,66.622,dane
25491,25,NOCAIMA,2021,5926.0,65.947,dane
25506,25,VENECIA,2017,4222.0,71.577,dane
25506,25,VENECIA,2018,4222.0,71.577,dane
25506,25,VENECIA,2019,4281.0,70.684,dane
25506,25,VENECIA,2020,4355.0,69.828,dane
25506,25,VENECIA,2021,4392.0,69.331,dane
25513,25,PACHO,2017,24385.0,47.373,dane
25513,25,PACHO,2018,24385.0,47.373,dane
25513,25,PACHO,2019,24608.0,46.058,dane
25513,25,PACHO,2020,24816.0,45.124,dane
25513,25,PACHO,2021,24916.0,44.369,dane
25518,25,PAIME,2017,4164.0,87.464,dane
25518,25,PAIME,2018,4164.0,87.464,dane
25518,25,PAIME,2019,4108.0,86.904,dane
25518,25,PAIME,2020,4104.0,86.404,dane
25518,25,PAIME,2021,4043.0,85.58,dane
25524,25,PANDI,2017,4980.0,77.871,dane
25524,25,PANDI,2018,4980.0,77.871,dane
25524,25,PANDI,2019,4996.0,77.142,dane
25524,25,PANDI,2020,5004.0,76.539,dane
25524,25,PANDI,2021,4996.0,75.861,dane
25530,25,PARATEBUENO,2017,8317.0,58.507,dane
25530,25,PARATEBUENO,2018,8317.0,58.507,dane
25530,25,PARATEBUENO,2019,8465.0,57.153,dane
25530,25,PARATEBUENO,2020,8601.0,55.912,dane
25530,25,PARATEBUENO,2021,8677.0,55.238,dane
25535,25,PASCA,2017,9108.0,69.719,dane
25535,25,PASCA,2018,9108.0,69.719,dane
25535,25,PASCA,2019,9185.0,68.743,dane
25535,25,PASCA,2020,9266.0,67.764,dane
25535,25,PASCA,2021,9298.0,67.122,dane
25572,25,PUERTO SALGAR,2017,15453.0,28.279,dane
25572,25,PUERTO SALGAR,2018,15453.0,28.279,dane
25572,25,PUERTO SALGAR,2019,15548.0,27.412,dane
25572,25,PUERTO SALGAR,2020,15634.0,26.506,dane
25572,25,PUERTO SALGAR,2021,15697.0,26.069,dane
25580,25,PULÍ,2017,3321.0,79.855,dane
25580,25,PULÍ,2018,3321.0,79.855,dane
25580,25,PULÍ,2019,3403.0,78.548,dane
25580,25,PULÍ,2020,3469.0,77.63,dane
25580,25,PULÍ,2021,3516.0,77.105,dane
25592,25,QUEBRADANEGRA,2017,4669.0,90.983,dane
25592,25,QUEBRADANEGRA,2018,4669.0,90.983,dane
25592,25,QUEBRADANEGRA,2019,4738.0,89.954,dane
25592,25,QUEBRADANEGRA,2020,4831.0,89.215,dane
25592,25,QUEBRADANEGRA,2021,4860.0,88.313,dane
25594,25,QUETAME,2017,5030.0,72.922,dane
25594,25,QUETAME,2018,5030.0,72.922,dane
25594,25,QUETAME,2019,5080.0,71.654,dane
25594,25,QUETAME,2020,5145.0,70.671,dane
25594,25,QUETAME,2021,5174.0,69.907,dane
25596,25,QUIPILE,2017,6242.0,89.33,dane
25596,25,QUIPILE,2018,6242.0,89.33,dane
25596,25,QUIPILE,2019,6184.0,88.583,dane
25596,25,QUIPILE,2020,6167.0,87.984,dane
25596,25,QUIPILE,2021,6077.0,87.444,dane
25599,25,APULO,2017,8196.0,56.784,dane
25599,25,APULO,2018,8196.0,56.784,dane
25599,25,APULO,2019,8289.0,56.243,dane
25599,25,APULO,2020,8396.0,55.681,dane
25599,25,APULO,2021,8461.0,55.159,dane
25612,25,RICAURTE,2017,12874.0,46.73,dane
25612,25,RICAURTE,2018,12874.0,46.73,dane
25612,25,RICAURTE,2019,13317.0,45.438,dane
25612,25,RICAURTE,2020,13765.0,44.199,dane
25612,25,RICAURTE,2021,14153.0,43.432,dane
25645,25,SAN ANTONIO DEL TEQUENDAMA,2017,11751.0,92.128,dane
25645,25,SAN ANTONIO DEL TEQUENDAMA,2018,11751.0,92.128,dane
25645,25,SAN ANTONIO DEL TEQUENDAMA,2019,11853.0,91.403,dane
25645,25,SAN ANTONIO DEL TEQUENDAMA,2020,12061.0,90.714,dane
25645,25,SAN ANTONIO DEL TEQUENDAMA,2021,12136.0,89.906,dane
25649,25,SAN BERNARDO,2017,8473.0,58.905,dane
25649,25,SAN BERNARDO,2018,8473.0,58.905,dane
25649,25,SAN BERNARDO,2019,8554.0,57.856,dane
25649,25,SAN BERNARDO,2020,8607.0,56.861,dane
25649,25,SAN BERNARDO,2021,8644.0,56.074,dane
25653,25,SAN CAYETANO,2017,4802.0,87.214,dane
25653,25,SAN CAYETANO,2018,4802.0,87.214,dane
25653,25,SAN CAYETANO,2019,4828.0,86.04,dane
25653,25,SAN CAYETANO,2020,4893.0,84.999,dane
25653,25,SAN CAYETANO,2021,4888.0,84.165,dane
25658,25,SAN FRANCISCO,2017,10730.0,58.639,dane
25658,25,SAN FRANCISCO,2018,10730.0,58.639,dane
25658,25,SAN FRANCISCO,2019,11056.0,57.706,dane
25658,25,SAN FRANCISCO,2020,11418.0,57.068,dane
25658,25,SAN FRANCISCO,2021,11716.0,56.384,dane
25662,25,SAN JUAN DE RIOSECO,2017,8180.0,63.423,dane
25662,25,SAN JUAN DE RIOSECO,2018,8180.0,63.423,dane
25662,25,SAN JUAN DE RIOSECO,2019,8242.0,62.764,dane
25662,25,SAN JUAN DE RIOSECO,2020,8317.0,62.102,dane
25662,25,SAN JUAN DE RIOSECO,2021,8340.0,61.559,dane
25718,25,SASAIMA,2017,10653.0,75.65,dane
25718,25,SASAIMA,2018,10653.0,75.65,dane
25718,25,SASAIMA,2019,10787.0,74.729,dane
25718,25,SASAIMA,2020,11018.0,73.961,dane
25718,25,SASAIMA,2021,11120.0,73.228,dane
25736,25,SESQUILÉ,2017,11380.0,69.525,dane
25736,25,SESQUILÉ,2018,11380.0,69.525,dane
25736,25,SESQUILÉ,2019,11628.0,68.361,dane
25736,25,SESQUILÉ,2020,11929.0,67.558,dane
25736,25,SESQUILÉ,2021,12167.0,66.68,dane
25740,25,SIBATÉ,2017,35219.0,33.07,dane
25740,25,SIBATÉ,2018,35219.0,33.07,dane
25740,25,SIBATÉ,2019,37338.0,35.307,dane
25740,25,SIBATÉ,2020,38454.0,35.312,dane
25740,25,SIBATÉ,2021,39008.0,34.952,dane
25743,25,SILVANIA,2017,21628.0,68.18,dane
25743,25,SILVANIA,2018,21628.0,68.18,dane
25743,25,SILVANIA,2019,21853.0,67.245,dane
25743,25,SILVANIA,2020,22084.0,66.243,dane
25743,25,SILVANIA,2021,22224.0,65.524,dane
25745,25,SIMIJACA,2017,12847.0,41.854,dane
25745,25,SIMIJACA,2018,12847.0,41.854,dane
25745,25,SIMIJACA,2019,13129.0,40.247,dane
25745,25,SIMIJACA,2020,13412.0,39.166,dane
25745,25,SIMIJACA,2021,13670.0,38.449,dane
25754,25,SOACHA,2017,659218.0,0.924,dane
25754,25,SOACHA,2018,659218.0,0.924,dane
25754,25,SOACHA,2019,692774.0,0.958,dane
25754,25,SOACHA,2020,729462.0,0.897,dane
25754,25,SOACHA,2021,760132.0,0.886,dane
25758,25,SOPÓ,2017,27249.0,36.192,dane
25758,25,SOPÓ,2018,27249.0,36.192,dane
25758,25,SOPÓ,2019,29252.0,37.584,dane
25758,25,SOPÓ,2020,30355.0,36.65,dane
25758,25,SOPÓ,2021,31102.0,36.097,dane
25769,25,SUBACHOQUE,2017,15657.0,53.273,dane
25769,25,SUBACHOQUE,2018,15657.0,53.273,dane
25769,25,SUBACHOQUE,2019,16048.0,51.34,dane
25769,25,SUBACHOQUE,2020,16461.0,49.778,dane
25769,25,SUBACHOQUE,2021,16797.0,48.902,dane
25772,25,SUESCA,2017,16997.0,55.727,dane
25772,25,SUESCA,2018,16997.0,55.727,dane
25772,25,SUESCA,2019,17399.0,54.222,dane
25772,25,SUESCA,2020,17860.0,53.163,dane
25772,25,SUESCA,2021,18214.0,52.306,dane
25777,25,SUPATÁ,2017,5167.0,68.028,dane
25777,25,SUPATÁ,2018,5167.0,68.028,dane
25777,25,SUPATÁ,2019,5244.0,67.296,dane
25777,25,SUPATÁ,2020,5369.0,66.511,dane
25777,25,SUPATÁ,2021,5392.0,65.838,dane
25779,25,SUSA,2017,6435.0,65.828,dane
25779,25,SUSA,2018,6435.0,65.828,dane
25779,25,SUSA,2019,6469.0,64.492,dane
25779,25,SUSA,2020,6538.0,63.597,dane
25779,25,SUSA,2021,6567.0,62.707,dane
25781,25,SUTATAUSA,2017,5847.0,67.47,dane
25781,25,SUTATAUSA,2018,5847.0,67.47,dane
25781,25,SUTATAUSA,2019,6013.0,66.207,dane
25781,25,SUTATAUSA,2020,6210.0,65.33,dane
25781,25,SUTATAUSA,2021,6362.0,64.461,dane
25785,25,TABIO,2017,21566.0,70.351,dane
25785,25,TABIO,2018,21566.0,70.351,dane
25785,25,TABIO,2019,21850.0,69.368,dane
25785,25,TABIO,2020,22248.0,68.608,dane
25785,25,TABIO,2021,22431.0,67.83,dane
25793,25,TAUSA,2017,8005.0,82.723,dane
25793,25,TAUSA,2018,8005.0,82.723,dane
25793,25,TAUSA,2019,8122.0,81.519,dane
25793,25,TAUSA,2020,8300.0,80.458,dane
25793,25,TAUSA,2021,8371.0,79.74,dane
25797,25,TENA,2017,9473.0,93.677,dane
25797,25,TENA,2018,9473.0,93.677,dane
25797,25,TENA,2019,9770.0,92.784,dane
25797,25,TENA,2020,10129.0,92.132,dane
25797,25,TENA,2021,10384.0,91.381,dane
25799,25,TENJO,2017,21857.0,60.159,dane
25799,25,TENJO,2018,21857.0,60.159,dane
25799,25,TENJO,2019,22391.0,58.537,dane
25799,25,TENJO,2020,23002.0,57.334,dane
25799,25,TENJO,2021,23443.0,56.396,dane
25805,25,TIBACUY,2017,4354.0,87.115,dane
25805,25,TIBACUY,2018,4354.0,87.115,dane
25805,25,TIBACUY,2019,4377.0,86.429,dane
25805,25,TIBACUY,2020,4390.0,85.9,dane
25805,25,TIBACUY,2021,4358.0,85.636,dane
25807,25,TIBIRITA,2017,3132.0,83.078,dane
25807,25,TIBIRITA,2018,3132.0,83.078,dane
25807,25,TIBIRITA,2019,3176.0,82.399,dane
25807,25,TIBIRITA,2020,3251.0,82.036,dane
25807,25,TIBIRITA,2021,3270.0,81.59,dane
25815,25,TOCAIMA,2017,15737.0,39.099,dane
25815,25,TOCAIMA,2018,15737.0,39.099,dane
25815,25,TOCAIMA,2019,15830.0,38.124,dane
25815,25,TOCAIMA,2020,15923.0,37.166,dane
25815,25,TOCAIMA,2021,15961.0,36.627,dane
25817,25,TOCANCIPÁ,2017,39860.0,61.096,dane
25817,25,TOCANCIPÁ,2018,39860.0,61.096,dane
25817,25,TOCANCIPÁ,2019,41456.0,59.837,dane
25817,25,TOCANCIPÁ,2020,43200.0,59.005,dane
25817,25,TOCANCIPÁ,2021,44622.0,58.191,dane
25823,25,TOPAIPÍ,2017,4101.0,83.297,dane
25823,25,TOPAIPÍ,2018,4101.0,83.297,dane
25823,25,TOPAIPÍ,2019,4104.0,82.237,dane
25823,25,TOPAIPÍ,2020,4122.0,81.174,dane
25823,25,TOPAIPÍ,2021,4106.0,80.102,dane
25839,25,UBALÁ,2017,7668.0,81.077,dane
25839,25,UBALÁ,2018,7668.0,81.077,dane
25839,25,UBALÁ,2019,7714.0,80.166,dane
25839,25,UBALÁ,2020,7838.0,79.421,dane
25839,25,UBALÁ,2021,7838.0,78.681,dane
25841,25,UBAQUE,2017,6681.0,83.505,dane
25841,25,UBAQUE,2018,6681.0,83.505,dane
25841,25,UBAQUE,2019,6734.0,82.328,dane
25841,25,UBAQUE,2020,6840.0,81.535,dane
25841,25,UBAQUE,2021,6865.0,80.787,dane
25843,25,VILLA DE SAN DIEGO DE UBATÉ,2017,42737.0,26.63,dane
25843,25,VILLA DE SAN DIEGO DE UBATÉ,2018,42737.0,26.63,dane
25843,25,VILLA DE SAN DIEGO DE UBATÉ,2019,43616.0,25.03,dane
25843,25,VILLA DE SAN DIEGO DE UBATÉ,2020,44453.0,23.746,dane
25843,25,VILLA DE SAN DIEGO DE UBATÉ,2021,45287.0,23.166,dane
25845,25,UNE,2017,6939.0,47.413,dane
25845,25,UNE,2018,6939.0,47.413,dane
25845,25,UNE,2019,6927.0,46.023,dane
25845,25,UNE,2020,6924.0,45.032,dane
25845,25,UNE,2021,6899.0,44.282,dane
25851,25,ÚTICA,2017,4257.0,42.73,dane
25851,25,ÚTICA,2018,4257.0,42.73,dane
25851,25,ÚTICA,2019,4264.0,42.026,dane
25851,25,ÚTICA,2020,4304.0,41.496,dane
25851,25,ÚTICA,2021,4331.0,40.891,dane
25862,25,VERGARA,2017,6803.0,81.993,dane
25862,25,VERGARA,2018,6803.0,81.993,dane
25862,25,VERGARA,2019,6802.0,81.167,dane
25862,25,VERGARA,2020,6873.0,80.387,dane
25862,25,VERGARA,2021,6846.0,79.652,dane
25867,25,VIANÍ,2017,4309.0,66.233,dane
25867,25,VIANÍ,2018,4309.0,66.233,dane
25867,25,VIANÍ,2019,4387.0,64.965,dane
25867,25,VIANÍ,2020,4457.0,64.348,dane
25867,25,VIANÍ,2021,4503.0,63.78,dane
25871,25,VILLAGÓMEZ,2017,1758.0,65.017,dane
25871,25,VILLAGÓMEZ,2018,1758.0,65.017,dane
25871,25,VILLAGÓMEZ,2019,1752.0,63.584,dane
25871,25,VILLAGÓMEZ,2020,1734.0,62.976,dane
25871,25,VILLAGÓMEZ,2021,1719.0,62.478,dane
25873,25,VILLAPINZÓN,2017,17120.0,62.447,dane
25873,25,VILLAPINZÓN,2018,17120.0,62.447,dane
25873,25,VILLAPINZÓN,2019,17358.0,61.217,dane
25873,25,VILLAPINZÓN,2020,17648.0,60.415,dane
25873,25,VILLAPINZÓN,2021,17800.0,59.612,dane
25875,25,VILLETA,2017,26957.0,32.607,dane
25875,25,VILLETA,2018,26957.0,32.607,dane
25875,25,VILLETA,2019,27386.0,31.443,dane
25875,25,VILLETA,2020,27847.0,30.693,dane
25875,25,VILLETA,2021,28242.0,30.09,dane
25878,25,VIOTÁ,2017,13244.0,67.623,dane
25878,25,VIOTÁ,2018,13244.0,67.623,dane
25878,25,VIOTÁ,2019,13310.0,66.739,dane
25878,25,VIOTÁ,2020,13444.0,65.918,dane
25878,25,VIOTÁ,2021,13471.0,65.177,dane
25885,25,YACOPÍ,2017,12236.0,76.455,dane
25885,25,YACOPÍ,2018,12236.0,76.455,dane
25885,25,YACOPÍ,2019,12110.0,75.169,dane
25885,25,YACOPÍ,2020,12040.0,74.086,dane
25885,25,YACOPÍ,2021,11840.0,73.294,dane
25898,25,ZIPACÓN,2017,4635.0,73.182,dane
25898,25,ZIPACÓN,2018,4635.0,73.182,dane
25898,25,ZIPACÓN,2019,4659.0,71.99,dane
25898,25,ZIPACÓN,2020,4707.0,71.404,dane
25898,25,ZIPACÓN,2021,4716.0,70.611,dane
25899,25,ZIPAQUIRÁ,2017,134624.0,21.144,dane
25899,25,ZIPAQUIRÁ,2018,134624.0,21.144,dane
25899,25,ZIPAQUIRÁ,2019,142731.0,22.657,dane
25899,25,ZIPAQUIRÁ,2020,148591.0,22.437,dane
25899,25,ZIPAQUIRÁ,2021,152817.0,22.182,dane
27001,27,QUIBDÓ,2017,129217.0,12.463,dane
27001,27,QUIBDÓ,2018,129217.0,12.463,dane
27001,27,QUIBDÓ,2019,131208.0,12.896,dane
27001,27,QUIBDÓ,2020,133199.0,13.312,dane
27001,27,QUIBDÓ,2021,134979.0,13.502,dane
27006,27,ACANDÍ,2017,13988.0,50.715,dane
27006,27,ACANDÍ,2018,13988.0,50.715,dane
27006,27,ACANDÍ,2019,14371.0,52.634,dane
27006,27,ACANDÍ,2020,14793.0,54.282,dane
27006,27,ACANDÍ,2021,15086.0,54.892,dane
27025,27,ALTO BAUDÓ,2017,27594.0,87.842,dane
27025,27,ALTO BAUDÓ,2018,27594.0,87.842,dane
27025,27,ALTO BAUDÓ,2019,27837.0,87.876,dane
27025,27,ALTO BAUDÓ,2020,28066.0,87.953,dane
27025,27,ALTO BAUDÓ,2021,28301.0,88.135,dane
27050,27,ATRATO,2017,6075.0,52.823,dane
27050,27,ATRATO,2018,6075.0,52.823,dane
27050,27,ATRATO,2019,6125.0,52.784,dane
27050,27,ATRATO,2020,6170.0,52.755,dane
27050,27,ATRATO,2021,6249.0,52.968,dane
27073,27,BAGADÓ,2017,11024.0,76.442,dane
27073,27,BAGADÓ,2018,11024.0,76.442,dane
27073,27,BAGADÓ,2019,11257.0,76.894,dane
27073,27,BAGADÓ,2020,11498.0,77.266,dane
27073,27,BAGADÓ,2021,11758.0,77.615,dane
27075,27,BAHÍA SOLANO,2017,10119.0,39.065,dane
27075,27,BAHÍA SOLANO,2018,10119.0,39.065,dane
27075,27,BAHÍA SOLANO,2019,10245.0,39.336,dane
27075,27,BAHÍA SOLANO,2020,10349.0,39.559,dane
27075,27,BAHÍA SOLANO,2021,10463.0,39.654,dane
27077,27,BAJO BAUDÓ,2017,29955.0,76.485,dane
27077,27,BAJO BAUDÓ,2018,29955.0,76.485,dane
27077,27,BAJO BAUDÓ,2019,30849.0,76.823,dane
27077,27,BAJO BAUDÓ,2020,31743.0,77.151,dane
27077,27,BAJO BAUDÓ,2021,32492.0,77.37,dane
27099,27,BOJAYÁ,2017,12079.0,90.397,dane
27099,27,BOJAYÁ,2018,12079.0,90.397,dane
27099,27,BOJAYÁ,2019,12238.0,90.668,dane
27099,27,BOJAYÁ,2020,12414.0,90.97,dane
27099,27,BOJAYÁ,2021,12586.0,91.101,dane
27135,27,EL CANTÓN DEL SAN PABLO,2017,6128.0,53.492,dane
27135,27,EL CANTÓN DEL SAN PABLO,2018,6128.0,53.492,dane
27135,27,EL CANTÓN DEL SAN PABLO,2019,6176.0,53.578,dane
27135,27,EL CANTÓN DEL SAN PABLO,2020,6229.0,53.652,dane
27135,27,EL CANTÓN DEL SAN PABLO,2021,6290.0,53.8,dane
27150,27,CARMEN DEL DARIÉN,2017,18431.0,87.64,dane
27150,27,CARMEN DEL DARIÉN,2018,18431.0,87.64,dane
27150,27,CARMEN DEL DARIÉN,2019,19111.0,87.96,dane
27150,27,CARMEN DEL DARIÉN,2020,19790.0,88.211,dane
27150,27,CARMEN DEL DARIÉN,2021,20280.0,88.407,dane
27160,27,CÉRTEGUI,2017,5630.0,41.066,dane
27160,27,CÉRTEGUI,2018,5630.0,41.066,dane
27160,27,CÉRTEGUI,2019,5700.0,41.351,dane
27160,27,CÉRTEGUI,2020,5760.0,41.545,dane
27160,27,CÉRTEGUI,2021,5800.0,41.672,dane
27205,27,CONDOTO,2017,12657.0,23.402,dane
27205,27,CONDOTO,2018,12657.0,23.402,dane
27205,27,CONDOTO,2019,12684.0,22.895,dane
27205,27,CONDOTO,2020,12706.0,22.367,dane
27205,27,CONDOTO,2021,12707.0,22.499,dane
27245,27,EL CARMEN DE ATRATO,2017,8198.0,69.371,dane
27245,27,EL CARMEN DE ATRATO,2018,8198.0,69.371,dane
27245,27,EL CARMEN DE ATRATO,2019,8263.0,69.49,dane
27245,27,EL CARMEN DE ATRATO,2020,8333.0,69.591,dane
27245,27,EL CARMEN DE ATRATO,2021,8401.0,69.837,dane
27250,27,EL LITORAL DEL SAN JUAN,2017,21675.0,91.446,dane
27250,27,EL LITORAL DEL SAN JUAN,2018,21675.0,91.446,dane
27250,27,EL LITORAL DEL SAN JUAN,2019,22466.0,91.774,dane
27250,27,EL LITORAL DEL SAN JUAN,2020,23230.0,92.109,dane
27250,27,EL LITORAL DEL SAN JUAN,2021,24019.0,92.285,dane
27361,27,ISTMINA,2017,30742.0,27.594,dane
27361,27,ISTMINA,2018,30742.0,27.594,dane
27361,27,ISTMINA,2019,31505.0,27.215,dane
27361,27,ISTMINA,2020,32270.0,26.855,dane
27361,27,ISTMINA,2021,32987.0,27.026,dane
27372,27,JURADÓ,2017,6682.0,62.511,dane
27372,27,JURADÓ,2018,6682.0,62.511,dane
27372,27,JURADÓ,2019,6960.0,62.802,dane
27372,27,JURADÓ,2020,7231.0,63.366,dane
27372,27,JURADÓ,2021,7506.0,63.616,dane
27413,27,LLORÓ,2017,9782.0,65.529,dane
27413,27,LLORÓ,2018,9782.0,65.529,dane
27413,27,LLORÓ,2019,9879.0,65.523,dane
27413,27,LLORÓ,2020,9974.0,65.601,dane
27413,27,LLORÓ,2021,10075.0,65.886,dane
27425,27,MEDIO ATRATO,2017,10671.0,91.172,dane
27425,27,MEDIO ATRATO,2018,10671.0,91.172,dane
27425,27,MEDIO ATRATO,2019,10761.0,91.265,dane
27425,27,MEDIO ATRATO,2020,10838.0,91.447,dane
27425,27,MEDIO ATRATO,2021,10925.0,91.67,dane
27430,27,MEDIO BAUDÓ,2017,15108.0,84.71,dane
27430,27,MEDIO BAUDÓ,2018,15108.0,84.71,dane
27430,27,MEDIO BAUDÓ,2019,15441.0,84.865,dane
27430,27,MEDIO BAUDÓ,2020,15753.0,85.101,dane
27430,27,MEDIO BAUDÓ,2021,16059.0,85.373,dane
27450,27,MEDIO SAN JUAN,2017,10582.0,75.222,dane
27450,27,MEDIO SAN JUAN,2018,10582.0,75.222,dane
27450,27,MEDIO SAN JUAN,2019,10662.0,75.333,dane
27450,27,MEDIO SAN JUAN,2020,10758.0,75.358,dane
27450,27,MEDIO SAN JUAN,2021,10845.0,75.5,dane
27491,27,NÓVITA,2017,9164.0,61.742,dane
27491,27,NÓVITA,2018,9164.0,61.742,dane
27491,27,NÓVITA,2019,9281.0,61.621,dane
27491,27,NÓVITA,2020,9400.0,61.574,dane
27491,27,NÓVITA,2021,9492.0,61.789,dane
27493,27,NUEVO BELÉN DE BAJIRÁ,2017,0.0,89.675,dane
27493,27,NUEVO BELÉN DE BAJIRÁ,2018,0.0,89.675,dane
27493,27,NUEVO BELÉN DE BAJIRÁ,2019,0.0,89.675,dane
27493,27,NUEVO BELÉN DE BAJIRÁ,2020,0.0,89.675,dane
27493,27,NUEVO BELÉN DE BAJIRÁ,2021,0.0,89.675,dane
27495,27,NUQUÍ,2017,16203.0,89.675,dane
27495,27,NUQUÍ,2018,16203.0,89.675,dane
27495,27,NUQUÍ,2019,16733.0,90.109,dane
27495,27,NUQUÍ,2020,17244.0,90.559,dane
27495,27,NUQUÍ,2021,17657.0,90.91,dane
27580,27,RÍO IRÓ,2017,5478.0,71.815,dane
27580,27,RÍO IRÓ,2018,5478.0,71.815,dane
27580,27,RÍO IRÓ,2019,5516.0,71.791,dane
27580,27,RÍO IRÓ,2020,5577.0,71.759,dane
27580,27,RÍO IRÓ,2021,5615.0,71.986,dane
27600,27,RÍO QUITO,2017,8215.0,71.674,dane
27600,27,RÍO QUITO,2018,8215.0,71.674,dane
27600,27,RÍO QUITO,2019,8262.0,72.053,dane
27600,27,RÍO QUITO,2020,8306.0,72.249,dane
27600,27,RÍO QUITO,2021,8352.0,72.462,dane
27615,27,RIOSUCIO,2017,53441.0,73.262,dane
27615,27,RIOSUCIO,2018,53441.0,73.262,dane
27615,27,RIOSUCIO,2019,55472.0,73.536,dane
27615,27,RIOSUCIO,2020,57468.0,74.575,dane
27615,27,RIOSUCIO,2021,58540.0,74.901,dane
27660,27,SAN JOSÉ DEL PALMAR,2017,5116.0,73.475,dane
27660,27,SAN JOSÉ DEL PALMAR,2018,5116.0,73.475,dane
27660,27,SAN JOSÉ DEL PALMAR,2019,5115.0,74.213,dane
27660,27,SAN JOSÉ DEL PALMAR,2020,5145.0,74.81,dane
27660,27,SAN JOSÉ DEL PALMAR,2021,5137.0,75.161,dane
27745,27,SIPÍ,2017,3177.0,76.582,dane
27745,27,SIPÍ,2018,3177.0,76.582,dane
27745,27,SIPÍ,2019,3199.0,76.868,dane
27745,27,SIPÍ,2020,3218.0,76.942,dane
27745,27,SIPÍ,2021,3253.0,77.098,dane
27787,27,TADÓ,2017,18012.0,40.301,dane
27787,27,TADÓ,2018,18012.0,40.301,dane
27787,27,TADÓ,2019,18206.0,40.218,dane
27787,27,TADÓ,2020,18395.0,40.076,dane
27787,27,TADÓ,2021,18610.0,40.263,dane
27800,27,UNGUÍA,2017,12854.0,66.26,dane
27800,27,UNGUÍA,2018,12854.0,66.26,dane
27800,27,UNGUÍA,2019,12913.0,67.668,dane
27800,27,UNGUÍA,2020,12980.0,69.214,dane
27800,27,UNGUÍA,2021,12912.0,69.664,dane
27810,27,UNIÓN PANAMERICANA,2017,6810.0,56.843,dane
27810,27,UNIÓN PANAMERICANA,2018,6810.0,56.843,dane
27810,27,UNIÓN PANAMERICANA,2019,6885.0,56.747,dane
27810,27,UNIÓN PANAMERICANA,2020,6950.0,56.978,dane
27810,27,UNIÓN PANAMERICANA,2021,7006.0,57.094,dane
41001,41,NEIVA,2017,357376.0,5.985,dane
41001,41,NEIVA,2018,357376.0,5.985,dane
41001,41,NEIVA,2019,364508.0,6.147,dane
41001,41,NEIVA,2020,371690.0,6.298,dane
41001,41,NEIVA,2021,378215.0,6.32,dane
41006,41,ACEVEDO,2017,24777.0,81.253,dane
41006,41,ACEVEDO,2018,24777.0,81.253,dane
41006,41,ACEVEDO,2019,24993.0,81.323,dane
41006,41,ACEVEDO,2020,25228.0,81.295,dane
41006,41,ACEVEDO,2021,25435.0,81.368,dane
41013,41,AGRADO,2017,8804.0,35.609,dane
41013,41,AGRADO,2018,8804.0,35.609,dane
41013,41,AGRADO,2019,8897.0,35.585,dane
41013,41,AGRADO,2020,8992.0,35.409,dane
41013,41,AGRADO,2021,9095.0,35.481,dane
41016,41,AIPE,2017,16168.0,34.686,dane
41016,41,AIPE,2018,16168.0,34.686,dane
41016,41,AIPE,2019,16346.0,34.528,dane
41016,41,AIPE,2020,16556.0,34.38,dane
41016,41,AIPE,2021,16723.0,34.366,dane
41020,41,ALGECIRAS,2017,22495.0,51.9,dane
41020,41,ALGECIRAS,2018,22495.0,51.9,dane
41020,41,ALGECIRAS,2019,22560.0,51.649,dane
41020,41,ALGECIRAS,2020,22658.0,51.439,dane
41020,41,ALGECIRAS,2021,22718.0,51.417,dane
41026,41,ALTAMIRA,2017,4272.0,43.212,dane
41026,41,ALTAMIRA,2018,4272.0,43.212,dane
41026,41,ALTAMIRA,2019,4358.0,43.598,dane
41026,41,ALTAMIRA,2020,4423.0,43.862,dane
41026,41,ALTAMIRA,2021,4502.0,43.869,dane
41078,41,BARAYA,2017,8345.0,52.379,dane
41078,41,BARAYA,2018,8345.0,52.379,dane
41078,41,BARAYA,2019,8330.0,52.353,dane
41078,41,BARAYA,2020,8346.0,52.48,dane
41078,41,BARAYA,2021,8331.0,52.443,dane
41132,41,CAMPOALEGRE,2017,31080.0,23.475,dane
41132,41,CAMPOALEGRE,2018,31080.0,23.475,dane
41132,41,CAMPOALEGRE,2019,31278.0,23.553,dane
41132,41,CAMPOALEGRE,2020,31493.0,23.643,dane
41132,41,CAMPOALEGRE,2021,31608.0,23.678,dane
41206,41,COLOMBIA,2017,7276.0,69.86,dane
41206,41,COLOMBIA,2018,7276.0,69.86,dane
41206,41,COLOMBIA,2019,7354.0,69.989,dane
41206,41,COLOMBIA,2020,7409.0,70.158,dane
41206,41,COLOMBIA,2021,7468.0,70.447,dane
41244,41,ELÍAS,2017,4223.0,65.925,dane
41244,41,ELÍAS,2018,4223.0,65.925,dane
41244,41,ELÍAS,2019,4294.0,65.859,dane
41244,41,ELÍAS,2020,4375.0,66.034,dane
41244,41,ELÍAS,2021,4459.0,65.979,dane
41298,41,GARZÓN,2017,72381.0,46.229,dane
41298,41,GARZÓN,2018,72381.0,46.229,dane
41298,41,GARZÓN,2019,73131.0,46.272,dane
41298,41,GARZÓN,2020,73890.0,46.323,dane
41298,41,GARZÓN,2021,74532.0,46.344,dane
41306,41,GIGANTE,2017,24567.0,60.304,dane
41306,41,GIGANTE,2018,24567.0,60.304,dane
41306,41,GIGANTE,2019,24490.0,60.069,dane
41306,41,GIGANTE,2020,24390.0,59.926,dane
41306,41,GIGANTE,2021,24277.0,59.904,dane
41319,41,GUADALUPE,2017,17884.0,69.308,dane
41319,41,GUADALUPE,2018,17884.0,69.308,dane
41319,41,GUADALUPE,2019,18026.0,69.45,dane
41319,41,GUADALUPE,2020,18142.0,69.579,dane
41319,41,GUADALUPE,2021,18268.0,69.685,dane
41349,41,HOBO,2017,7300.0,22.726,dane
41349,41,HOBO,2018,7300.0,22.726,dane
41349,41,HOBO,2019,7411.0,22.696,dane
41349,41,HOBO,2020,7539.0,22.762,dane
41349,41,HOBO,2021,7664.0,22.795,dane
41357,41,ÍQUIRA,2017,9260.0,71.328,dane
41357,41,ÍQUIRA,2018,9260.0,71.328,dane
41357,41,ÍQUIRA,2019,9331.0,71.439,dane
41357,41,ÍQUIRA,2020,9436.0,71.429,dane
41357,41,ÍQUIRA,2021,9514.0,71.558,dane
41359,41,ISNOS,2017,25183.0,75.567,dane
41359,41,ISNOS,2018,25183.0,75.567,dane
41359,41,ISNOS,2019,25437.0,75.54,dane
41359,41,ISNOS,2020,25703.0,75.419,dane
41359,41,ISNOS,2021,25938.0,75.476,dane
41378,41,LA ARGENTINA,2017,12865.0,62.783,dane
41378,41,LA ARGENTINA,2018,12865.0,62.783,dane
41378,41,LA ARGENTINA,2019,13047.0,62.489,dane
41378,41,LA ARGENTINA,2020,13245.0,62.288,dane
41378,41,LA ARGENTINA,2021,13432.0,62.329,dane
41396,41,LA PLATA,2017,61029.0,57.728,dane
41396,41,LA PLATA,2018,61029.0,57.728,dane
41396,41,LA PLATA,2019,62181.0,57.768,dane
41396,41,LA PLATA,2020,63357.0,57.788,dane
41396,41,LA PLATA,2021,64475.0,57.793,dane
41483,41,NÁTAGA,2017,6469.0,59.082,dane
41483,41,NÁTAGA,2018,6469.0,59.082,dane
41483,41,NÁTAGA,2019,6563.0,58.936,dane
41483,41,NÁTAGA,2020,6662.0,59.066,dane
41483,41,NÁTAGA,2021,6749.0,58.927,dane
41503,41,OPORAPA,2017,11620.0,79.785,dane
41503,41,OPORAPA,2018,11620.0,79.785,dane
41503,41,OPORAPA,2019,11750.0,79.889,dane
41503,41,OPORAPA,2020,11881.0,80.01,dane
41503,41,OPORAPA,2021,12004.0,80.048,dane
41518,41,PAICOL,2017,6571.0,57.754,dane
41518,41,PAICOL,2018,6571.0,57.754,dane
41518,41,PAICOL,2019,6751.0,57.903,dane
41518,41,PAICOL,2020,6935.0,57.736,dane
41518,41,PAICOL,2021,7094.0,57.894,dane
41524,41,PALERMO,2017,26280.0,52.534,dane
41524,41,PALERMO,2018,26280.0,52.534,dane
41524,41,PALERMO,2019,26395.0,52.483,dane
41524,41,PALERMO,2020,26522.0,52.447,dane
41524,41,PALERMO,2021,26597.0,52.461,dane
41530,41,PALESTINA,2017,11159.0,84.264,dane
41530,41,PALESTINA,2018,11159.0,84.264,dane
41530,41,PALESTINA,2019,11294.0,84.363,dane
41530,41,PALESTINA,2020,11420.0,84.431,dane
41530,41,PALESTINA,2021,11527.0,84.567,dane
41548,41,PITAL,2017,13784.0,64.495,dane
41548,41,PITAL,2018,13784.0,64.495,dane
41548,41,PITAL,2019,13957.0,64.419,dane
41548,41,PITAL,2020,14113.0,64.359,dane
41548,41,PITAL,2021,14261.0,64.371,dane
41551,41,PITALITO,2017,124359.0,41.042,dane
41551,41,PITALITO,2018,124359.0,41.042,dane
41551,41,PITALITO,2019,127235.0,41.045,dane
41551,41,PITALITO,2020,130115.0,41.05,dane
41551,41,PITALITO,2021,132886.0,41.059,dane
41615,41,RIVERA,2017,24305.0,51.792,dane
41615,41,RIVERA,2018,24305.0,51.792,dane
41615,41,RIVERA,2019,25034.0,51.877,dane
41615,41,RIVERA,2020,25769.0,51.927,dane
41615,41,RIVERA,2021,26464.0,51.942,dane
41660,41,SALADOBLANCO,2017,10450.0,82.344,dane
41660,41,SALADOBLANCO,2018,10450.0,82.344,dane
41660,41,SALADOBLANCO,2019,10499.0,82.341,dane
41660,41,SALADOBLANCO,2020,10581.0,82.346,dane
41660,41,SALADOBLANCO,2021,10648.0,82.344,dane
41668,41,SAN AGUSTÍN,2017,33027.0,66.212,dane
41668,41,SAN AGUSTÍN,2018,33027.0,66.212,dane
41668,41,SAN AGUSTÍN,2019,33500.0,66.239,dane
41668,41,SAN AGUSTÍN,2020,33988.0,66.259,dane
41668,41,SAN AGUSTÍN,2021,34430.0,66.303,dane
41676,41,SANTA MARÍA,2017,10409.0,75.713,dane
41676,41,SANTA MARÍA,2018,10409.0,75.713,dane
41676,41,SANTA MARÍA,2019,10486.0,75.701,dane
41676,41,SANTA MARÍA,2020,10539.0,75.88,dane
41676,41,SANTA MARÍA,2021,10615.0,75.874,dane
41770,41,SUAZA,2017,21851.0,79.356,dane
41770,41,SUAZA,2018,21851.0,79.356,dane
41770,41,SUAZA,2019,22525.0,79.525,dane
41770,41,SUAZA,2020,23201.0,79.734,dane
41770,41,SUAZA,2021,23831.0,79.778,dane
41791,41,TARQUI,2017,17442.0,68.496,dane
41791,41,TARQUI,2018,17442.0,68.496,dane
41791,41,TARQUI,2019,17665.0,68.446,dane
41791,41,TARQUI,2020,17890.0,68.502,dane
41791,41,TARQUI,2021,18110.0,68.465,dane
41797,41,TESALIA,2017,10696.0,50.29,dane
41797,41,TESALIA,2018,10696.0,50.29,dane
41797,41,TESALIA,2019,10947.0,50.306,dane
41797,41,TESALIA,2020,11175.0,50.255,dane
41797,41,TESALIA,2021,11389.0,50.224,dane
41799,41,TELLO,2017,11802.0,56.126,dane
41799,41,TELLO,2018,11802.0,56.126,dane
41799,41,TELLO,2019,11936.0,55.865,dane
41799,41,TELLO,2020,12041.0,55.527,dane
41799,41,TELLO,2021,12161.0,55.546,dane
41801,41,TERUEL,2017,8043.0,46.873,dane
41801,41,TERUEL,2018,8043.0,46.873,dane
41801,41,TERUEL,2019,8103.0,46.835,dane
41801,41,TERUEL,2020,8132.0,46.655,dane
41801,41,TERUEL,2021,8160.0,46.654,dane
41807,41,TIMANÁ,2017,21790.0,63.873,dane
41807,41,TIMANÁ,2018,21790.0,63.873,dane
41807,41,TIMANÁ,2019,22069.0,64.026,dane
41807,41,TIMANÁ,2020,22338.0,64.191,dane
41807,41,TIMANÁ,2021,22591.0,64.247,dane
41872,41,VILLAVIEJA,2017,7282.0,66.191,dane
41872,41,VILLAVIEJA,2018,7282.0,66.191,dane
41872,41,VILLAVIEJA,2019,7316.0,66.621,dane
41872,41,VILLAVIEJA,2020,7362.0,66.626,dane
41872,41,VILLAVIEJA,2021,7393.0,66.752,dane
41885,41,YAGUARÁ,2017,7740.0,16.938,dane
41885,41,YAGUARÁ,2018,7740.0,16.938,dane
41885,41,YAGUARÁ,2019,7789.0,16.806,dane
41885,41,YAGUARÁ,2020,7860.0,16.679,dane
41885,41,YAGUARÁ,2021,7918.0,16.633,dane
44001,44,RIOHACHA,2017,188019.0,32.933,dane
44001,44,RIOHACHA,2018,188019.0,32.933,dane
44001,44,RIOHACHA,2019,193478.0,30.942,dane
44001,44,RIOHACHA,2020,199802.0,29.059,dane
44001,44,RIOHACHA,2021,203266.0,28.64,dane
44035,44,ALBANIA,2017,29154.0,45.839,dane
44035,44,ALBANIA,2018,29154.0,45.839,dane
44035,44,ALBANIA,2019,30566.0,44.314,dane
44035,44,ALBANIA,2020,32120.0,42.908,dane
44035,44,ALBANIA,2021,33229.0,42.535,dane
44078,44,BARRANCAS,2017,35753.0,55.721,dane
44078,44,BARRANCAS,2018,35753.0,55.721,dane
44078,44,BARRANCAS,2019,37327.0,54.414,dane
44078,44,BARRANCAS,2020,39096.0,53.164,dane
44078,44,BARRANCAS,2021,40229.0,52.726,dane
44090,44,DIBULLA,2017,37745.0,87.066,dane
44090,44,DIBULLA,2018,37745.0,87.066,dane
44090,44,DIBULLA,2019,40063.0,86.496,dane
44090,44,DIBULLA,2020,42609.0,85.951,dane
44090,44,DIBULLA,2021,44323.0,85.725,dane
44098,44,DISTRACCIÓN,2017,13002.0,54.907,dane
44098,44,DISTRACCIÓN,2018,13002.0,54.907,dane
44098,44,DISTRACCIÓN,2019,13394.0,53.569,dane
44098,44,DISTRACCIÓN,2020,13828.0,52.191,dane
44098,44,DISTRACCIÓN,2021,14025.0,51.936,dane
44110,44,EL MOLINO,2017,7170.0,10.99,dane
44110,44,EL MOLINO,2018,7170.0,10.99,dane
44110,44,EL MOLINO,2019,7317.0,9.307,dane
44110,44,EL MOLINO,2020,7459.0,7.266,dane
44110,44,EL MOLINO,2021,7531.0,6.958,dane
44279,44,FONSECA,2017,42774.0,16.391,dane
44279,44,FONSECA,2018,42774.0,16.391,dane
44279,44,FONSECA,2019,44952.0,14.507,dane
44279,44,FONSECA,2020,47321.0,12.73,dane
44279,44,FONSECA,2021,49182.0,12.472,dane
44378,44,HATONUEVO,2017,20057.0,40.639,dane
44378,44,HATONUEVO,2018,20057.0,40.639,dane
44378,44,HATONUEVO,2019,20776.0,39.088,dane
44378,44,HATONUEVO,2020,21632.0,37.69,dane
44378,44,HATONUEVO,2021,22147.0,37.346,dane
44420,44,LA JAGUA DEL PILAR,2017,3501.0,38.503,dane
44420,44,LA JAGUA DEL PILAR,2018,3501.0,38.503,dane
44420,44,LA JAGUA DEL PILAR,2019,3631.0,36.767,dane
44420,44,LA JAGUA DEL PILAR,2020,3789.0,35.524,dane
44420,44,LA JAGUA DEL PILAR,2021,3893.0,35.32,dane
44430,44,MAICAO,2017,170582.0,39.41,dane
44430,44,MAICAO,2018,170582.0,39.41,dane
44430,44,MAICAO,2019,178565.0,38.18,dane
44430,44,MAICAO,2020,187372.0,37.052,dane
44430,44,MAICAO,2021,193605.0,36.703,dane
44560,44,MANAURE,2017,83065.0,89.625,dane
44560,44,MANAURE,2018,83065.0,89.625,dane
44560,44,MANAURE,2019,86496.0,88.816,dane
44560,44,MANAURE,2020,90309.0,88.094,dane
44560,44,MANAURE,2021,92316.0,87.757,dane
44650,44,SAN JUAN DEL CESAR,2017,46949.0,35.272,dane
44650,44,SAN JUAN DEL CESAR,2018,46949.0,35.272,dane
44650,44,SAN JUAN DEL CESAR,2019,49190.0,33.18,dane
44650,44,SAN JUAN DEL CESAR,2020,51632.0,31.26,dane
44650,44,SAN JUAN DEL CESAR,2021,53413.0,30.833,dane
44847,44,URIBIA,2017,163463.0,95.291,dane
44847,44,URIBIA,2018,163463.0,95.291,dane
44847,44,URIBIA,2019,171943.0,94.996,dane
44847,44,URIBIA,2020,181260.0,94.727,dane
44847,44,URIBIA,2021,186976.0,94.537,dane
44855,44,URUMITA,2017,10974.0,14.124,dane
44855,44,URUMITA,2018,10974.0,14.124,dane
44855,44,URUMITA,2019,11080.0,12.744,dane
44855,44,URUMITA,2020,11230.0,11.247,dane
44855,44,URUMITA,2021,11339.0,11.05,dane
44874,44,VILLANUEVA,2017,28344.0,6.559,dane
44874,44,VILLANUEVA,2018,28344.0,6.559,dane
44874,44,VILLANUEVA,2019,29284.0,6.041,dane
44874,44,VILLANUEVA,2020,30370.0,5.575,dane
44874,44,VILLANUEVA,2021,31099.0,5.499,dane
47001,47,SANTA MARTA,2017,499188.0,8.792,dane
47001,47,SANTA MARTA,2018,499188.0,8.792,dane
47001,47,SANTA MARTA,2019,515745.0,9.368,dane
47001,47,SANTA MARTA,2020,534879.0,9.908,dane
47001,47,SANTA MARTA,2021,547542.0,10.008,dane
47030,47,ALGARROBO,2017,15524.0,34.907,dane
47030,47,ALGARROBO,2018,15524.0,34.907,dane
47030,47,ALGARROBO,2019,16190.0,35.411,dane
47030,47,ALGARROBO,2020,16913.0,35.913,dane
47030,47,ALGARROBO,2021,17419.0,36.087,dane
47053,47,ARACATACA,2017,39855.0,40.74,dane
47053,47,ARACATACA,2018,39855.0,40.74,dane
47053,47,ARACATACA,2019,41046.0,40.903,dane
47053,47,ARACATACA,2020,42443.0,41.074,dane
47053,47,ARACATACA,2021,43160.0,41.272,dane
47058,47,ARIGUANÍ,2017,30215.0,36.876,dane
47058,47,ARIGUANÍ,2018,30215.0,36.876,dane
47058,47,ARIGUANÍ,2019,30774.0,37.109,dane
47058,47,ARIGUANÍ,2020,31459.0,37.277,dane
47058,47,ARIGUANÍ,2021,31660.0,37.464,dane
47161,47,CERRO DE SAN ANTONIO,2017,9886.0,45.741,dane
47161,47,CERRO DE SAN ANTONIO,2018,9886.0,45.741,dane
47161,47,CERRO DE SAN ANTONIO,2019,10201.0,45.545,dane
47161,47,CERRO DE SAN ANTONIO,2020,10538.0,45.341,dane
47161,47,CERRO DE SAN ANTONIO,2021,10767.0,45.352,dane
47170,47,CHIVOLO,2017,21860.0,36.985,dane
47170,47,CHIVOLO,2018,21860.0,36.985,dane
47170,47,CHIVOLO,2019,22661.0,37.112,dane
47170,47,CHIVOLO,2020,23542.0,37.261,dane
47170,47,CHIVOLO,2021,24224.0,37.306,dane
47189,47,CIÉNAGA,2017,120075.0,12.555,dane
47189,47,CIÉNAGA,2018,120075.0,12.555,dane
47189,47,CIÉNAGA,2019,123851.0,12.182,dane
47189,47,CIÉNAGA,2020,128288.0,11.853,dane
47189,47,CIÉNAGA,2021,131114.0,11.906,dane
47205,47,CONCORDIA,2017,10517.0,60.226,dane
47205,47,CONCORDIA,2018,10517.0,60.226,dane
47205,47,CONCORDIA,2019,10691.0,60.425,dane
47205,47,CONCORDIA,2020,10904.0,60.556,dane
47205,47,CONCORDIA,2021,11019.0,60.641,dane
47245,47,EL BANCO,2017,65476.0,36.018,dane
47245,47,EL BANCO,2018,65476.0,36.018,dane
47245,47,EL BANCO,2019,67736.0,37.24,dane
47245,47,EL BANCO,2020,70337.0,38.362,dane
47245,47,EL BANCO,2021,71890.0,38.747,dane
47258,47,EL PIÑÓN,2017,22536.0,66.951,dane
47258,47,EL PIÑÓN,2018,22536.0,66.951,dane
47258,47,EL PIÑÓN,2019,23289.0,67.173,dane
47258,47,EL PIÑÓN,2020,24117.0,67.384,dane
47258,47,EL PIÑÓN,2021,24720.0,67.439,dane
47268,47,EL RETÉN,2017,19695.0,21.046,dane
47268,47,EL RETÉN,2018,19695.0,21.046,dane
47268,47,EL RETÉN,2019,20133.0,21.472,dane
47268,47,EL RETÉN,2020,20696.0,21.888,dane
47268,47,EL RETÉN,2021,20950.0,22.067,dane
47288,47,FUNDACIÓN,2017,66427.0,14.469,dane
47288,47,FUNDACIÓN,2018,66427.0,14.469,dane
47288,47,FUNDACIÓN,2019,68506.0,14.851,dane
47288,47,FUNDACIÓN,2020,70897.0,15.198,dane
47288,47,FUNDACIÓN,2021,72410.0,15.351,dane
47318,47,GUAMAL,2017,26613.0,68.301,dane
47318,47,GUAMAL,2018,26613.0,68.301,dane
47318,47,GUAMAL,2019,27303.0,68.941,dane
47318,47,GUAMAL,2020,28150.0,69.478,dane
47318,47,GUAMAL,2021,28427.0,69.768,dane
47460,47,NUEVA GRANADA,2017,19657.0,58.625,dane
47460,47,NUEVA GRANADA,2018,19657.0,58.625,dane
47460,47,NUEVA GRANADA,2019,20274.0,58.809,dane
47460,47,NUEVA GRANADA,2020,20960.0,59.008,dane
47460,47,NUEVA GRANADA,2021,21472.0,59.068,dane
47541,47,PEDRAZA,2017,9196.0,67.203,dane
47541,47,PEDRAZA,2018,9196.0,67.203,dane
47541,47,PEDRAZA,2019,9422.0,67.311,dane
47541,47,PEDRAZA,2020,9692.0,67.2,dane
47541,47,PEDRAZA,2021,9856.0,67.37,dane
47545,47,PIJIÑO DEL CARMEN,2017,12103.0,52.822,dane
47545,47,PIJIÑO DEL CARMEN,2018,12103.0,52.822,dane
47545,47,PIJIÑO DEL CARMEN,2019,12533.0,53.315,dane
47545,47,PIJIÑO DEL CARMEN,2020,13053.0,53.85,dane
47545,47,PIJIÑO DEL CARMEN,2021,13368.0,54.025,dane
47551,47,PIVIJAY,2017,37339.0,41.667,dane
47551,47,PIVIJAY,2018,37339.0,41.667,dane
47551,47,PIVIJAY,2019,38080.0,41.678,dane
47551,47,PIVIJAY,2020,38942.0,41.662,dane
47551,47,PIVIJAY,2021,39447.0,41.694,dane
47555,47,PLATO,2017,61773.0,23.675,dane
47555,47,PLATO,2018,61773.0,23.675,dane
47555,47,PLATO,2019,63914.0,23.564,dane
47555,47,PLATO,2020,66270.0,23.45,dane
47555,47,PLATO,2021,68096.0,23.43,dane
47570,47,PUEBLOVIEJO,2017,29823.0,66.834,dane
47570,47,PUEBLOVIEJO,2018,29823.0,66.834,dane
47570,47,PUEBLOVIEJO,2019,30925.0,67.508,dane
47570,47,PUEBLOVIEJO,2020,32179.0,68.128,dane
47570,47,PUEBLOVIEJO,2021,32872.0,68.38,dane
47605,47,REMOLINO,2017,11451.0,35.569,dane
47605,47,REMOLINO,2018,11451.0,35.569,dane
47605,47,REMOLINO,2019,11863.0,35.337,dane
47605,47,REMOLINO,2020,12302.0,35.124,dane
47605,47,REMOLINO,2021,12661.0,35.195,dane
47660,47,SABANAS DE SAN ÁNGEL,2017,15643.0,70.901,dane
47660,47,SABANAS DE SAN ÁNGEL,2018,15643.0,70.901,dane
47660,47,SABANAS DE SAN ÁNGEL,2019,15933.0,71.022,dane
47660,47,SABANAS DE SAN ÁNGEL,2020,16267.0,71.15,dane
47660,47,SABANAS DE SAN ÁNGEL,2021,16430.0,71.223,dane
47675,47,SALAMINA,2017,10734.0,33.417,dane
47675,47,SALAMINA,2018,10734.0,33.417,dane
47675,47,SALAMINA,2019,11100.0,33.306,dane
47675,47,SALAMINA,2020,11513.0,33.362,dane
47675,47,SALAMINA,2021,11817.0,33.384,dane
47692,47,SAN SEBASTIÁN DE BUENAVISTA,2017,19529.0,68.903,dane
47692,47,SAN SEBASTIÁN DE BUENAVISTA,2018,19529.0,68.903,dane
47692,47,SAN SEBASTIÁN DE BUENAVISTA,2019,20139.0,69.487,dane
47692,47,SAN SEBASTIÁN DE BUENAVISTA,2020,20902.0,69.955,dane
47692,47,SAN SEBASTIÁN DE BUENAVISTA,2021,21248.0,70.171,dane
47703,47,SAN ZENÓN,2017,11692.0,87.333,dane
47703,47,SAN ZENÓN,2018,11692.0,87.333,dane
47703,47,SAN ZENÓN,2019,12219.0,88.027,dane
47703,47,SAN ZENÓN,2020,12836.0,88.54,dane
47703,47,SAN ZENÓN,2021,13184.0,88.827,dane
47707,47,SANTA ANA,2017,25425.0,45.573,dane
47707,47,SANTA ANA,2018,25425.0,45.573,dane
47707,47,SANTA ANA,2019,26061.0,44.764,dane
47707,47,SANTA ANA,2020,26747.0,44.009,dane
47707,47,SANTA ANA,2021,27195.0,43.993,dane
47720,47,SANTA BÁRBARA DE PINTO,2017,10575.0,37.428,dane
47720,47,SANTA BÁRBARA DE PINTO,2018,10575.0,37.428,dane
47720,47,SANTA BÁRBARA DE PINTO,2019,10736.0,37.612,dane
47720,47,SANTA BÁRBARA DE PINTO,2020,10892.0,37.697,dane
47720,47,SANTA BÁRBARA DE PINTO,2021,10959.0,37.677,dane
47745,47,SITIONUEVO,2017,27130.0,47.486,dane
47745,47,SITIONUEVO,2018,27130.0,47.486,dane
47745,47,SITIONUEVO,2019,27593.0,47.809,dane
47745,47,SITIONUEVO,2020,28145.0,48.087,dane
47745,47,SITIONUEVO,2021,28454.0,48.165,dane
47798,47,TENERIFE,2017,13233.0,50.782,dane
47798,47,TENERIFE,2018,13233.0,50.782,dane
47798,47,TENERIFE,2019,13504.0,50.948,dane
47798,47,TENERIFE,2020,13830.0,51.07,dane
47798,47,TENERIFE,2021,14007.0,51.146,dane
47960,47,ZAPAYÁN,2017,9916.0,61.053,dane
47960,47,ZAPAYÁN,2018,9916.0,61.053,dane
47960,47,ZAPAYÁN,2019,10161.0,61.323,dane
47960,47,ZAPAYÁN,2020,10444.0,61.432,dane
47960,47,ZAPAYÁN,2021,10652.0,61.547,dane
47980,47,ZONA BANANERA,2017,68711.0,93.585,dane
47980,47,ZONA BANANERA,2018,68711.0,93.585,dane
47980,47,ZONA BANANERA,2019,71479.0,94.068,dane
47980,47,ZONA BANANERA,2020,74555.0,94.54,dane
47980,47,ZONA BANANERA,2021,76103.0,94.911,dane
50001,50,VILLAVICENCIO,2017,531285.0,7.385,dane
50001,50,VILLAVICENCIO,2018,531285.0,7.385,dane
50001,50,VILLAVICENCIO,2019,542056.0,7.583,dane
50001,50,VILLAVICENCIO,2020,554012.0,7.776,dane
50001,50,VILLAVICENCIO,2021,561992.0,7.82,dane
50006,50,ACACÍAS,2017,88028.0,22.861,dane
50006,50,ACACÍAS,2018,88028.0,22.861,dane
50006,50,ACACÍAS,2019,90779.0,23.303,dane
50006,50,ACACÍAS,2020,93760.0,23.754,dane
50006,50,ACACÍAS,2021,96064.0,23.852,dane
50110,50,BARRANCA DE UPÍA,2017,6439.0,31.278,dane
50110,50,BARRANCA DE UPÍA,2018,6439.0,31.278,dane
50110,50,BARRANCA DE UPÍA,2019,6690.0,30.239,dane
50110,50,BARRANCA DE UPÍA,2020,6956.0,29.284,dane
50110,50,BARRANCA DE UPÍA,2021,7197.0,29.304,dane
50124,50,CABUYARO,2017,6055.0,50.636,dane
50124,50,CABUYARO,2018,6055.0,50.636,dane
50124,50,CABUYARO,2019,6229.0,50.522,dane
50124,50,CABUYARO,2020,6404.0,50.297,dane
50124,50,CABUYARO,2021,6543.0,50.267,dane
50150,50,CASTILLA LA NUEVA,2017,14305.0,56.917,dane
50150,50,CASTILLA LA NUEVA,2018,14305.0,56.917,dane
50150,50,CASTILLA LA NUEVA,2019,14878.0,57.743,dane
50150,50,CASTILLA LA NUEVA,2020,15461.0,58.476,dane
50150,50,CASTILLA LA NUEVA,2021,15972.0,58.696,dane
50223,50,CUBARRAL,2017,6968.0,34.271,dane
50223,50,CUBARRAL,2018,6968.0,34.271,dane
50223,50,CUBARRAL,2019,7073.0,34.215,dane
50223,50,CUBARRAL,2020,7223.0,34.266,dane
50223,50,CUBARRAL,2021,7285.0,34.29,dane
50226,50,CUMARAL,2017,22814.0,34.238,dane
50226,50,CUMARAL,2018,22814.0,34.238,dane
50226,50,CUMARAL,2019,23254.0,34.39,dane
50226,50,CUMARAL,2020,23717.0,34.435,dane
50226,50,CUMARAL,2021,24002.0,34.501,dane
50245,50,EL CALVARIO,2017,1775.0,66.704,dane
50245,50,EL CALVARIO,2018,1775.0,66.704,dane
50245,50,EL CALVARIO,2019,1794.0,65.496,dane
50245,50,EL CALVARIO,2020,1837.0,65.052,dane
50245,50,EL CALVARIO,2021,1848.0,64.286,dane
50251,50,EL CASTILLO,2017,7983.0,62.17,dane
50251,50,EL CASTILLO,2018,7983.0,62.17,dane
50251,50,EL CASTILLO,2019,8090.0,62.015,dane
50251,50,EL CASTILLO,2020,8239.0,61.925,dane
50251,50,EL CASTILLO,2021,8314.0,62.112,dane
50270,50,EL DORADO,2017,3889.0,63.667,dane
50270,50,EL DORADO,2018,3889.0,63.667,dane
50270,50,EL DORADO,2019,3948.0,63.906,dane
50270,50,EL DORADO,2020,4022.0,63.874,dane
50270,50,EL DORADO,2021,4057.0,64.161,dane
50287,50,FUENTE DE ORO,2017,12120.0,42.946,dane
50287,50,FUENTE DE ORO,2018,12120.0,42.946,dane
50287,50,FUENTE DE ORO,2019,12313.0,42.995,dane
50287,50,FUENTE DE ORO,2020,12517.0,43.021,dane
50287,50,FUENTE DE ORO,2021,12629.0,43.052,dane
50313,50,GRANADA,2017,68874.0,15.358,dane
50313,50,GRANADA,2018,68874.0,15.358,dane
50313,50,GRANADA,2019,70111.0,15.634,dane
50313,50,GRANADA,2020,71488.0,15.903,dane
50313,50,GRANADA,2021,72338.0,15.969,dane
50318,50,GUAMAL,2017,14123.0,31.941,dane
50318,50,GUAMAL,2018,14123.0,31.941,dane
50318,50,GUAMAL,2019,14538.0,32.171,dane
50318,50,GUAMAL,2020,14985.0,32.466,dane
50318,50,GUAMAL,2021,15321.0,32.524,dane
50325,50,MAPIRIPÁN,2017,7011.0,64.541,dane
50325,50,MAPIRIPÁN,2018,7011.0,64.541,dane
50325,50,MAPIRIPÁN,2019,7068.0,65.195,dane
50325,50,MAPIRIPÁN,2020,7127.0,65.792,dane
50325,50,MAPIRIPÁN,2021,7180.0,65.891,dane
50330,50,MESETAS,2017,11161.0,59.197,dane
50330,50,MESETAS,2018,11161.0,59.197,dane
50330,50,MESETAS,2019,11301.0,59.057,dane
50330,50,MESETAS,2020,11443.0,59.084,dane
50330,50,MESETAS,2021,11547.0,59.141,dane
50350,50,LA MACARENA,2017,26862.0,82.388,dane
50350,50,LA MACARENA,2018,26862.0,82.388,dane
50350,50,LA MACARENA,2019,27438.0,82.881,dane
50350,50,LA MACARENA,2020,28035.0,83.296,dane
50350,50,LA MACARENA,2021,28445.0,83.445,dane
50370,50,URIBE,2017,9273.0,77.03,dane
50370,50,URIBE,2018,9273.0,77.03,dane
50370,50,URIBE,2019,9386.0,77.445,dane
50370,50,URIBE,2020,9489.0,77.785,dane
50370,50,URIBE,2021,9548.0,77.838,dane
50400,50,LEJANÍAS,2017,11461.0,57.866,dane
50400,50,LEJANÍAS,2018,11461.0,57.866,dane
50400,50,LEJANÍAS,2019,11631.0,57.931,dane
50400,50,LEJANÍAS,2020,11835.0,58.107,dane
50400,50,LEJANÍAS,2021,11945.0,58.175,dane
50450,50,PUERTO CONCORDIA,2017,8379.0,59.112,dane
50450,50,PUERTO CONCORDIA,2018,8379.0,59.112,dane
50450,50,PUERTO CONCORDIA,2019,8459.0,59.652,dane
50450,50,PUERTO CONCORDIA,2020,8539.0,60.101,dane
50450,50,PUERTO CONCORDIA,2021,8591.0,60.272,dane
50568,50,PUERTO GAITÁN,2017,41515.0,50.223,dane
50568,50,PUERTO GAITÁN,2018,41515.0,50.223,dane
50568,50,PUERTO GAITÁN,2019,43661.0,50.301,dane
50568,50,PUERTO GAITÁN,2020,45902.0,50.34,dane
50568,50,PUERTO GAITÁN,2021,47835.0,50.457,dane
50573,50,PUERTO LÓPEZ,2017,30405.0,38.905,dane
50573,50,PUERTO LÓPEZ,2018,30405.0,38.905,dane
50573,50,PUERTO LÓPEZ,2019,30853.0,39.011,dane
50573,50,PUERTO LÓPEZ,2020,31379.0,39.119,dane
50573,50,PUERTO LÓPEZ,2021,31673.0,39.22,dane
50577,50,PUERTO LLERAS,2017,10429.0,60.687,dane
50577,50,PUERTO LLERAS,2018,10429.0,60.687,dane
50577,50,PUERTO LLERAS,2019,10505.0,61.314,dane
50577,50,PUERTO LLERAS,2020,10591.0,61.93,dane
50577,50,PUERTO LLERAS,2021,10635.0,62.069,dane
50590,50,PUERTO RICO,2017,13079.0,50.585,dane
50590,50,PUERTO RICO,2018,13079.0,50.585,dane
50590,50,PUERTO RICO,2019,13145.0,50.514,dane
50590,50,PUERTO RICO,2020,13265.0,50.305,dane
50590,50,PUERTO RICO,2021,13330.0,50.39,dane
50606,50,RESTREPO,2017,18285.0,33.268,dane
50606,50,RESTREPO,2018,18285.0,33.268,dane
50606,50,RESTREPO,2019,18855.0,33.349,dane
50606,50,RESTREPO,2020,19507.0,33.439,dane
50606,50,RESTREPO,2021,19986.0,33.553,dane
50680,50,SAN CARLOS DE GUAROA,2017,12294.0,48.78,dane
50680,50,SAN CARLOS DE GUAROA,2018,12294.0,48.78,dane
50680,50,SAN CARLOS DE GUAROA,2019,12714.0,48.875,dane
50680,50,SAN CARLOS DE GUAROA,2020,13184.0,48.885,dane
50680,50,SAN CARLOS DE GUAROA,2021,13551.0,49.052,dane
50683,50,SAN JUAN DE ARAMA,2017,9116.0,52.073,dane
50683,50,SAN JUAN DE ARAMA,2018,9116.0,52.073,dane
50683,50,SAN JUAN DE ARAMA,2019,9195.0,51.833,dane
50683,50,SAN JUAN DE ARAMA,2020,9267.0,51.473,dane
50683,50,SAN JUAN DE ARAMA,2021,9339.0,51.504,dane
50686,50,SAN JUANITO,2017,1297.0,48.882,dane
50686,50,SAN JUANITO,2018,1297.0,48.882,dane
50686,50,SAN JUANITO,2019,1342.0,47.765,dane
50686,50,SAN JUANITO,2020,1351.0,46.262,dane
50686,50,SAN JUANITO,2021,1358.0,46.539,dane
50689,50,SAN MARTÍN,2017,26700.0,27.184,dane
50689,50,SAN MARTÍN,2018,26700.0,27.184,dane
50689,50,SAN MARTÍN,2019,27123.0,27.353,dane
50689,50,SAN MARTÍN,2020,27579.0,27.557,dane
50689,50,SAN MARTÍN,2021,27852.0,27.643,dane
50711,50,VISTAHERMOSA,2017,17776.0,59.068,dane
50711,50,VISTAHERMOSA,2018,17776.0,59.068,dane
50711,50,VISTAHERMOSA,2019,17926.0,58.34,dane
50711,50,VISTAHERMOSA,2020,18082.0,57.637,dane
50711,50,VISTAHERMOSA,2021,18182.0,57.612,dane
52001,52,PASTO,2017,392934.0,21.591,dane
52001,52,PASTO,2018,392934.0,21.591,dane
52001,52,PASTO,2019,395380.0,21.776,dane
52001,52,PASTO,2020,397905.0,21.962,dane
52001,52,PASTO,2021,399607.0,21.946,dane
52019,52,ALBÁN,2017,9641.0,72.119,dane
52019,52,ALBÁN,2018,9641.0,72.119,dane
52019,52,ALBÁN,2019,9621.0,71.77,dane
52019,52,ALBÁN,2020,9654.0,71.38,dane
52019,52,ALBÁN,2021,9648.0,71.331,dane
52022,52,ALDANA,2017,7392.0,79.045,dane
52022,52,ALDANA,2018,7392.0,79.045,dane
52022,52,ALDANA,2019,7473.0,78.857,dane
52022,52,ALDANA,2020,7522.0,78.955,dane
52022,52,ALDANA,2021,7589.0,78.904,dane
52036,52,ANCUYA,2017,8781.0,75.675,dane
52036,52,ANCUYA,2018,8781.0,75.675,dane
52036,52,ANCUYA,2019,8811.0,75.633,dane
52036,52,ANCUYA,2020,8829.0,75.694,dane
52036,52,ANCUYA,2021,8835.0,75.608,dane
52051,52,ARBOLEDA,2017,8437.0,86.073,dane
52051,52,ARBOLEDA,2018,8437.0,86.073,dane
52051,52,ARBOLEDA,2019,8562.0,86.136,dane
52051,52,ARBOLEDA,2020,8668.0,86.191,dane
52051,52,ARBOLEDA,2021,8767.0,86.141,dane
52079,52,BARBACOAS,2017,55628.0,78.283,dane
52079,52,BARBACOAS,2018,55628.0,78.283,dane
52079,52,BARBACOAS,2019,57305.0,78.168,dane
52079,52,BARBACOAS,2020,58972.0,78.035,dane
52079,52,BARBACOAS,2021,60361.0,77.968,dane
52083,52,BELÉN,2017,6335.0,48.414,dane
52083,52,BELÉN,2018,6335.0,48.414,dane
52083,52,BELÉN,2019,6317.0,48.441,dane
52083,52,BELÉN,2020,6332.0,48.31,dane
52083,52,BELÉN,2021,6332.0,48.263,dane
52110,52,BUESACO,2017,23906.0,72.593,dane
52110,52,BUESACO,2018,23906.0,72.593,dane
52110,52,BUESACO,2019,24132.0,72.468,dane
52110,52,BUESACO,2020,24359.0,72.372,dane
52110,52,BUESACO,2021,24560.0,72.292,dane
52203,52,COLÓN,2017,8528.0,87.207,dane
52203,52,COLÓN,2018,8528.0,87.207,dane
52203,52,COLÓN,2019,8524.0,87.119,dane
52203,52,COLÓN,2020,8535.0,86.924,dane
52203,52,COLÓN,2021,8539.0,86.813,dane
52207,52,CONSACÁ,2017,13790.0,84.358,dane
52207,52,CONSACÁ,2018,13790.0,84.358,dane
52207,52,CONSACÁ,2019,14050.0,84.406,dane
52207,52,CONSACÁ,2020,14321.0,84.289,dane
52207,52,CONSACÁ,2021,14551.0,84.283,dane
52210,52,CONTADERO,2017,7273.0,82.098,dane
52210,52,CONTADERO,2018,7273.0,82.098,dane
52210,52,CONTADERO,2019,7318.0,81.785,dane
52210,52,CONTADERO,2020,7394.0,81.837,dane
52210,52,CONTADERO,2021,7439.0,81.839,dane
52215,52,CÓRDOBA,2017,15509.0,80.128,dane
52215,52,CÓRDOBA,2018,15509.0,80.128,dane
52215,52,CÓRDOBA,2019,15743.0,80.055,dane
52215,52,CÓRDOBA,2020,15954.0,80.005,dane
52215,52,CÓRDOBA,2021,16157.0,80.027,dane
52224,52,CUASPUD CARLOSAMA,2017,9210.0,70.554,dane
52224,52,CUASPUD CARLOSAMA,2018,9210.0,70.554,dane
52224,52,CUASPUD CARLOSAMA,2019,9302.0,70.576,dane
52224,52,CUASPUD CARLOSAMA,2020,9450.0,70.392,dane
52224,52,CUASPUD CARLOSAMA,2021,9569.0,70.436,dane
52227,52,CUMBAL,2017,36870.0,81.446,dane
52227,52,CUMBAL,2018,36870.0,81.446,dane
52227,52,CUMBAL,2019,37488.0,81.485,dane
52227,52,CUMBAL,2020,38121.0,81.504,dane
52227,52,CUMBAL,2021,38718.0,81.456,dane
52233,52,CUMBITARA,2017,5946.0,72.805,dane
52233,52,CUMBITARA,2018,5946.0,72.805,dane
52233,52,CUMBITARA,2019,5946.0,72.486,dane
52233,52,CUMBITARA,2020,5957.0,72.033,dane
52233,52,CUMBITARA,2021,5954.0,71.935,dane
52240,52,CHACHAGÜÍ,2017,15359.0,71.782,dane
52240,52,CHACHAGÜÍ,2018,15359.0,71.782,dane
52240,52,CHACHAGÜÍ,2019,15557.0,71.518,dane
52240,52,CHACHAGÜÍ,2020,15758.0,71.272,dane
52240,52,CHACHAGÜÍ,2021,15937.0,71.224,dane
52250,52,EL CHARCO,2017,22501.0,67.868,dane
52250,52,EL CHARCO,2018,22501.0,67.868,dane
52250,52,EL CHARCO,2019,22445.0,67.574,dane
52250,52,EL CHARCO,2020,22385.0,67.241,dane
52250,52,EL CHARCO,2021,22350.0,67.092,dane
52254,52,EL PEÑOL,2017,7439.0,82.054,dane
52254,52,EL PEÑOL,2018,7439.0,82.054,dane
52254,52,EL PEÑOL,2019,7524.0,81.805,dane
52254,52,EL PEÑOL,2020,7602.0,81.4,dane
52254,52,EL PEÑOL,2021,7656.0,81.57,dane
52256,52,EL ROSARIO,2017,12278.0,85.568,dane
52256,52,EL ROSARIO,2018,12278.0,85.568,dane
52256,52,EL ROSARIO,2019,12412.0,85.313,dane
52256,52,EL ROSARIO,2020,12507.0,85.312,dane
52256,52,EL ROSARIO,2021,12617.0,85.282,dane
52258,52,EL TABLÓN DE GÓMEZ,2017,14340.0,88.933,dane
52258,52,EL TABLÓN DE GÓMEZ,2018,14340.0,88.933,dane
52258,52,EL TABLÓN DE GÓMEZ,2019,14402.0,89.015,dane
52258,52,EL TABLÓN DE GÓMEZ,2020,14492.0,88.939,dane
52258,52,EL TABLÓN DE GÓMEZ,2021,14558.0,88.872,dane
52260,52,EL TAMBO,2017,14286.0,63.244,dane
52260,52,EL TAMBO,2018,14286.0,63.244,dane
52260,52,EL TAMBO,2019,14359.0,62.908,dane
52260,52,EL TAMBO,2020,14425.0,62.648,dane
52260,52,EL TAMBO,2021,14464.0,62.528,dane
52287,52,FUNES,2017,7240.0,57.224,dane
52287,52,FUNES,2018,7240.0,57.224,dane
52287,52,FUNES,2019,7263.0,56.974,dane
52287,52,FUNES,2020,7319.0,56.784,dane
52287,52,FUNES,2021,7363.0,56.635,dane
52317,52,GUACHUCAL,2017,19458.0,84.222,dane
52317,52,GUACHUCAL,2018,19458.0,84.222,dane
52317,52,GUACHUCAL,2019,19660.0,84.385,dane
52317,52,GUACHUCAL,2020,19862.0,84.468,dane
52317,52,GUACHUCAL,2021,20042.0,84.473,dane
52320,52,GUAITARILLA,2017,11567.0,62.22,dane
52320,52,GUAITARILLA,2018,11567.0,62.22,dane
52320,52,GUAITARILLA,2019,11589.0,62.042,dane
52320,52,GUAITARILLA,2020,11605.0,61.784,dane
52320,52,GUAITARILLA,2021,11608.0,61.699,dane
52323,52,GUALMATÁN,2017,7053.0,57.578,dane
52323,52,GUALMATÁN,2018,7053.0,57.578,dane
52323,52,GUALMATÁN,2019,7180.0,57.618,dane
52323,52,GUALMATÁN,2020,7281.0,57.286,dane
52323,52,GUALMATÁN,2021,7375.0,57.519,dane
52352,52,ILES,2017,7655.0,72.201,dane
52352,52,ILES,2018,7655.0,72.201,dane
52352,52,ILES,2019,7672.0,72.041,dane
52352,52,ILES,2020,7698.0,72.032,dane
52352,52,ILES,2021,7691.0,71.902,dane
52354,52,IMUÉS,2017,7645.0,86.893,dane
52354,52,IMUÉS,2018,7645.0,86.893,dane
52354,52,IMUÉS,2019,7698.0,86.607,dane
52354,52,IMUÉS,2020,7744.0,86.48,dane
52354,52,IMUÉS,2021,7756.0,86.539,dane
52356,52,IPIALES,2017,116128.0,33.395,dane
52356,52,IPIALES,2018,116128.0,33.395,dane
52356,52,IPIALES,2019,117206.0,33.395,dane
52356,52,IPIALES,2020,118300.0,33.379,dane
52356,52,IPIALES,2021,119188.0,33.341,dane
52378,52,LA CRUZ,2017,18746.0,57.271,dane
52378,52,LA CRUZ,2018,18746.0,57.271,dane
52378,52,LA CRUZ,2019,18922.0,57.145,dane
52378,52,LA CRUZ,2020,19082.0,57.069,dane
52378,52,LA CRUZ,2021,19221.0,56.985,dane
52381,52,LA FLORIDA,2017,10102.0,80.42,dane
52381,52,LA FLORIDA,2018,10102.0,80.42,dane
52381,52,LA FLORIDA,2019,10110.0,80.188,dane
52381,52,LA FLORIDA,2020,10137.0,79.964,dane
52381,52,LA FLORIDA,2021,10130.0,79.951,dane
52385,52,LA LLANADA,2017,6494.0,51.37,dane
52385,52,LA LLANADA,2018,6494.0,51.37,dane
52385,52,LA LLANADA,2019,6509.0,51.237,dane
52385,52,LA LLANADA,2020,6531.0,51.217,dane
52385,52,LA LLANADA,2021,6550.0,51.053,dane
52390,52,LA TOLA,2017,7390.0,60.514,dane
52390,52,LA TOLA,2018,7390.0,60.514,dane
52390,52,LA TOLA,2019,7490.0,60.601,dane
52390,52,LA TOLA,2020,7576.0,60.388,dane
52390,52,LA TOLA,2021,7642.0,60.311,dane
52399,52,LA UNIÓN,2017,31849.0,59.845,dane
52399,52,LA UNIÓN,2018,31849.0,59.845,dane
52399,52,LA UNIÓN,2019,32307.0,59.823,dane
52399,52,LA UNIÓN,2020,32781.0,59.87,dane
52399,52,LA UNIÓN,2021,33179.0,59.803,dane
52405,52,LEIVA,2017,9771.0,69.614,dane
52405,52,LEIVA,2018,9771.0,69.614,dane
52405,52,LEIVA,2019,9781.0,69.349,dane
52405,52,LEIVA,2020,9778.0,68.94,dane
52405,52,LEIVA,2021,9792.0,68.852,dane
52411,52,LINARES,2017,10217.0,78.252,dane
52411,52,LINARES,2018,10217.0,78.252,dane
52411,52,LINARES,2019,10253.0,78.094,dane
52411,52,LINARES,2020,10262.0,78.026,dane
52411,52,LINARES,2021,10251.0,78.061,dane
52418,52,LOS ANDES,2017,9557.0,54.149,dane
52418,52,LOS ANDES,2018,9557.0,54.149,dane
52418,52,LOS ANDES,2019,9566.0,53.68,dane
52418,52,LOS ANDES,2020,9574.0,53.06,dane
52418,52,LOS ANDES,2021,9573.0,53.024,dane
52427,52,MAGÜÍ,2017,24706.0,70.339,dane
52427,52,MAGÜÍ,2018,24706.0,70.339,dane
52427,52,MAGÜÍ,2019,25340.0,70.221,dane
52427,52,MAGÜÍ,2020,25996.0,70.099,dane
52427,52,MAGÜÍ,2021,26548.0,70.009,dane
52435,52,MALLAMA,2017,8993.0,86.423,dane
52435,52,MALLAMA,2018,8993.0,86.423,dane
52435,52,MALLAMA,2019,8971.0,86.434,dane
52435,52,MALLAMA,2020,8992.0,86.31,dane
52435,52,MALLAMA,2021,8991.0,86.153,dane
52473,52,MOSQUERA,2017,11982.0,52.629,dane
52473,52,MOSQUERA,2018,11982.0,52.629,dane
52473,52,MOSQUERA,2019,12007.0,52.877,dane
52473,52,MOSQUERA,2020,12057.0,53.073,dane
52473,52,MOSQUERA,2021,12072.0,52.974,dane
52480,52,NARIÑO,2017,4358.0,39.284,dane
52480,52,NARIÑO,2018,4358.0,39.284,dane
52480,52,NARIÑO,2019,4397.0,39.209,dane
52480,52,NARIÑO,2020,4429.0,39.287,dane
52480,52,NARIÑO,2021,4455.0,39.057,dane
52490,52,OLAYA HERRERA,2017,25373.0,57.179,dane
52490,52,OLAYA HERRERA,2018,25373.0,57.179,dane
52490,52,OLAYA HERRERA,2019,25611.0,56.921,dane
52490,52,OLAYA HERRERA,2020,25848.0,56.693,dane
52490,52,OLAYA HERRERA,2021,26119.0,56.595,dane
52506,52,OSPINA,2017,7106.0,72.347,dane
52506,52,OSPINA,2018,7106.0,72.347,dane
52506,52,OSPINA,2019,7119.0,72.173,dane
52506,52,OSPINA,2020,7126.0,71.962,dane
52506,52,OSPINA,2021,7111.0,71.931,dane
52520,52,FRANCISCO PIZARRO,2017,14193.0,61.798,dane
52520,52,FRANCISCO PIZARRO,2018,14193.0,61.798,dane
52520,52,FRANCISCO PIZARRO,2019,14463.0,61.516,dane
52520,52,FRANCISCO PIZARRO,2020,14733.0,61.25,dane
52520,52,FRANCISCO PIZARRO,2021,14984.0,61.185,dane
52540,52,POLICARPA,2017,9896.0,73.767,dane
52540,52,POLICARPA,2018,9896.0,73.767,dane
52540,52,POLICARPA,2019,9905.0,73.609,dane
52540,52,POLICARPA,2020,9904.0,73.364,dane
52540,52,POLICARPA,2021,9917.0,73.288,dane
52560,52,POTOSÍ,2017,10412.0,79.812,dane
52560,52,POTOSÍ,2018,10412.0,79.812,dane
52560,52,POTOSÍ,2019,10428.0,79.488,dane
52560,52,POTOSÍ,2020,10434.0,79.279,dane
52560,52,POTOSÍ,2021,10434.0,79.279,dane
52565,52,PROVIDENCIA,2017,5561.0,73.224,dane
52565,52,PROVIDENCIA,2018,5561.0,73.224,dane
52565,52,PROVIDENCIA,2019,5572.0,72.99,dane
52565,52,PROVIDENCIA,2020,5574.0,72.964,dane
52565,52,PROVIDENCIA,2021,5580.0,72.849,dane
52573,52,PUERRES,2017,8573.0,59.804,dane
52573,52,PUERRES,2018,8573.0,59.804,dane
52573,52,PUERRES,2019,8585.0,59.371,dane
52573,52,PUERRES,2020,8591.0,59.073,dane
52573,52,PUERRES,2021,8584.0,58.935,dane
52585,52,PUPIALES,2017,17500.0,64.571,dane
52585,52,PUPIALES,2018,17500.0,64.571,dane
52585,52,PUPIALES,2019,17496.0,64.363,dane
52585,52,PUPIALES,2020,17507.0,64.174,dane
52585,52,PUPIALES,2021,17459.0,64.133,dane
52612,52,RICAURTE,2017,19626.0,87.812,dane
52612,52,RICAURTE,2018,19626.0,87.812,dane
52612,52,RICAURTE,2019,20132.0,87.815,dane
52612,52,RICAURTE,2020,20622.0,87.872,dane
52612,52,RICAURTE,2021,21108.0,87.843,dane
52621,52,ROBERTO PAYÁN,2017,12658.0,73.29,dane
52621,52,ROBERTO PAYÁN,2018,12658.0,73.29,dane
52621,52,ROBERTO PAYÁN,2019,12587.0,73.107,dane
52621,52,ROBERTO PAYÁN,2020,12475.0,73.01,dane
52621,52,ROBERTO PAYÁN,2021,12451.0,72.846,dane
52678,52,SAMANIEGO,2017,29433.0,67.832,dane
52678,52,SAMANIEGO,2018,29433.0,67.832,dane
52678,52,SAMANIEGO,2019,29434.0,67.126,dane
52678,52,SAMANIEGO,2020,29434.0,66.399,dane
52678,52,SAMANIEGO,2021,29451.0,66.273,dane
52683,52,SANDONÁ,2017,20775.0,51.341,dane
52683,52,SANDONÁ,2018,20775.0,51.341,dane
52683,52,SANDONÁ,2019,20793.0,50.435,dane
52683,52,SANDONÁ,2020,20839.0,49.542,dane
52683,52,SANDONÁ,2021,20831.0,49.47,dane
52685,52,SAN BERNARDO,2017,9200.0,71.848,dane
52685,52,SAN BERNARDO,2018,9200.0,71.848,dane
52685,52,SAN BERNARDO,2019,9207.0,71.717,dane
52685,52,SAN BERNARDO,2020,9204.0,71.719,dane
52685,52,SAN BERNARDO,2021,9216.0,71.582,dane
52687,52,SAN LORENZO,2017,18479.0,88.154,dane
52687,52,SAN LORENZO,2018,18479.0,88.154,dane
52687,52,SAN LORENZO,2019,18547.0,88.133,dane
52687,52,SAN LORENZO,2020,18602.0,88.12,dane
52687,52,SAN LORENZO,2021,18654.0,88.056,dane
52693,52,SAN PABLO,2017,15395.0,73.608,dane
52693,52,SAN PABLO,2018,15395.0,73.608,dane
52693,52,SAN PABLO,2019,15406.0,73.575,dane
52693,52,SAN PABLO,2020,15420.0,73.405,dane
52693,52,SAN PABLO,2021,15435.0,73.359,dane
52694,52,SAN PEDRO DE CARTAGO,2017,6850.0,87.518,dane
52694,52,SAN PEDRO DE CARTAGO,2018,6850.0,87.518,dane
52694,52,SAN PEDRO DE CARTAGO,2019,6860.0,87.624,dane
52694,52,SAN PEDRO DE CARTAGO,2020,6858.0,87.839,dane
52694,52,SAN PEDRO DE CARTAGO,2021,6866.0,87.809,dane
52696,52,SANTA BÁRBARA,2017,13422.0,73.156,dane
52696,52,SANTA BÁRBARA,2018,13422.0,73.156,dane
52696,52,SANTA BÁRBARA,2019,13549.0,73.046,dane
52696,52,SANTA BÁRBARA,2020,13673.0,72.947,dane
52696,52,SANTA BÁRBARA,2021,13788.0,72.875,dane
52699,52,SANTACRUZ,2017,10790.0,85.829,dane
52699,52,SANTACRUZ,2018,10790.0,85.829,dane
52699,52,SANTACRUZ,2019,10741.0,85.96,dane
52699,52,SANTACRUZ,2020,10697.0,86.099,dane
52699,52,SANTACRUZ,2021,10680.0,86.049,dane
52720,52,SAPUYES,2017,7358.0,80.362,dane
52720,52,SAPUYES,2018,7358.0,80.362,dane
52720,52,SAPUYES,2019,7358.0,80.579,dane
52720,52,SAPUYES,2020,7370.0,80.556,dane
52720,52,SAPUYES,2021,7383.0,80.442,dane
52786,52,TAMINANGO,2017,17862.0,77.595,dane
52786,52,TAMINANGO,2018,17862.0,77.595,dane
52786,52,TAMINANGO,2019,17968.0,77.555,dane
52786,52,TAMINANGO,2020,18086.0,77.596,dane
52786,52,TAMINANGO,2021,18176.0,77.575,dane
52788,52,TANGUA,2017,13514.0,79.577,dane
52788,52,TANGUA,2018,13514.0,79.577,dane
52788,52,TANGUA,2019,13708.0,79.341,dane
52788,52,TANGUA,2020,13911.0,79.261,dane
52788,52,TANGUA,2021,14089.0,79.289,dane
52835,52,SAN ANDRÉS DE TUMACO,2017,253643.0,65.968,dane
52835,52,SAN ANDRÉS DE TUMACO,2018,253643.0,65.968,dane
52835,52,SAN ANDRÉS DE TUMACO,2019,257419.0,65.969,dane
52835,52,SAN ANDRÉS DE TUMACO,2020,261178.0,65.975,dane
52835,52,SAN ANDRÉS DE TUMACO,2021,264327.0,65.884,dane
52838,52,TÚQUERRES,2017,44745.0,61.31,dane
52838,52,TÚQUERRES,2018,44745.0,61.31,dane
52838,52,TÚQUERRES,2019,45170.0,61.297,dane
52838,52,TÚQUERRES,2020,45627.0,61.249,dane
52838,52,TÚQUERRES,2021,46018.0,61.193,dane
52885,52,YACUANQUER,2017,10940.0,69.57,dane
52885,52,YACUANQUER,2018,10940.0,69.57,dane
52885,52,YACUANQUER,2019,11058.0,69.533,dane
52885,52,YACUANQUER,2020,11185.0,69.45,dane
52885,52,YACUANQUER,2021,11289.0,69.422,dane
54001,54,SAN JOSÉ DE CÚCUTA,2017,711714.0,3.691,dane
54001,54,SAN JOSÉ DE CÚCUTA,2018,711714.0,3.691,dane
54001,54,SAN JOSÉ DE CÚCUTA,2019,736089.0,3.728,dane
54001,54,SAN JOSÉ DE CÚCUTA,2020,765533.0,3.764,dane
54001,54,SAN JOSÉ DE CÚCUTA,2021,777903.0,3.791,dane
54003,54,ÁBREGO,2017,31785.0,50.002,dane
54003,54,ÁBREGO,2018,31785.0,50.002,dane
54003,54,ÁBREGO,2019,32731.0,49.192,dane
54003,54,ÁBREGO,2020,33774.0,48.446,dane
54003,54,ÁBREGO,2021,34418.0,48.39,dane
54051,54,ARBOLEDAS,2017,9602.0,77.026,dane
54051,54,ARBOLEDAS,2018,9602.0,77.026,dane
54051,54,ARBOLEDAS,2019,9884.0,76.619,dane
54051,54,ARBOLEDAS,2020,10188.0,76.315,dane
54051,54,ARBOLEDAS,2021,10312.0,76.261,dane
54099,54,BOCHALEMA,2017,8102.0,62.639,dane
54099,54,BOCHALEMA,2018,8102.0,62.639,dane
54099,54,BOCHALEMA,2019,8413.0,62.594,dane
54099,54,BOCHALEMA,2020,8743.0,62.656,dane
54099,54,BOCHALEMA,2021,8976.0,62.589,dane
54109,54,BUCARASICA,2017,6247.0,91.804,dane
54109,54,BUCARASICA,2018,6247.0,91.804,dane
54109,54,BUCARASICA,2019,6557.0,91.521,dane
54109,54,BUCARASICA,2020,6844.0,91.248,dane
54109,54,BUCARASICA,2021,7082.0,91.09,dane
54125,54,CÁCOTA,2017,2791.0,67.216,dane
54125,54,CÁCOTA,2018,2791.0,67.216,dane
54125,54,CÁCOTA,2019,2863.0,66.539,dane
54125,54,CÁCOTA,2020,2951.0,66.113,dane
54125,54,CÁCOTA,2021,3033.0,65.809,dane
54128,54,CÁCHIRA,2017,10997.0,83.85,dane
54128,54,CÁCHIRA,2018,10997.0,83.85,dane
54128,54,CÁCHIRA,2019,11301.0,83.391,dane
54128,54,CÁCHIRA,2020,11664.0,82.939,dane
54128,54,CÁCHIRA,2021,11806.0,82.932,dane
54172,54,CHINÁCOTA,2017,17273.0,35.819,dane
54172,54,CHINÁCOTA,2018,17273.0,35.819,dane
54172,54,CHINÁCOTA,2019,17828.0,35.629,dane
54172,54,CHINÁCOTA,2020,18505.0,35.547,dane
54172,54,CHINÁCOTA,2021,18973.0,35.551,dane
54174,54,CHITAGÁ,2017,11556.0,62.591,dane
54174,54,CHITAGÁ,2018,11556.0,62.591,dane
54174,54,CHITAGÁ,2019,11948.0,62.228,dane
54174,54,CHITAGÁ,2020,12406.0,61.922,dane
54174,54,CHITAGÁ,2021,12658.0,61.929,dane
54206,54,CONVENCIÓN,2017,18462.0,59.831,dane
54206,54,CONVENCIÓN,2018,18462.0,59.831,dane
54206,54,CONVENCIÓN,2019,19064.0,59.736,dane
54206,54,CONVENCIÓN,2020,19716.0,59.743,dane
54206,54,CONVENCIÓN,2021,20107.0,59.696,dane
54223,54,CUCUTILLA,2017,8107.0,81.374,dane
54223,54,CUCUTILLA,2018,8107.0,81.374,dane
54223,54,CUCUTILLA,2019,8262.0,81.239,dane
54223,54,CUCUTILLA,2020,8479.0,80.882,dane
54223,54,CUCUTILLA,2021,8556.0,80.75,dane
54239,54,DURANIA,2017,4531.0,51.181,dane
54239,54,DURANIA,2018,4531.0,51.181,dane
54239,54,DURANIA,2019,4661.0,51.019,dane
54239,54,DURANIA,2020,4809.0,51.029,dane
54239,54,DURANIA,2021,4885.0,51.013,dane
54245,54,EL CARMEN,2017,13153.0,83.221,dane
54245,54,EL CARMEN,2018,13153.0,83.221,dane
54245,54,EL CARMEN,2019,13569.0,83.168,dane
54245,54,EL CARMEN,2020,14035.0,83.064,dane
54245,54,EL CARMEN,2021,14294.0,83.028,dane
54250,54,EL TARRA,2017,20079.0,58.34,dane
54250,54,EL TARRA,2018,20079.0,58.34,dane
54250,54,EL TARRA,2019,21378.0,57.578,dane
54250,54,EL TARRA,2020,22746.0,56.916,dane
54250,54,EL TARRA,2021,23853.0,56.844,dane
54261,54,EL ZULIA,2017,26696.0,38.908,dane
54261,54,EL ZULIA,2018,26696.0,38.908,dane
54261,54,EL ZULIA,2019,28039.0,39.21,dane
54261,54,EL ZULIA,2020,29600.0,39.53,dane
54261,54,EL ZULIA,2021,30295.0,39.653,dane
54313,54,GRAMALOTE,2017,7293.0,66.063,dane
54313,54,GRAMALOTE,2018,7293.0,66.063,dane
54313,54,GRAMALOTE,2019,7556.0,65.948,dane
54313,54,GRAMALOTE,2020,7855.0,65.703,dane
54313,54,GRAMALOTE,2021,8020.0,65.823,dane
54344,54,HACARÍ,2017,9996.0,86.585,dane
54344,54,HACARÍ,2018,9996.0,86.585,dane
54344,54,HACARÍ,2019,10245.0,86.208,dane
54344,54,HACARÍ,2020,10536.0,85.735,dane
54344,54,HACARÍ,2021,10628.0,85.811,dane
54347,54,HERRÁN,2017,6745.0,82.179,dane
54347,54,HERRÁN,2018,6745.0,82.179,dane
54347,54,HERRÁN,2019,7109.0,81.924,dane
54347,54,HERRÁN,2020,7484.0,81.694,dane
54347,54,HERRÁN,2021,7742.0,81.684,dane
54377,54,LABATECA,2017,6261.0,74.253,dane
54377,54,LABATECA,2018,6261.0,74.253,dane
54377,54,LABATECA,2019,6465.0,73.828,dane
54377,54,LABATECA,2020,6684.0,73.384,dane
54377,54,LABATECA,2021,6801.0,73.313,dane
54385,54,LA ESPERANZA,2017,11360.0,85.326,dane
54385,54,LA ESPERANZA,2018,11360.0,85.326,dane
54385,54,LA ESPERANZA,2019,11699.0,85.05,dane
54385,54,LA ESPERANZA,2020,12055.0,84.778,dane
54385,54,LA ESPERANZA,2021,12217.0,84.734,dane
54398,54,LA PLAYA,2017,7590.0,88.682,dane
54398,54,LA PLAYA,2018,7590.0,88.682,dane
54398,54,LA PLAYA,2019,7843.0,88.436,dane
54398,54,LA PLAYA,2020,8110.0,88.212,dane
54398,54,LA PLAYA,2021,8258.0,88.23,dane
54405,54,LOS PATIOS,2017,89100.0,3.182,dane
54405,54,LOS PATIOS,2018,89100.0,3.182,dane
54405,54,LOS PATIOS,2019,92797.0,2.962,dane
54405,54,LOS PATIOS,2020,97133.0,2.764,dane
54405,54,LOS PATIOS,2021,99404.0,2.759,dane
54418,54,LOURDES,2017,3953.0,53.883,dane
54418,54,LOURDES,2018,3953.0,53.883,dane
54418,54,LOURDES,2019,4080.0,53.137,dane
54418,54,LOURDES,2020,4222.0,52.416,dane
54418,54,LOURDES,2021,4328.0,52.518,dane
54480,54,MUTISCUA,2017,4152.0,80.829,dane
54480,54,MUTISCUA,2018,4152.0,80.829,dane
54480,54,MUTISCUA,2019,4283.0,80.714,dane
54480,54,MUTISCUA,2020,4421.0,80.457,dane
54480,54,MUTISCUA,2021,4512.0,80.43,dane
54498,54,OCAÑA,2017,118266.0,10.246,dane
54498,54,OCAÑA,2018,118266.0,10.246,dane
54498,54,OCAÑA,2019,122171.0,10.176,dane
54498,54,OCAÑA,2020,126550.0,10.097,dane
54498,54,OCAÑA,2021,129721.0,10.109,dane
54518,54,PAMPLONA,2017,50019.0,8.023,dane
54518,54,PAMPLONA,2018,50019.0,8.023,dane
54518,54,PAMPLONA,2019,50724.0,7.726,dane
54518,54,PAMPLONA,2020,51642.0,7.413,dane
54518,54,PAMPLONA,2021,52086.0,7.397,dane
54520,54,PAMPLONITA,2017,5419.0,79.756,dane
54520,54,PAMPLONITA,2018,5419.0,79.756,dane
54520,54,PAMPLONITA,2019,5579.0,79.423,dane
54520,54,PAMPLONITA,2020,5797.0,78.886,dane
54520,54,PAMPLONITA,2021,5907.0,78.923,dane
54553,54,PUERTO SANTANDER,2017,8495.0,6.651,dane
54553,54,PUERTO SANTANDER,2018,8495.0,6.651,dane
54553,54,PUERTO SANTANDER,2019,8799.0,6.569,dane
54553,54,PUERTO SANTANDER,2020,9156.0,6.52,dane
54553,54,PUERTO SANTANDER,2021,9307.0,6.543,dane
54599,54,RAGONVALIA,2017,5897.0,51.365,dane
54599,54,RAGONVALIA,2018,5897.0,51.365,dane
54599,54,RAGONVALIA,2019,6076.0,51.234,dane
54599,54,RAGONVALIA,2020,6288.0,51.066,dane
54599,54,RAGONVALIA,2021,6394.0,51.157,dane
54660,54,SALAZAR,2017,10216.0,62.285,dane
54660,54,SALAZAR,2018,10216.0,62.285,dane
54660,54,SALAZAR,2019,10501.0,61.956,dane
54660,54,SALAZAR,2020,10856.0,61.542,dane
54660,54,SALAZAR,2021,11055.0,61.502,dane
54670,54,SAN CALIXTO,2017,12009.0,83.346,dane
54670,54,SAN CALIXTO,2018,12009.0,83.346,dane
54670,54,SAN CALIXTO,2019,12410.0,82.522,dane
54670,54,SAN CALIXTO,2020,12833.0,81.82,dane
54670,54,SAN CALIXTO,2021,13068.0,81.688,dane
54673,54,SAN CAYETANO,2017,6989.0,67.163,dane
54673,54,SAN CAYETANO,2018,6989.0,67.163,dane
54673,54,SAN CAYETANO,2019,7456.0,67.61,dane
54673,54,SAN CAYETANO,2020,7955.0,67.932,dane
54673,54,SAN CAYETANO,2021,8209.0,68.072,dane
54680,54,SANTIAGO,2017,3366.0,47.802,dane
54680,54,SANTIAGO,2018,3366.0,47.802,dane
54680,54,SANTIAGO,2019,3499.0,47.356,dane
54680,54,SANTIAGO,2020,3655.0,47.196,dane
54680,54,SANTIAGO,2021,3749.0,47.293,dane
54720,54,SARDINATA,2017,25157.0,62.587,dane
54720,54,SARDINATA,2018,25157.0,62.587,dane
54720,54,SARDINATA,2019,25940.0,62.047,dane
54720,54,SARDINATA,2020,26848.0,61.539,dane
54720,54,SARDINATA,2021,27371.0,61.488,dane
54743,54,SILOS,2017,6166.0,85.809,dane
54743,54,SILOS,2018,6166.0,85.809,dane
54743,54,SILOS,2019,6396.0,85.663,dane
54743,54,SILOS,2020,6660.0,85.405,dane
54743,54,SILOS,2021,6814.0,85.236,dane
54800,54,TEORAMA,2017,16202.0,84.416,dane
54800,54,TEORAMA,2018,16202.0,84.416,dane
54800,54,TEORAMA,2019,16728.0,84.134,dane
54800,54,TEORAMA,2020,17305.0,83.802,dane
54800,54,TEORAMA,2021,17611.0,83.732,dane
54810,54,TIBÚ,2017,53610.0,63.356,dane
54810,54,TIBÚ,2018,53610.0,63.356,dane
54810,54,TIBÚ,2019,56369.0,63.175,dane
54810,54,TIBÚ,2020,59347.0,63.004,dane
54810,54,TIBÚ,2021,61561.0,62.991,dane
54820,54,TOLEDO,2017,15424.0,65.871,dane
54820,54,TOLEDO,2018,15424.0,65.871,dane
54820,54,TOLEDO,2019,15908.0,65.451,dane
54820,54,TOLEDO,2020,16463.0,65.006,dane
54820,54,TOLEDO,2021,16757.0,65.012,dane
54871,54,VILLA CARO,2017,4996.0,56.365,dane
54871,54,VILLA CARO,2018,4996.0,56.365,dane
54871,54,VILLA CARO,2019,5108.0,55.873,dane
54871,54,VILLA CARO,2020,5252.0,55.198,dane
54871,54,VILLA CARO,2021,5301.0,55.122,dane
54874,54,VILLA DEL ROSARIO,2017,101944.0,3.246,dane
54874,54,VILLA DEL ROSARIO,2018,101944.0,3.246,dane
54874,54,VILLA DEL ROSARIO,2019,107014.0,3.171,dane
54874,54,VILLA DEL ROSARIO,2020,112817.0,3.118,dane
54874,54,VILLA DEL ROSARIO,2021,116298.0,3.131,dane
63001,63,ARMENIA,2017,295208.0,2.696,dane
63001,63,ARMENIA,2018,295208.0,2.696,dane
63001,63,ARMENIA,2019,297241.0,2.662,dane
63001,63,ARMENIA,2020,299485.0,2.622,dane
63001,63,ARMENIA,2021,302063.0,2.639,dane
63111,63,BUENAVISTA,2017,3095.0,60.872,dane
63111,63,BUENAVISTA,2018,3095.0,60.872,dane
63111,63,BUENAVISTA,2019,3146.0,60.871,dane
63111,63,BUENAVISTA,2020,3178.0,61.359,dane
63111,63,BUENAVISTA,2021,3202.0,61.305,dane
63130,63,CALARCÁ,2017,72785.0,22.37,dane
63130,63,CALARCÁ,2018,72785.0,22.37,dane
63130,63,CALARCÁ,2019,73370.0,22.366,dane
63130,63,CALARCÁ,2020,74027.0,22.393,dane
63130,63,CALARCÁ,2021,74394.0,22.464,dane
63190,63,CIRCASIA,2017,28160.0,25.334,dane
63190,63,CIRCASIA,2018,28160.0,25.334,dane
63190,63,CIRCASIA,2019,28424.0,25.179,dane
63190,63,CIRCASIA,2020,28736.0,25.045,dane
63190,63,CIRCASIA,2021,28893.0,25.11,dane
63212,63,CÓRDOBA,2017,5643.0,40.333,dane
63212,63,CÓRDOBA,2018,5643.0,40.333,dane
63212,63,CÓRDOBA,2019,5725.0,40.192,dane
63212,63,CÓRDOBA,2020,5802.0,40.228,dane
63212,63,CÓRDOBA,2021,5832.0,40.346,dane
63272,63,FILANDIA,2017,12072.0,44.972,dane
63272,63,FILANDIA,2018,12072.0,44.972,dane
63272,63,FILANDIA,2019,12218.0,44.606,dane
63272,63,FILANDIA,2020,12369.0,44.385,dane
63272,63,FILANDIA,2021,12431.0,44.461,dane
63302,63,GÉNOVA,2017,7511.0,43.163,dane
63302,63,GÉNOVA,2018,7511.0,43.163,dane
63302,63,GÉNOVA,2019,7612.0,43.208,dane
63302,63,GÉNOVA,2020,7673.0,43.177,dane
63302,63,GÉNOVA,2021,7729.0,43.253,dane
63401,63,LA TEBAIDA,2017,33445.0,11.051,dane
63401,63,LA TEBAIDA,2018,33445.0,11.051,dane
63401,63,LA TEBAIDA,2019,33592.0,10.562,dane
63401,63,LA TEBAIDA,2020,33769.0,10.077,dane
63401,63,LA TEBAIDA,2021,33933.0,10.108,dane
63470,63,MONTENEGRO,2017,36764.0,18.023,dane
63470,63,MONTENEGRO,2018,36764.0,18.023,dane
63470,63,MONTENEGRO,2019,36994.0,17.881,dane
63470,63,MONTENEGRO,2020,37268.0,17.793,dane
63470,63,MONTENEGRO,2021,37447.0,17.841,dane
63548,63,PIJAO,2017,5222.0,42.915,dane
63548,63,PIJAO,2018,5222.0,42.915,dane
63548,63,PIJAO,2019,5281.0,42.946,dane
63548,63,PIJAO,2020,5348.0,42.951,dane
63548,63,PIJAO,2021,5358.0,43.001,dane
63594,63,QUIMBAYA,2017,30756.0,19.004,dane
63594,63,QUIMBAYA,2018,30756.0,19.004,dane
63594,63,QUIMBAYA,2019,30970.0,18.818,dane
63594,63,QUIMBAYA,2020,31188.0,18.581,dane
63594,63,QUIMBAYA,2021,31329.0,18.663,dane
63690,63,SALENTO,2017,9257.0,58.097,dane
63690,63,SALENTO,2018,9257.0,58.097,dane
63690,63,SALENTO,2019,9536.0,58.138,dane
63690,63,SALENTO,2020,9816.0,58.181,dane
63690,63,SALENTO,2021,9960.0,58.313,dane
66001,66,PEREIRA,2017,467261.0,17.427,dane
66001,66,PEREIRA,2018,467261.0,17.427,dane
66001,66,PEREIRA,2019,471992.0,17.129,dane
66001,66,PEREIRA,2020,477044.0,16.833,dane
66001,66,PEREIRA,2021,480898.0,16.696,dane
66045,66,APÍA,2017,12399.0,56.029,dane
66045,66,APÍA,2018,12399.0,56.029,dane
66045,66,APÍA,2019,12572.0,55.576,dane
66045,66,APÍA,2020,12740.0,55.094,dane
66045,66,APÍA,2021,12801.0,54.808,dane
66075,66,BALBOA,2017,6421.0,76.343,dane
66075,66,BALBOA,2018,6421.0,76.343,dane
66075,66,BALBOA,2019,6549.0,76.073,dane
66075,66,BALBOA,2020,6680.0,75.539,dane
66075,66,BALBOA,2021,6693.0,75.347,dane
66088,66,BELÉN DE UMBRÍA,2017,24705.0,49.528,dane
66088,66,BELÉN DE UMBRÍA,2018,24705.0,49.528,dane
66088,66,BELÉN DE UMBRÍA,2019,25007.0,49.018,dane
66088,66,BELÉN DE UMBRÍA,2020,25362.0,48.537,dane
66088,66,BELÉN DE UMBRÍA,2021,25436.0,48.262,dane
66170,66,DOSQUEBRADAS,2017,217176.0,5.942,dane
66170,66,DOSQUEBRADAS,2018,217176.0,5.942,dane
66170,66,DOSQUEBRADAS,2019,221201.0,5.516,dane
66170,66,DOSQUEBRADAS,2020,225377.0,5.102,dane
66170,66,DOSQUEBRADAS,2021,229758.0,5.027,dane
66318,66,GUÁTICA,2017,12149.0,70.738,dane
66318,66,GUÁTICA,2018,12149.0,70.738,dane
66318,66,GUÁTICA,2019,12376.0,70.006,dane
66318,66,GUÁTICA,2020,12580.0,69.332,dane
66318,66,GUÁTICA,2021,12621.0,68.972,dane
66383,66,LA CELIA,2017,7509.0,61.539,dane
66383,66,LA CELIA,2018,7509.0,61.539,dane
66383,66,LA CELIA,2019,7626.0,61.199,dane
66383,66,LA CELIA,2020,7759.0,60.807,dane
66383,66,LA CELIA,2021,7781.0,60.468,dane
66400,66,LA VIRGINIA,2017,27918.0,2.622,dane
66400,66,LA VIRGINIA,2018,27918.0,2.622,dane
66400,66,LA VIRGINIA,2019,28010.0,2.513,dane
66400,66,LA VIRGINIA,2020,28126.0,2.425,dane
66400,66,LA VIRGINIA,2021,28275.0,2.384,dane
66440,66,MARSELLA,2017,16934.0,49.699,dane
66440,66,MARSELLA,2018,16934.0,49.699,dane
66440,66,MARSELLA,2019,17167.0,48.844,dane
66440,66,MARSELLA,2020,17398.0,47.983,dane
66440,66,MARSELLA,2021,17443.0,47.641,dane
66456,66,MISTRATÓ,2017,16935.0,77.018,dane
66456,66,MISTRATÓ,2018,16935.0,77.018,dane
66456,66,MISTRATÓ,2019,17414.0,76.651,dane
66456,66,MISTRATÓ,2020,17914.0,76.186,dane
66456,66,MISTRATÓ,2021,18080.0,75.935,dane
66572,66,PUEBLO RICO,2017,16174.0,83.041,dane
66572,66,PUEBLO RICO,2018,16174.0,83.041,dane
66572,66,PUEBLO RICO,2019,16759.0,82.529,dane
66572,66,PUEBLO RICO,2020,17403.0,81.963,dane
66572,66,PUEBLO RICO,2021,17688.0,81.699,dane
66594,66,QUINCHÍA,2017,27308.0,73.586,dane
66594,66,QUINCHÍA,2018,27308.0,73.586,dane
66594,66,QUINCHÍA,2019,27784.0,73.046,dane
66594,66,QUINCHÍA,2020,28305.0,72.545,dane
66594,66,QUINCHÍA,2021,28357.0,72.264,dane
66682,66,SANTA ROSA DE CABAL,2017,77840.0,17.404,dane
66682,66,SANTA ROSA DE CABAL,2018,77840.0,17.404,dane
66682,66,SANTA ROSA DE CABAL,2019,78945.0,17.006,dane
66682,66,SANTA ROSA DE CABAL,2020,80114.0,16.621,dane
66682,66,SANTA ROSA DE CABAL,2021,81115.0,16.48,dane
66687,66,SANTUARIO,2017,12664.0,50.126,dane
66687,66,SANTUARIO,2018,12664.0,50.126,dane
66687,66,SANTUARIO,2019,12810.0,49.485,dane
66687,66,SANTUARIO,2020,12999.0,48.942,dane
66687,66,SANTUARIO,2021,13037.0,48.623,dane
68001,68,BUCARAMANGA,2017,581138.0,1.786,dane
68001,68,BUCARAMANGA,2018,581138.0,1.786,dane
68001,68,BUCARAMANGA,2019,590543.0,1.763,dane
68001,68,BUCARAMANGA,2020,601668.0,1.738,dane
68001,68,BUCARAMANGA,2021,607264.0,1.733,dane
68013,68,AGUADA,2017,1848.0,82.576,dane
68013,68,AGUADA,2018,1848.0,82.576,dane
68013,68,AGUADA,2019,1856.0,82.22,dane
68013,68,AGUADA,2020,1889.0,81.736,dane
68013,68,AGUADA,2021,1886.0,81.23,dane
68020,68,ALBANIA,2017,4093.0,85.341,dane
68020,68,ALBANIA,2018,4093.0,85.341,dane
68020,68,ALBANIA,2019,4137.0,84.723,dane
68020,68,ALBANIA,2020,4182.0,84.84,dane
68020,68,ALBANIA,2021,4208.0,84.292,dane
68051,68,ARATOCA,2017,8223.0,71.093,dane
68051,68,ARATOCA,2018,8223.0,71.093,dane
68051,68,ARATOCA,2019,8431.0,70.407,dane
68051,68,ARATOCA,2020,8632.0,70.111,dane
68051,68,ARATOCA,2021,8725.0,69.685,dane
68077,68,BARBOSA,2017,31192.0,24.708,dane
68077,68,BARBOSA,2018,31192.0,24.708,dane
68077,68,BARBOSA,2019,31749.0,24.508,dane
68077,68,BARBOSA,2020,32248.0,24.504,dane
68077,68,BARBOSA,2021,32707.0,24.249,dane
68079,68,BARICHARA,2017,10500.0,70.314,dane
68079,68,BARICHARA,2018,10500.0,70.314,dane
68079,68,BARICHARA,2019,10964.0,70.029,dane
68079,68,BARICHARA,2020,11474.0,69.801,dane
68079,68,BARICHARA,2021,11833.0,69.433,dane
68081,68,BARRANCABERMEJA,2017,203539.0,12.904,dane
68081,68,BARRANCABERMEJA,2018,203539.0,12.904,dane
68081,68,BARRANCABERMEJA,2019,208608.0,12.882,dane
68081,68,BARRANCABERMEJA,2020,214541.0,12.853,dane
68081,68,BARRANCABERMEJA,2021,218533.0,12.703,dane
68092,68,BETULIA,2017,5941.0,78.0,dane
68092,68,BETULIA,2018,5941.0,78.0,dane
68092,68,BETULIA,2019,6158.0,77.33,dane
68092,68,BETULIA,2020,6355.0,77.152,dane
68092,68,BETULIA,2021,6483.0,76.816,dane
68101,68,BOLÍVAR,2017,11174.0,86.54,dane
68101,68,BOLÍVAR,2018,11174.0,86.54,dane
68101,68,BOLÍVAR,2019,11291.0,85.794,dane
68101,68,BOLÍVAR,2020,11459.0,85.426,dane
68101,68,BOLÍVAR,2021,11495.0,84.993,dane
68121,68,CABRERA,2017,1946.0,79.496,dane
68121,68,CABRERA,2018,1946.0,79.496,dane
68121,68,CABRERA,2019,1984.0,79.435,dane
68121,68,CABRERA,2020,2025.0,79.16,dane
68121,68,CABRERA,2021,2060.0,78.835,dane
68132,68,CALIFORNIA,2017,2129.0,56.458,dane
68132,68,CALIFORNIA,2018,2129.0,56.458,dane
68132,68,CALIFORNIA,2019,2187.0,56.104,dane
68132,68,CALIFORNIA,2020,2297.0,55.464,dane
68132,68,CALIFORNIA,2021,2347.0,54.708,dane
68147,68,CAPITANEJO,2017,5512.0,37.319,dane
68147,68,CAPITANEJO,2018,5512.0,37.319,dane
68147,68,CAPITANEJO,2019,5665.0,36.664,dane
68147,68,CAPITANEJO,2020,5843.0,36.077,dane
68147,68,CAPITANEJO,2021,5944.0,35.683,dane
68152,68,CARCASÍ,2017,4287.0,85.164,dane
68152,68,CARCASÍ,2018,4287.0,85.164,dane
68152,68,CARCASÍ,2019,4418.0,84.948,dane
68152,68,CARCASÍ,2020,4589.0,84.92,dane
68152,68,CARCASÍ,2021,4663.0,84.709,dane
68160,68,CEPITÁ,2017,2014.0,74.528,dane
68160,68,CEPITÁ,2018,2014.0,74.528,dane
68160,68,CEPITÁ,2019,2077.0,73.519,dane
68160,68,CEPITÁ,2020,2118.0,73.041,dane
68160,68,CEPITÁ,2021,2125.0,72.565,dane
68162,68,CERRITO,2017,6734.0,50.416,dane
68162,68,CERRITO,2018,6734.0,50.416,dane
68162,68,CERRITO,2019,6904.0,50.058,dane
68162,68,CERRITO,2020,7127.0,49.418,dane
68162,68,CERRITO,2021,7236.0,49.033,dane
68167,68,CHARALÁ,2017,12270.0,41.133,dane
68167,68,CHARALÁ,2018,12270.0,41.133,dane
68167,68,CHARALÁ,2019,12613.0,40.522,dane
68167,68,CHARALÁ,2020,12996.0,39.851,dane
68167,68,CHARALÁ,2021,13226.0,39.43,dane
68169,68,CHARTA,2017,2883.0,75.199,dane
68169,68,CHARTA,2018,2883.0,75.199,dane
68169,68,CHARTA,2019,2986.0,74.548,dane
68169,68,CHARTA,2020,3083.0,73.986,dane
68169,68,CHARTA,2021,3135.0,73.939,dane
68176,68,CHIMA,2017,2865.0,72.042,dane
68176,68,CHIMA,2018,2865.0,72.042,dane
68176,68,CHIMA,2019,2966.0,70.836,dane
68176,68,CHIMA,2020,3074.0,70.462,dane
68176,68,CHIMA,2021,3109.0,69.669,dane
68179,68,CHIPATÁ,2017,5032.0,87.182,dane
68179,68,CHIPATÁ,2018,5032.0,87.182,dane
68179,68,CHIPATÁ,2019,5078.0,86.766,dane
68179,68,CHIPATÁ,2020,5184.0,86.323,dane
68179,68,CHIPATÁ,2021,5200.0,86.212,dane
68190,68,CIMITARRA,2017,32862.0,57.157,dane
68190,68,CIMITARRA,2018,32862.0,57.157,dane
68190,68,CIMITARRA,2019,33127.0,56.326,dane
68190,68,CIMITARRA,2020,33492.0,55.858,dane
68190,68,CIMITARRA,2021,33629.0,55.327,dane
68207,68,CONCEPCIÓN,2017,5738.0,51.638,dane
68207,68,CONCEPCIÓN,2018,5738.0,51.638,dane
68207,68,CONCEPCIÓN,2019,5846.0,50.975,dane
68207,68,CONCEPCIÓN,2020,5987.0,50.526,dane
68207,68,CONCEPCIÓN,2021,6055.0,50.14,dane
68209,68,CONFINES,2017,3181.0,78.026,dane
68209,68,CONFINES,2018,3181.0,78.026,dane
68209,68,CONFINES,2019,3258.0,77.993,dane
68209,68,CONFINES,2020,3407.0,77.223,dane
68209,68,CONFINES,2021,3474.0,76.914,dane
68211,68,CONTRATACIÓN,2017,3668.0,23.909,dane
68211,68,CONTRATACIÓN,2018,3668.0,23.909,dane
68211,68,CONTRATACIÓN,2019,3771.0,23.787,dane
68211,68,CONTRATACIÓN,2020,3887.0,23.411,dane
68211,68,CONTRATACIÓN,2021,3956.0,23.205,dane
68217,68,COROMORO,2017,5008.0,85.643,dane
68217,68,COROMORO,2018,5008.0,85.643,dane
68217,68,COROMORO,2019,5172.0,85.112,dane
68217,68,COROMORO,2020,5373.0,84.329,dane
68217,68,COROMORO,2021,5459.0,83.916,dane
68229,68,CURITÍ,2017,12719.0,63.952,dane
68229,68,CURITÍ,2018,12719.0,63.952,dane
68229,68,CURITÍ,2019,13122.0,63.679,dane
68229,68,CURITÍ,2020,13589.0,63.404,dane
68229,68,CURITÍ,2021,13868.0,62.915,dane
68235,68,EL CARMEN DE CHUCURÍ,2017,20913.0,86.501,dane
68235,68,EL CARMEN DE CHUCURÍ,2018,20913.0,86.501,dane
68235,68,EL CARMEN DE CHUCURÍ,2019,21697.0,85.947,dane
68235,68,EL CARMEN DE CHUCURÍ,2020,22561.0,85.435,dane
68235,68,EL CARMEN DE CHUCURÍ,2021,23088.0,84.845,dane
68245,68,EL GUACAMAYO,2017,2147.0,68.468,dane
68245,68,EL GUACAMAYO,2018,2147.0,68.468,dane
68245,68,EL GUACAMAYO,2019,2175.0,67.08,dane
68245,68,EL GUACAMAYO,2020,2209.0,65.957,dane
68245,68,EL GUACAMAYO,2021,2211.0,65.4,dane
68250,68,EL PEÑÓN,2017,5230.0,86.386,dane
68250,68,EL PEÑÓN,2018,5230.0,86.386,dane
68250,68,EL PEÑÓN,2019,5270.0,85.769,dane
68250,68,EL PEÑÓN,2020,5357.0,85.384,dane
68250,68,EL PEÑÓN,2021,5356.0,84.858,dane
68255,68,EL PLAYÓN,2017,13714.0,48.695,dane
68255,68,EL PLAYÓN,2018,13714.0,48.695,dane
68255,68,EL PLAYÓN,2019,14073.0,48.042,dane
68255,68,EL PLAYÓN,2020,14487.0,47.505,dane
68255,68,EL PLAYÓN,2021,14693.0,47.029,dane
68264,68,ENCINO,2017,2548.0,79.553,dane
68264,68,ENCINO,2018,2548.0,79.553,dane
68264,68,ENCINO,2019,2621.0,78.749,dane
68264,68,ENCINO,2020,2717.0,78.358,dane
68264,68,ENCINO,2021,2774.0,77.83,dane
68266,68,ENCISO,2017,3457.0,75.412,dane
68266,68,ENCISO,2018,3457.0,75.412,dane
68266,68,ENCISO,2019,3571.0,74.657,dane
68266,68,ENCISO,2020,3695.0,74.073,dane
68266,68,ENCISO,2021,3761.0,73.624,dane
68271,68,FLORIÁN,2017,5535.0,77.633,dane
68271,68,FLORIÁN,2018,5535.0,77.633,dane
68271,68,FLORIÁN,2019,5570.0,76.984,dane
68271,68,FLORIÁN,2020,5655.0,76.446,dane
68271,68,FLORIÁN,2021,5659.0,76.215,dane
68276,68,FLORIDABLANCA,2017,291930.0,4.08,dane
68276,68,FLORIDABLANCA,2018,291930.0,4.08,dane
68276,68,FLORIDABLANCA,2019,297269.0,4.093,dane
68276,68,FLORIDABLANCA,2020,303439.0,4.11,dane
68276,68,FLORIDABLANCA,2021,306773.0,4.094,dane
68296,68,GALÁN,2017,2892.0,71.438,dane
68296,68,GALÁN,2018,2892.0,71.438,dane
68296,68,GALÁN,2019,2959.0,71.24,dane
68296,68,GALÁN,2020,3025.0,70.81,dane
68296,68,GALÁN,2021,3028.0,70.41,dane
68298,68,GÁMBITA,2017,3993.0,83.521,dane
68298,68,GÁMBITA,2018,3993.0,83.521,dane
68298,68,GÁMBITA,2019,4028.0,82.746,dane
68298,68,GÁMBITA,2020,4079.0,82.3,dane
68298,68,GÁMBITA,2021,4086.0,81.963,dane
68307,68,GIRÓN,2017,160393.0,12.027,dane
68307,68,GIRÓN,2018,160393.0,12.027,dane
68307,68,GIRÓN,2019,163955.0,11.881,dane
68307,68,GIRÓN,2020,167976.0,11.732,dane
68307,68,GIRÓN,2021,170309.0,11.666,dane
68318,68,GUACA,2017,5923.0,74.422,dane
68318,68,GUACA,2018,5923.0,74.422,dane
68318,68,GUACA,2019,6093.0,73.937,dane
68318,68,GUACA,2020,6304.0,73.35,dane
68318,68,GUACA,2021,6412.0,72.723,dane
68320,68,GUADALUPE,2017,4503.0,61.914,dane
68320,68,GUADALUPE,2018,4503.0,61.914,dane
68320,68,GUADALUPE,2019,4522.0,61.455,dane
68320,68,GUADALUPE,2020,4575.0,60.852,dane
68320,68,GUADALUPE,2021,4589.0,60.601,dane
68322,68,GUAPOTÁ,2017,2360.0,71.949,dane
68322,68,GUAPOTÁ,2018,2360.0,71.949,dane
68322,68,GUAPOTÁ,2019,2461.0,71.475,dane
68322,68,GUAPOTÁ,2020,2506.0,70.95,dane
68322,68,GUAPOTÁ,2021,2561.0,70.441,dane
68324,68,GUAVATÁ,2017,4198.0,75.274,dane
68324,68,GUAVATÁ,2018,4198.0,75.274,dane
68324,68,GUAVATÁ,2019,4244.0,74.647,dane
68324,68,GUAVATÁ,2020,4289.0,74.283,dane
68324,68,GUAVATÁ,2021,4291.0,73.992,dane
68327,68,GÜEPSA,2017,5126.0,39.426,dane
68327,68,GÜEPSA,2018,5126.0,39.426,dane
68327,68,GÜEPSA,2019,5211.0,38.994,dane
68327,68,GÜEPSA,2020,5304.0,38.631,dane
68327,68,GÜEPSA,2021,5392.0,38.279,dane
68344,68,HATO,2017,2317.0,72.033,dane
68344,68,HATO,2018,2317.0,72.033,dane
68344,68,HATO,2019,2398.0,71.226,dane
68344,68,HATO,2020,2476.0,70.679,dane
68344,68,HATO,2021,2542.0,70.063,dane
68368,68,JESÚS MARÍA,2017,3327.0,77.998,dane
68368,68,JESÚS MARÍA,2018,3327.0,77.998,dane
68368,68,JESÚS MARÍA,2019,3350.0,77.701,dane
68368,68,JESÚS MARÍA,2020,3401.0,77.536,dane
68368,68,JESÚS MARÍA,2021,3412.0,77.11,dane
68370,68,JORDÁN,2017,1330.0,91.579,dane
68370,68,JORDÁN,2018,1330.0,91.579,dane
68370,68,JORDÁN,2019,1431.0,87.491,dane
68370,68,JORDÁN,2020,1477.0,87.204,dane
68370,68,JORDÁN,2021,1509.0,87.541,dane
68377,68,LA BELLEZA,2017,6169.0,72.167,dane
68377,68,LA BELLEZA,2018,6169.0,72.167,dane
68377,68,LA BELLEZA,2019,6210.0,71.272,dane
68377,68,LA BELLEZA,2020,6283.0,70.794,dane
68377,68,LA BELLEZA,2021,6308.0,70.276,dane
68385,68,LANDÁZURI,2017,10323.0,68.895,dane
68385,68,LANDÁZURI,2018,10323.0,68.895,dane
68385,68,LANDÁZURI,2019,10408.0,68.063,dane
68385,68,LANDÁZURI,2020,10533.0,67.597,dane
68385,68,LANDÁZURI,2021,10554.0,67.311,dane
68397,68,LA PAZ,2017,4911.0,84.504,dane
68397,68,LA PAZ,2018,4911.0,84.504,dane
68397,68,LA PAZ,2019,4961.0,83.975,dane
68397,68,LA PAZ,2020,5036.0,83.578,dane
68397,68,LA PAZ,2021,5053.0,83.0,dane
68406,68,LEBRIJA,2017,41845.0,45.652,dane
68406,68,LEBRIJA,2018,41845.0,45.652,dane
68406,68,LEBRIJA,2019,43592.0,45.061,dane
68406,68,LEBRIJA,2020,45511.0,44.49,dane
68406,68,LEBRIJA,2021,46895.0,44.022,dane
68418,68,LOS SANTOS,2017,14102.0,88.413,dane
68418,68,LOS SANTOS,2018,14102.0,88.413,dane
68418,68,LOS SANTOS,2019,14710.0,88.042,dane
68418,68,LOS SANTOS,2020,15362.0,87.703,dane
68418,68,LOS SANTOS,2021,15778.0,87.324,dane
68425,68,MACARAVITA,2017,2157.0,87.483,dane
68425,68,MACARAVITA,2018,2157.0,87.483,dane
68425,68,MACARAVITA,2019,2235.0,86.622,dane
68425,68,MACARAVITA,2020,2311.0,86.196,dane
68425,68,MACARAVITA,2021,2357.0,85.787,dane
68432,68,MÁLAGA,2017,20945.0,13.655,dane
68432,68,MÁLAGA,2018,20945.0,13.655,dane
68432,68,MÁLAGA,2019,21541.0,13.537,dane
68432,68,MÁLAGA,2020,22228.0,13.398,dane
68432,68,MÁLAGA,2021,22715.0,13.295,dane
68444,68,MATANZA,2017,4977.0,70.966,dane
68444,68,MATANZA,2018,4977.0,70.966,dane
68444,68,MATANZA,2019,5143.0,70.737,dane
68444,68,MATANZA,2020,5306.0,70.411,dane
68444,68,MATANZA,2021,5390.0,70.371,dane
68464,68,MOGOTES,2017,10522.0,60.758,dane
68464,68,MOGOTES,2018,10522.0,60.758,dane
68464,68,MOGOTES,2019,10742.0,60.212,dane
68464,68,MOGOTES,2020,10986.0,59.658,dane
68464,68,MOGOTES,2021,11096.0,59.283,dane
68468,68,MOLAGAVITA,2017,4135.0,84.982,dane
68468,68,MOLAGAVITA,2018,4135.0,84.982,dane
68468,68,MOLAGAVITA,2019,4270.0,84.707,dane
68468,68,MOLAGAVITA,2020,4398.0,84.379,dane
68468,68,MOLAGAVITA,2021,4495.0,83.737,dane
68498,68,OCAMONTE,2017,5652.0,85.74,dane
68498,68,OCAMONTE,2018,5652.0,85.74,dane
68498,68,OCAMONTE,2019,5862.0,85.38,dane
68498,68,OCAMONTE,2020,6084.0,84.862,dane
68498,68,OCAMONTE,2021,6204.0,84.494,dane
68500,68,OIBA,2017,10795.0,55.655,dane
68500,68,OIBA,2018,10795.0,55.655,dane
68500,68,OIBA,2019,11032.0,55.121,dane
68500,68,OIBA,2020,11308.0,54.82,dane
68500,68,OIBA,2021,11439.0,54.349,dane
68502,68,ONZAGA,2017,4193.0,70.498,dane
68502,68,ONZAGA,2018,4193.0,70.498,dane
68502,68,ONZAGA,2019,4311.0,69.961,dane
68502,68,ONZAGA,2020,4458.0,69.134,dane
68502,68,ONZAGA,2021,4535.0,68.798,dane
68522,68,PALMAR,2017,1366.0,65.593,dane
68522,68,PALMAR,2018,1366.0,65.593,dane
68522,68,PALMAR,2019,1401.0,65.168,dane
68522,68,PALMAR,2020,1457.0,64.585,dane
68522,68,PALMAR,2021,1484.0,63.949,dane
68524,68,PALMAS DEL SOCORRO,2017,2534.0,69.298,dane
68524,68,PALMAS DEL SOCORRO,2018,2534.0,69.298,dane
68524,68,PALMAS DEL SOCORRO,2019,2603.0,68.92,dane
68524,68,PALMAS DEL SOCORRO,2020,2678.0,68.559,dane
68524,68,PALMAS DEL SOCORRO,2021,2727.0,67.987,dane
68533,68,PÁRAMO,2017,4655.0,73.147,dane
68533,68,PÁRAMO,2018,4655.0,73.147,dane
68533,68,PÁRAMO,2019,4836.0,72.519,dane
68533,68,PÁRAMO,2020,5048.0,72.207,dane
68533,68,PÁRAMO,2021,5179.0,71.655,dane
68547,68,PIEDECUESTA,2017,170632.0,18.375,dane
68547,68,PIEDECUESTA,2018,170632.0,18.375,dane
68547,68,PIEDECUESTA,2019,175470.0,18.324,dane
68547,68,PIEDECUESTA,2020,180828.0,18.283,dane
68547,68,PIEDECUESTA,2021,183872.0,18.208,dane
68549,68,PINCHOTE,2017,5156.0,79.306,dane
68549,68,PINCHOTE,2018,5156.0,79.306,dane
68549,68,PINCHOTE,2019,5355.0,78.768,dane
68549,68,PINCHOTE,2020,5578.0,78.236,dane
68549,68,PINCHOTE,2021,5698.0,77.659,dane
68572,68,PUENTE NACIONAL,2017,14602.0,62.348,dane
68572,68,PUENTE NACIONAL,2018,14602.0,62.348,dane
68572,68,PUENTE NACIONAL,2019,14766.0,61.797,dane
68572,68,PUENTE NACIONAL,2020,14982.0,61.5,dane
68572,68,PUENTE NACIONAL,2021,15097.0,61.092,dane
68573,68,PUERTO PARRA,2017,7636.0,65.885,dane
68573,68,PUERTO PARRA,2018,7636.0,65.885,dane
68573,68,PUERTO PARRA,2019,7918.0,65.585,dane
68573,68,PUERTO PARRA,2020,8235.0,65.319,dane
68573,68,PUERTO PARRA,2021,8444.0,64.673,dane
68575,68,PUERTO WILCHES,2017,32781.0,50.66,dane
68575,68,PUERTO WILCHES,2018,32781.0,50.66,dane
68575,68,PUERTO WILCHES,2019,33635.0,50.334,dane
68575,68,PUERTO WILCHES,2020,34629.0,50.053,dane
68575,68,PUERTO WILCHES,2021,35148.0,49.67,dane
68615,68,RIONEGRO,2017,26441.0,76.011,dane
68615,68,RIONEGRO,2018,26441.0,76.011,dane
68615,68,RIONEGRO,2019,26880.0,75.588,dane
68615,68,RIONEGRO,2020,27402.0,75.155,dane
68615,68,RIONEGRO,2021,27486.0,74.729,dane
68655,68,SABANA DE TORRES,2017,33043.0,31.91,dane
68655,68,SABANA DE TORRES,2018,33043.0,31.91,dane
68655,68,SABANA DE TORRES,2019,34046.0,31.637,dane
68655,68,SABANA DE TORRES,2020,35157.0,31.337,dane
68655,68,SABANA DE TORRES,2021,35919.0,31.025,dane
68669,68,SAN ANDRÉS,2017,8682.0,64.018,dane
68669,68,SAN ANDRÉS,2018,8682.0,64.018,dane
68669,68,SAN ANDRÉS,2019,8809.0,63.469,dane
68669,68,SAN ANDRÉS,2020,8959.0,63.02,dane
68669,68,SAN ANDRÉS,2021,8984.0,62.444,dane
68673,68,SAN BENITO,2017,2932.0,90.143,dane
68673,68,SAN BENITO,2018,2932.0,90.143,dane
68673,68,SAN BENITO,2019,2960.0,89.696,dane
68673,68,SAN BENITO,2020,2998.0,89.393,dane
68673,68,SAN BENITO,2021,2999.0,89.196,dane
68679,68,SAN GIL,2017,56052.0,12.467,dane
68679,68,SAN GIL,2018,56052.0,12.467,dane
68679,68,SAN GIL,2019,58286.0,12.669,dane
68679,68,SAN GIL,2020,60752.0,12.824,dane
68679,68,SAN GIL,2021,62763.0,12.691,dane
68682,68,SAN JOAQUÍN,2017,2246.0,63.357,dane
68682,68,SAN JOAQUÍN,2018,2246.0,63.357,dane
68682,68,SAN JOAQUÍN,2019,2313.0,62.905,dane
68682,68,SAN JOAQUÍN,2020,2383.0,62.065,dane
68682,68,SAN JOAQUÍN,2021,2428.0,61.779,dane
68684,68,SAN JOSÉ DE MIRANDA,2017,4371.0,79.616,dane
68684,68,SAN JOSÉ DE MIRANDA,2018,4371.0,79.616,dane
68684,68,SAN JOSÉ DE MIRANDA,2019,4442.0,79.018,dane
68684,68,SAN JOSÉ DE MIRANDA,2020,4541.0,78.463,dane
68684,68,SAN JOSÉ DE MIRANDA,2021,4552.0,78.032,dane
68686,68,SAN MIGUEL,2017,2537.0,74.931,dane
68686,68,SAN MIGUEL,2018,2537.0,74.931,dane
68686,68,SAN MIGUEL,2019,2572.0,74.806,dane
68686,68,SAN MIGUEL,2020,2653.0,73.389,dane
68686,68,SAN MIGUEL,2021,2653.0,73.238,dane
68689,68,SAN VICENTE DE CHUCURÍ,2017,33132.0,62.915,dane
68689,68,SAN VICENTE DE CHUCURÍ,2018,33132.0,62.915,dane
68689,68,SAN VICENTE DE CHUCURÍ,2019,33894.0,62.501,dane
68689,68,SAN VICENTE DE CHUCURÍ,2020,34794.0,62.108,dane
68689,68,SAN VICENTE DE CHUCURÍ,2021,35207.0,61.667,dane
68705,68,SANTA BÁRBARA,2017,2380.0,89.412,dane
68705,68,SANTA BÁRBARA,2018,2380.0,89.412,dane
68705,68,SANTA BÁRBARA,2019,2428.0,90.198,dane
68705,68,SANTA BÁRBARA,2020,2491.0,89.884,dane
68705,68,SANTA BÁRBARA,2021,2549.0,89.015,dane
68720,68,SANTA HELENA DEL OPÓN,2017,3364.0,77.021,dane
68720,68,SANTA HELENA DEL OPÓN,2018,3364.0,77.021,dane
68720,68,SANTA HELENA DEL OPÓN,2019,3380.0,76.391,dane
68720,68,SANTA HELENA DEL OPÓN,2020,3423.0,75.752,dane
68720,68,SANTA HELENA DEL OPÓN,2021,3440.0,75.174,dane
68745,68,SIMACOTA,2017,10040.0,78.257,dane
68745,68,SIMACOTA,2018,10040.0,78.257,dane
68745,68,SIMACOTA,2019,10380.0,77.784,dane
68745,68,SIMACOTA,2020,10791.0,77.175,dane
68745,68,SIMACOTA,2021,11003.0,76.77,dane
68755,68,SOCORRO,2017,32154.0,18.43,dane
68755,68,SOCORRO,2018,32154.0,18.43,dane
68755,68,SOCORRO,2019,33037.0,18.101,dane
68755,68,SOCORRO,2020,34100.0,17.824,dane
68755,68,SOCORRO,2021,34801.0,17.566,dane
68770,68,SUAITA,2017,9968.0,78.291,dane
68770,68,SUAITA,2018,9968.0,78.291,dane
68770,68,SUAITA,2019,10046.0,77.882,dane
68770,68,SUAITA,2020,10186.0,77.724,dane
68770,68,SUAITA,2021,10233.0,77.191,dane
68773,68,SUCRE,2017,7126.0,92.198,dane
68773,68,SUCRE,2018,7126.0,92.198,dane
68773,68,SUCRE,2019,7185.0,91.663,dane
68773,68,SUCRE,2020,7326.0,91.264,dane
68773,68,SUCRE,2021,7331.0,90.97,dane
68780,68,SURATÁ,2017,3979.0,77.256,dane
68780,68,SURATÁ,2018,3979.0,77.256,dane
68780,68,SURATÁ,2019,4118.0,76.688,dane
68780,68,SURATÁ,2020,4233.0,76.258,dane
68780,68,SURATÁ,2021,4323.0,75.596,dane
68820,68,TONA,2017,7369.0,92.767,dane
68820,68,TONA,2018,7369.0,92.767,dane
68820,68,TONA,2019,7620.0,92.375,dane
68820,68,TONA,2020,7893.0,92.082,dane
68820,68,TONA,2021,8058.0,91.685,dane
68855,68,VALLE DE SAN JOSÉ,2017,6081.0,60.385,dane
68855,68,VALLE DE SAN JOSÉ,2018,6081.0,60.385,dane
68855,68,VALLE DE SAN JOSÉ,2019,6288.0,59.987,dane
68855,68,VALLE DE SAN JOSÉ,2020,6531.0,59.7,dane
68855,68,VALLE DE SAN JOSÉ,2021,6672.0,59.263,dane
68861,68,VÉLEZ,2017,24362.0,45.419,dane
68861,68,VÉLEZ,2018,24362.0,45.419,dane
68861,68,VÉLEZ,2019,24858.0,44.533,dane
68861,68,VÉLEZ,2020,25391.0,44.0,dane
68861,68,VÉLEZ,2021,25819.0,43.813,dane
68867,68,VETAS,2017,2117.0,65.848,dane
68867,68,VETAS,2018,2117.0,65.848,dane
68867,68,VETAS,2019,2139.0,65.451,dane
68867,68,VETAS,2020,2196.0,65.893,dane
68867,68,VETAS,2021,2184.0,65.522,dane
68872,68,VILLANUEVA,2017,7873.0,41.941,dane
68872,68,VILLANUEVA,2018,7873.0,41.941,dane
68872,68,VILLANUEVA,2019,8124.0,41.187,dane
68872,68,VILLANUEVA,2020,8394.0,40.41,dane
68872,68,VILLANUEVA,2021,8591.0,39.879,dane
68895,68,ZAPATOCA,2017,9463.0,33.689,dane
68895,68,ZAPATOCA,2018,9463.0,33.689,dane
68895,68,ZAPATOCA,2019,9669.0,33.706,dane
68895,68,ZAPATOCA,2020,9922.0,33.592,dane
68895,68,ZAPATOCA,2021,10029.0,33.343,dane
70001,70,SINCELEJO,2017,277775.0,10.243,dane
70001,70,SINCELEJO,2018,277775.0,10.243,dane
70001,70,SINCELEJO,2019,286099.0,10.655,dane
70001,70,SINCELEJO,2020,295008.0,11.04,dane
70001,70,SINCELEJO,2021,301886.0,11.073,dane
70110,70,BUENAVISTA,2017,10442.0,20.331,dane
70110,70,BUENAVISTA,2018,10442.0,20.331,dane
70110,70,BUENAVISTA,2019,10754.0,20.458,dane
70110,70,BUENAVISTA,2020,11047.0,20.503,dane
70110,70,BUENAVISTA,2021,11295.0,20.514,dane
70124,70,CAIMITO,2017,15235.0,74.92,dane
70124,70,CAIMITO,2018,15235.0,74.92,dane
70124,70,CAIMITO,2019,15686.0,75.061,dane
70124,70,CAIMITO,2020,16167.0,75.215,dane
70124,70,CAIMITO,2021,16560.0,75.254,dane
70204,70,COLOSÓ,2017,8614.0,55.63,dane
70204,70,COLOSÓ,2018,8614.0,55.63,dane
70204,70,COLOSÓ,2019,8918.0,55.696,dane
70204,70,COLOSÓ,2020,9211.0,55.857,dane
70204,70,COLOSÓ,2021,9437.0,55.939,dane
70215,70,COROZAL,2017,67379.0,23.751,dane
70215,70,COROZAL,2018,67379.0,23.751,dane
70215,70,COROZAL,2019,69271.0,23.844,dane
70215,70,COROZAL,2020,71297.0,23.917,dane
70215,70,COROZAL,2021,72844.0,23.906,dane
70221,70,COVEÑAS,2017,18245.0,40.521,dane
70221,70,COVEÑAS,2018,18245.0,40.521,dane
70221,70,COVEÑAS,2019,18988.0,40.167,dane
70221,70,COVEÑAS,2020,19768.0,39.781,dane
70221,70,COVEÑAS,2021,20345.0,39.833,dane
70230,70,CHALÁN,2017,4478.0,36.132,dane
70230,70,CHALÁN,2018,4478.0,36.132,dane
70230,70,CHALÁN,2019,4546.0,36.098,dane
70230,70,CHALÁN,2020,4642.0,36.17,dane
70230,70,CHALÁN,2021,4723.0,35.973,dane
70233,70,EL ROBLE,2017,9946.0,56.374,dane
70233,70,EL ROBLE,2018,9946.0,56.374,dane
70233,70,EL ROBLE,2019,10100.0,56.337,dane
70233,70,EL ROBLE,2020,10267.0,56.268,dane
70233,70,EL ROBLE,2021,10372.0,56.334,dane
70235,70,GALERAS,2017,21986.0,45.438,dane
70235,70,GALERAS,2018,21986.0,45.438,dane
70235,70,GALERAS,2019,22615.0,45.545,dane
70235,70,GALERAS,2020,23318.0,45.699,dane
70235,70,GALERAS,2021,23833.0,45.622,dane
70265,70,GUARANDA,2017,17712.0,59.773,dane
70265,70,GUARANDA,2018,17712.0,59.773,dane
70265,70,GUARANDA,2019,18081.0,59.798,dane
70265,70,GUARANDA,2020,18514.0,59.755,dane
70265,70,GUARANDA,2021,18823.0,59.73,dane
70400,70,LA UNIÓN,2017,12358.0,51.999,dane
70400,70,LA UNIÓN,2018,12358.0,51.999,dane
70400,70,LA UNIÓN,2019,12666.0,51.982,dane
70400,70,LA UNIÓN,2020,13019.0,51.978,dane
70400,70,LA UNIÓN,2021,13291.0,51.9,dane
70418,70,LOS PALMITOS,2017,22880.0,51.302,dane
70418,70,LOS PALMITOS,2018,22880.0,51.302,dane
70418,70,LOS PALMITOS,2019,23430.0,51.327,dane
70418,70,LOS PALMITOS,2020,24023.0,51.338,dane
70418,70,LOS PALMITOS,2021,24503.0,51.324,dane
70429,70,MAJAGUAL,2017,36658.0,72.167,dane
70429,70,MAJAGUAL,2018,36658.0,72.167,dane
70429,70,MAJAGUAL,2019,37386.0,71.976,dane
70429,70,MAJAGUAL,2020,38223.0,71.81,dane
70429,70,MAJAGUAL,2021,38806.0,71.811,dane
70473,70,MORROA,2017,15056.0,40.05,dane
70473,70,MORROA,2018,15056.0,40.05,dane
70473,70,MORROA,2019,15455.0,39.851,dane
70473,70,MORROA,2020,15882.0,39.674,dane
70473,70,MORROA,2021,16209.0,39.657,dane
70508,70,OVEJAS,2017,22889.0,50.125,dane
70508,70,OVEJAS,2018,22889.0,50.125,dane
70508,70,OVEJAS,2019,23252.0,49.948,dane
70508,70,OVEJAS,2020,23671.0,49.816,dane
70508,70,OVEJAS,2021,23928.0,49.812,dane
70523,70,PALMITO,2017,14109.0,65.249,dane
70523,70,PALMITO,2018,14109.0,65.249,dane
70523,70,PALMITO,2019,14499.0,65.494,dane
70523,70,PALMITO,2020,14910.0,65.687,dane
70523,70,PALMITO,2021,15264.0,65.599,dane
70670,70,SAMPUÉS,2017,46454.0,49.498,dane
70670,70,SAMPUÉS,2018,46454.0,49.498,dane
70670,70,SAMPUÉS,2019,47789.0,49.451,dane
70670,70,SAMPUÉS,2020,49207.0,49.397,dane
70670,70,SAMPUÉS,2021,50312.0,49.362,dane
70678,70,SAN BENITO ABAD,2017,28681.0,79.171,dane
70678,70,SAN BENITO ABAD,2018,28681.0,79.171,dane
70678,70,SAN BENITO ABAD,2019,29357.0,79.225,dane
70678,70,SAN BENITO ABAD,2020,30079.0,79.265,dane
70678,70,SAN BENITO ABAD,2021,30644.0,79.327,dane
70702,70,SAN JUAN DE BETULIA,2017,13524.0,48.957,dane
70702,70,SAN JUAN DE BETULIA,2018,13524.0,48.957,dane
70702,70,SAN JUAN DE BETULIA,2019,13795.0,49.025,dane
70702,70,SAN JUAN DE BETULIA,2020,14097.0,49.166,dane
70702,70,SAN JUAN DE BETULIA,2021,14272.0,49.152,dane
70708,70,SAN MARCOS,2017,57682.0,44.038,dane
70708,70,SAN MARCOS,2018,57682.0,44.038,dane
70708,70,SAN MARCOS,2019,59008.0,44.158,dane
70708,70,SAN MARCOS,2020,60469.0,44.249,dane
70708,70,SAN MARCOS,2021,61545.0,44.262,dane
70713,70,SAN ONOFRE,2017,49621.0,61.698,dane
70713,70,SAN ONOFRE,2018,49621.0,61.698,dane
70713,70,SAN ONOFRE,2019,50434.0,61.502,dane
70713,70,SAN ONOFRE,2020,51304.0,61.323,dane
70713,70,SAN ONOFRE,2021,51873.0,61.286,dane
70717,70,SAN PEDRO,2017,18584.0,34.347,dane
70717,70,SAN PEDRO,2018,18584.0,34.347,dane
70717,70,SAN PEDRO,2019,19030.0,34.53,dane
70717,70,SAN PEDRO,2020,19517.0,34.636,dane
70717,70,SAN PEDRO,2021,19871.0,34.669,dane
70742,70,SAN LUIS DE SINCÉ,2017,30768.0,26.32,dane
70742,70,SAN LUIS DE SINCÉ,2018,30768.0,26.32,dane
70742,70,SAN LUIS DE SINCÉ,2019,31255.0,26.479,dane
70742,70,SAN LUIS DE SINCÉ,2020,31798.0,26.634,dane
70742,70,SAN LUIS DE SINCÉ,2021,32116.0,26.635,dane
70771,70,SUCRE,2017,29543.0,75.612,dane
70771,70,SUCRE,2018,29543.0,75.612,dane
70771,70,SUCRE,2019,30354.0,75.842,dane
70771,70,SUCRE,2020,31197.0,76.03,dane
70771,70,SUCRE,2021,31864.0,76.193,dane
70820,70,SANTIAGO DE TOLÚ,2017,32902.0,19.804,dane
70820,70,SANTIAGO DE TOLÚ,2018,32902.0,19.804,dane
70820,70,SANTIAGO DE TOLÚ,2019,33838.0,19.531,dane
70820,70,SANTIAGO DE TOLÚ,2020,34843.0,19.315,dane
70820,70,SANTIAGO DE TOLÚ,2021,35582.0,19.279,dane
70823,70,SAN JOSÉ DE TOLUVIEJO,2017,21329.0,69.352,dane
70823,70,SAN JOSÉ DE TOLUVIEJO,2018,21329.0,69.352,dane
70823,70,SAN JOSÉ DE TOLUVIEJO,2019,21756.0,69.392,dane
70823,70,SAN JOSÉ DE TOLUVIEJO,2020,22176.0,69.476,dane
70823,70,SAN JOSÉ DE TOLUVIEJO,2021,22506.0,69.435,dane
73001,73,IBAGUÉ,2017,529634.0,7.002,dane
73001,73,IBAGUÉ,2018,529634.0,7.002,dane
73001,73,IBAGUÉ,2019,533745.0,7.125,dane
73001,73,IBAGUÉ,2020,538183.0,7.251,dane
73001,73,IBAGUÉ,2021,542584.0,7.244,dane
73024,73,ALPUJARRA,2017,4534.0,56.087,dane
73024,73,ALPUJARRA,2018,4534.0,56.087,dane
73024,73,ALPUJARRA,2019,4598.0,55.437,dane
73024,73,ALPUJARRA,2020,4662.0,54.848,dane
73024,73,ALPUJARRA,2021,4691.0,54.359,dane
73026,73,ALVARADO,2017,8702.0,62.71,dane
73026,73,ALVARADO,2018,8702.0,62.71,dane
73026,73,ALVARADO,2019,8754.0,62.577,dane
73026,73,ALVARADO,2020,8843.0,62.445,dane
73026,73,ALVARADO,2021,8847.0,62.258,dane
73030,73,AMBALEMA,2017,6670.0,21.019,dane
73030,73,AMBALEMA,2018,6670.0,21.019,dane
73030,73,AMBALEMA,2019,6679.0,20.946,dane
73030,73,AMBALEMA,2020,6708.0,21.005,dane
73030,73,AMBALEMA,2021,6729.0,21.028,dane
73043,73,ANZOÁTEGUI,2017,10219.0,85.615,dane
73043,73,ANZOÁTEGUI,2018,10219.0,85.615,dane
73043,73,ANZOÁTEGUI,2019,10314.0,85.505,dane
73043,73,ANZOÁTEGUI,2020,10425.0,85.458,dane
73043,73,ANZOÁTEGUI,2021,10477.0,85.339,dane
73055,73,ARMERO,2017,12693.0,35.539,dane
73055,73,ARMERO,2018,12693.0,35.539,dane
73055,73,ARMERO,2019,12741.0,36.206,dane
73055,73,ARMERO,2020,12805.0,36.845,dane
73055,73,ARMERO,2021,12843.0,36.876,dane
73067,73,ATACO,2017,19342.0,75.049,dane
73067,73,ATACO,2018,19342.0,75.049,dane
73067,73,ATACO,2019,19509.0,74.601,dane
73067,73,ATACO,2020,19690.0,74.043,dane
73067,73,ATACO,2021,19859.0,73.81,dane
73124,73,CAJAMARCA,2017,18472.0,48.76,dane
73124,73,CAJAMARCA,2018,18472.0,48.76,dane
73124,73,CAJAMARCA,2019,18728.0,49.066,dane
73124,73,CAJAMARCA,2020,18990.0,49.331,dane
73124,73,CAJAMARCA,2021,19049.0,49.11,dane
73148,73,CARMEN DE APICALÁ,2017,10111.0,24.617,dane
73148,73,CARMEN DE APICALÁ,2018,10111.0,24.617,dane
73148,73,CARMEN DE APICALÁ,2019,10270.0,24.693,dane
73148,73,CARMEN DE APICALÁ,2020,10436.0,24.866,dane
73148,73,CARMEN DE APICALÁ,2021,10561.0,24.676,dane
73152,73,CASABIANCA,2017,6366.0,73.123,dane
73152,73,CASABIANCA,2018,6366.0,73.123,dane
73152,73,CASABIANCA,2019,6442.0,73.021,dane
73152,73,CASABIANCA,2020,6498.0,73.299,dane
73152,73,CASABIANCA,2021,6534.0,73.263,dane
73168,73,CHAPARRAL,2017,50368.0,43.192,dane
73168,73,CHAPARRAL,2018,50368.0,43.192,dane
73168,73,CHAPARRAL,2019,50941.0,43.213,dane
73168,73,CHAPARRAL,2020,51522.0,43.203,dane
73168,73,CHAPARRAL,2021,51941.0,43.107,dane
73200,73,COELLO,2017,8246.0,82.1,dane
73200,73,COELLO,2018,8246.0,82.1,dane
73200,73,COELLO,2019,8333.0,81.963,dane
73200,73,COELLO,2020,8422.0,81.691,dane
73200,73,COELLO,2021,8476.0,81.501,dane
73217,73,COYAIMA,2017,22789.0,83.185,dane
73217,73,COYAIMA,2018,22789.0,83.185,dane
73217,73,COYAIMA,2019,23040.0,82.943,dane
73217,73,COYAIMA,2020,23288.0,82.695,dane
73217,73,COYAIMA,2021,23389.0,82.573,dane
73226,73,CUNDAY,2017,8739.0,72.571,dane
73226,73,CUNDAY,2018,8739.0,72.571,dane
73226,73,CUNDAY,2019,8838.0,72.222,dane
73226,73,CUNDAY,2020,8915.0,72.002,dane
73226,73,CUNDAY,2021,8950.0,71.832,dane
73236,73,DOLORES,2017,8356.0,58.114,dane
73236,73,DOLORES,2018,8356.0,58.114,dane
73236,73,DOLORES,2019,8423.0,58.388,dane
73236,73,DOLORES,2020,8495.0,58.717,dane
73236,73,DOLORES,2021,8517.0,58.683,dane
73268,73,ESPINAL,2017,70499.0,28.128,dane
73268,73,ESPINAL,2018,70499.0,28.128,dane
73268,73,ESPINAL,2019,70814.0,28.167,dane
73268,73,ESPINAL,2020,71181.0,28.222,dane
73268,73,ESPINAL,2021,71416.0,28.156,dane
73270,73,FALAN,2017,7695.0,77.011,dane
73270,73,FALAN,2018,7695.0,77.011,dane
73270,73,FALAN,2019,7757.0,76.679,dane
73270,73,FALAN,2020,7839.0,76.298,dane
73270,73,FALAN,2021,7882.0,76.085,dane
73275,73,FLANDES,2017,28376.0,13.497,dane
73275,73,FLANDES,2018,28376.0,13.497,dane
73275,73,FLANDES,2019,28542.0,13.573,dane
73275,73,FLANDES,2020,28695.0,13.567,dane
73275,73,FLANDES,2021,28838.0,13.586,dane
73283,73,FRESNO,2017,31060.0,49.43,dane
73283,73,FRESNO,2018,31060.0,49.43,dane
73283,73,FRESNO,2019,31295.0,49.42,dane
73283,73,FRESNO,2020,31523.0,49.434,dane
73283,73,FRESNO,2021,31638.0,49.333,dane
73319,73,GUAMO,2017,32941.0,49.464,dane
73319,73,GUAMO,2018,32941.0,49.464,dane
73319,73,GUAMO,2019,33176.0,49.448,dane
73319,73,GUAMO,2020,33441.0,49.448,dane
73319,73,GUAMO,2021,33574.0,49.357,dane
73347,73,HERVEO,2017,7359.0,70.404,dane
73347,73,HERVEO,2018,7359.0,70.404,dane
73347,73,HERVEO,2019,7491.0,70.485,dane
73347,73,HERVEO,2020,7626.0,70.443,dane
73347,73,HERVEO,2021,7654.0,70.146,dane
73349,73,HONDA,2017,24684.0,4.181,dane
73349,73,HONDA,2018,24684.0,4.181,dane
73349,73,HONDA,2019,24729.0,4.553,dane
73349,73,HONDA,2020,24795.0,4.989,dane
73349,73,HONDA,2021,24867.0,5.003,dane
73352,73,ICONONZO,2017,11892.0,69.786,dane
73352,73,ICONONZO,2018,11892.0,69.786,dane
73352,73,ICONONZO,2019,12024.0,69.661,dane
73352,73,ICONONZO,2020,12172.0,69.611,dane
73352,73,ICONONZO,2021,12238.0,69.611,dane
73408,73,LÉRIDA,2017,18592.0,26.108,dane
73408,73,LÉRIDA,2018,18592.0,26.108,dane
73408,73,LÉRIDA,2019,18603.0,25.947,dane
73408,73,LÉRIDA,2020,18632.0,25.735,dane
73408,73,LÉRIDA,2021,18641.0,25.637,dane
73411,73,LÍBANO,2017,36793.0,35.811,dane
73411,73,LÍBANO,2018,36793.0,35.811,dane
73411,73,LÍBANO,2019,36968.0,35.901,dane
73411,73,LÍBANO,2020,37168.0,35.966,dane
73411,73,LÍBANO,2021,37306.0,35.9,dane
73443,73,SAN SEBASTIÁN DE MARIQUITA,2017,37766.0,26.108,dane
73443,73,SAN SEBASTIÁN DE MARIQUITA,2018,37766.0,26.108,dane
73443,73,SAN SEBASTIÁN DE MARIQUITA,2019,38252.0,26.291,dane
73443,73,SAN SEBASTIÁN DE MARIQUITA,2020,38758.0,26.449,dane
73443,73,SAN SEBASTIÁN DE MARIQUITA,2021,39181.0,26.406,dane
73449,73,MELGAR,2017,36544.0,18.575,dane
73449,73,MELGAR,2018,36544.0,18.575,dane
73449,73,MELGAR,2019,37013.0,18.661,dane
73449,73,MELGAR,2020,37494.0,18.728,dane
73449,73,MELGAR,2021,37937.0,18.689,dane
73461,73,MURILLO,2017,4116.0,57.483,dane
73461,73,MURILLO,2018,4116.0,57.483,dane
73461,73,MURILLO,2019,4201.0,57.486,dane
73461,73,MURILLO,2020,4235.0,58.158,dane
73461,73,MURILLO,2021,4250.0,57.882,dane
73483,73,NATAGAIMA,2017,14843.0,47.18,dane
73483,73,NATAGAIMA,2018,14843.0,47.18,dane
73483,73,NATAGAIMA,2019,15007.0,46.392,dane
73483,73,NATAGAIMA,2020,15152.0,45.704,dane
73483,73,NATAGAIMA,2021,15301.0,45.422,dane
73504,73,ORTEGA,2017,34606.0,79.925,dane
73504,73,ORTEGA,2018,34606.0,79.925,dane
73504,73,ORTEGA,2019,35050.0,79.735,dane
73504,73,ORTEGA,2020,35516.0,79.553,dane
73504,73,ORTEGA,2021,35749.0,79.392,dane
73520,73,PALOCABILDO,2017,9728.0,69.11,dane
73520,73,PALOCABILDO,2018,9728.0,69.11,dane
73520,73,PALOCABILDO,2019,9839.0,69.031,dane
73520,73,PALOCABILDO,2020,9940.0,68.903,dane
73520,73,PALOCABILDO,2021,10000.0,68.81,dane
73547,73,PIEDRAS,2017,6698.0,66.154,dane
73547,73,PIEDRAS,2018,6698.0,66.154,dane
73547,73,PIEDRAS,2019,6845.0,65.99,dane
73547,73,PIEDRAS,2020,7010.0,65.991,dane
73547,73,PIEDRAS,2021,7121.0,65.833,dane
73555,73,PLANADAS,2017,25767.0,73.862,dane
73555,73,PLANADAS,2018,25767.0,73.862,dane
73555,73,PLANADAS,2019,26013.0,73.363,dane
73555,73,PLANADAS,2020,26243.0,72.934,dane
73555,73,PLANADAS,2021,26472.0,72.692,dane
73563,73,PRADO,2017,8491.0,56.024,dane
73563,73,PRADO,2018,8491.0,56.024,dane
73563,73,PRADO,2019,8558.0,55.784,dane
73563,73,PRADO,2020,8603.0,55.597,dane
73563,73,PRADO,2021,8637.0,55.447,dane
73585,73,PURIFICACIÓN,2017,23521.0,43.948,dane
73585,73,PURIFICACIÓN,2018,23521.0,43.948,dane
73585,73,PURIFICACIÓN,2019,23682.0,43.81,dane
73585,73,PURIFICACIÓN,2020,23840.0,43.628,dane
73585,73,PURIFICACIÓN,2021,23892.0,43.554,dane
73616,73,RIOBLANCO,2017,22775.0,83.666,dane
73616,73,RIOBLANCO,2018,22775.0,83.666,dane
73616,73,RIOBLANCO,2019,22954.0,83.21,dane
73616,73,RIOBLANCO,2020,23163.0,82.817,dane
73616,73,RIOBLANCO,2021,23358.0,82.537,dane
73622,73,RONCESVALLES,2017,5470.0,65.631,dane
73622,73,RONCESVALLES,2018,5470.0,65.631,dane
73622,73,RONCESVALLES,2019,5495.0,65.641,dane
73622,73,RONCESVALLES,2020,5549.0,65.742,dane
73622,73,RONCESVALLES,2021,5580.0,65.556,dane
73624,73,ROVIRA,2017,21673.0,53.467,dane
73624,73,ROVIRA,2018,21673.0,53.467,dane
73624,73,ROVIRA,2019,21848.0,53.241,dane
73624,73,ROVIRA,2020,22023.0,52.976,dane
73624,73,ROVIRA,2021,22138.0,52.868,dane
73671,73,SALDAÑA,2017,14436.0,41.092,dane
73671,73,SALDAÑA,2018,14436.0,41.092,dane
73671,73,SALDAÑA,2019,14532.0,41.137,dane
73671,73,SALDAÑA,2020,14609.0,41.249,dane
73671,73,SALDAÑA,2021,14674.0,41.127,dane
73675,73,SAN ANTONIO,2017,12901.0,66.227,dane
73675,73,SAN ANTONIO,2018,12901.0,66.227,dane
73675,73,SAN ANTONIO,2019,13003.0,66.208,dane
73675,73,SAN ANTONIO,2020,13122.0,66.187,dane
73675,73,SAN ANTONIO,2021,13179.0,66.022,dane
73678,73,SAN LUIS,2017,13558.0,72.164,dane
73678,73,SAN LUIS,2018,13558.0,72.164,dane
73678,73,SAN LUIS,2019,13678.0,72.065,dane
73678,73,SAN LUIS,2020,13805.0,72.068,dane
73678,73,SAN LUIS,2021,13860.0,71.941,dane
73686,73,SANTA ISABEL,2017,5779.0,62.26,dane
73686,73,SANTA ISABEL,2018,5779.0,62.26,dane
73686,73,SANTA ISABEL,2019,5821.0,62.378,dane
73686,73,SANTA ISABEL,2020,5873.0,62.404,dane
73686,73,SANTA ISABEL,2021,5900.0,62.22,dane
73770,73,SUÁREZ,2017,3821.0,59.775,dane
73770,73,SUÁREZ,2018,3821.0,59.775,dane
73770,73,SUÁREZ,2019,3839.0,59.547,dane
73770,73,SUÁREZ,2020,3855.0,59.274,dane
73770,73,SUÁREZ,2021,3886.0,59.032,dane
73854,73,VALLE DE SAN JUAN,2017,5337.0,60.558,dane
73854,73,VALLE DE SAN JUAN,2018,5337.0,60.558,dane
73854,73,VALLE DE SAN JUAN,2019,5375.0,60.428,dane
73854,73,VALLE DE SAN JUAN,2020,5438.0,60.316,dane
73854,73,VALLE DE SAN JUAN,2021,5466.0,60.263,dane
73861,73,VENADILLO,2017,12814.0,32.566,dane
73861,73,VENADILLO,2018,12814.0,32.566,dane
73861,73,VENADILLO,2019,12868.0,32.367,dane
73861,73,VENADILLO,2020,12944.0,32.1,dane
73861,73,VENADILLO,2021,12961.0,31.95,dane
73870,73,VILLAHERMOSA,2017,9285.0,63.77,dane
73870,73,VILLAHERMOSA,2018,9285.0,63.77,dane
73870,73,VILLAHERMOSA,2019,9347.0,63.678,dane
73870,73,VILLAHERMOSA,2020,9440.0,63.665,dane
73870,73,VILLAHERMOSA,2021,9473.0,63.496,dane
73873,73,VILLARRICA,2017,5123.0,61.605,dane
73873,73,VILLARRICA,2018,5123.0,61.605,dane
73873,73,VILLARRICA,2019,5164.0,61.716,dane
73873,73,VILLARRICA,2020,5207.0,61.763,dane
73873,73,VILLARRICA,2021,5231.0,61.613,dane
76001,76,SANTIAGO DE CALI,2017,2227649.0,2.474,dane
76001,76,SANTIAGO DE CALI,2018,2227649.0,2.474,dane
76001,76,SANTIAGO DE CALI,2019,2248066.0,2.39,dane
76001,76,SANTIAGO DE CALI,2020,2272432.0,2.304,dane
76001,76,SANTIAGO DE CALI,2021,2282418.0,2.306,dane
76020,76,ALCALÁ,2017,14067.0,26.054,dane
76020,76,ALCALÁ,2018,14067.0,26.054,dane
76020,76,ALCALÁ,2019,14195.0,26.375,dane
76020,76,ALCALÁ,2020,14308.0,26.684,dane
76020,76,ALCALÁ,2021,14354.0,26.39,dane
76036,76,ANDALUCÍA,2017,22448.0,22.394,dane
76036,76,ANDALUCÍA,2018,22448.0,22.394,dane
76036,76,ANDALUCÍA,2019,22899.0,21.957,dane
76036,76,ANDALUCÍA,2020,23361.0,21.497,dane
76036,76,ANDALUCÍA,2021,23735.0,21.289,dane
76041,76,ANSERMANUEVO,2017,17442.0,41.062,dane
76041,76,ANSERMANUEVO,2018,17442.0,41.062,dane
76041,76,ANSERMANUEVO,2019,17644.0,40.966,dane
76041,76,ANSERMANUEVO,2020,17850.0,40.863,dane
76041,76,ANSERMANUEVO,2021,17923.0,40.468,dane
76054,76,ARGELIA,2017,5391.0,47.19,dane
76054,76,ARGELIA,2018,5391.0,47.19,dane
76054,76,ARGELIA,2019,5459.0,47.115,dane
76054,76,ARGELIA,2020,5523.0,47.094,dane
76054,76,ARGELIA,2021,5567.0,46.865,dane
76100,76,BOLÍVAR,2017,16003.0,72.474,dane
76100,76,BOLÍVAR,2018,16003.0,72.474,dane
76100,76,BOLÍVAR,2019,16052.0,71.779,dane
76100,76,BOLÍVAR,2020,16107.0,71.081,dane
76100,76,BOLÍVAR,2021,16144.0,70.714,dane
76109,76,BUENAVENTURA,2017,308193.0,23.726,dane
76109,76,BUENAVENTURA,2018,308193.0,23.726,dane
76109,76,BUENAVENTURA,2019,311801.0,23.481,dane
76109,76,BUENAVENTURA,2020,315455.0,23.236,dane
76109,76,BUENAVENTURA,2021,318820.0,23.007,dane
76111,76,GUADALAJARA DE BUGA,2017,127542.0,13.051,dane
76111,76,GUADALAJARA DE BUGA,2018,127542.0,13.051,dane
76111,76,GUADALAJARA DE BUGA,2019,128980.0,13.527,dane
76111,76,GUADALAJARA DE BUGA,2020,130429.0,13.985,dane
76111,76,GUADALAJARA DE BUGA,2021,131232.0,13.908,dane
76113,76,BUGALAGRANDE,2017,24332.0,47.912,dane
76113,76,BUGALAGRANDE,2018,24332.0,47.912,dane
76113,76,BUGALAGRANDE,2019,24559.0,47.608,dane
76113,76,BUGALAGRANDE,2020,24843.0,47.321,dane
76113,76,BUGALAGRANDE,2021,25037.0,47.086,dane
76122,76,CAICEDONIA,2017,28825.0,17.284,dane
76122,76,CAICEDONIA,2018,28825.0,17.284,dane
76122,76,CAICEDONIA,2019,29157.0,17.053,dane
76122,76,CAICEDONIA,2020,29526.0,16.863,dane
76122,76,CAICEDONIA,2021,29738.0,16.726,dane
76126,76,CALIMA,2017,18051.0,36.497,dane
76126,76,CALIMA,2018,18051.0,36.497,dane
76126,76,CALIMA,2019,18297.0,36.017,dane
76126,76,CALIMA,2020,18595.0,35.639,dane
76126,76,CALIMA,2021,18786.0,35.393,dane
76130,76,CANDELARIA,2017,91829.0,74.317,dane
76130,76,CANDELARIA,2018,91829.0,74.317,dane
76130,76,CANDELARIA,2019,95612.0,74.574,dane
76130,76,CANDELARIA,2020,99661.0,74.837,dane
76130,76,CANDELARIA,2021,102604.0,74.874,dane
76147,76,CARTAGO,2017,135733.0,3.011,dane
76147,76,CARTAGO,2018,135733.0,3.011,dane
76147,76,CARTAGO,2019,137048.0,3.191,dane
76147,76,CARTAGO,2020,138481.0,3.374,dane
76147,76,CARTAGO,2021,140005.0,3.343,dane
76233,76,DAGUA,2017,48448.0,77.446,dane
76233,76,DAGUA,2018,48448.0,77.446,dane
76233,76,DAGUA,2019,50402.0,77.6,dane
76233,76,DAGUA,2020,52496.0,77.754,dane
76233,76,DAGUA,2021,53984.0,77.764,dane
76243,76,EL ÁGUILA,2017,8905.0,72.937,dane
76243,76,EL ÁGUILA,2018,8905.0,72.937,dane
76243,76,EL ÁGUILA,2019,9064.0,72.981,dane
76243,76,EL ÁGUILA,2020,9244.0,72.988,dane
76243,76,EL ÁGUILA,2021,9250.0,72.627,dane
76246,76,EL CAIRO,2017,6849.0,53.249,dane
76246,76,EL CAIRO,2018,6849.0,53.249,dane
76246,76,EL CAIRO,2019,6943.0,53.219,dane
76246,76,EL CAIRO,2020,7044.0,53.166,dane
76246,76,EL CAIRO,2021,7055.0,52.558,dane
76248,76,EL CERRITO,2017,56459.0,36.287,dane
76248,76,EL CERRITO,2018,56459.0,36.287,dane
76248,76,EL CERRITO,2019,56746.0,36.071,dane
76248,76,EL CERRITO,2020,57072.0,35.89,dane
76248,76,EL CERRITO,2021,57160.0,35.656,dane
76250,76,EL DOVIO,2017,8892.0,39.26,dane
76250,76,EL DOVIO,2018,8892.0,39.26,dane
76250,76,EL DOVIO,2019,8969.0,38.232,dane
76250,76,EL DOVIO,2020,9062.0,37.144,dane
76250,76,EL DOVIO,2021,9120.0,36.831,dane
76275,76,FLORIDA,2017,57382.0,29.948,dane
76275,76,FLORIDA,2018,57382.0,29.948,dane
76275,76,FLORIDA,2019,57629.0,29.775,dane
76275,76,FLORIDA,2020,57951.0,29.604,dane
76275,76,FLORIDA,2021,58013.0,29.412,dane
76306,76,GINEBRA,2017,22736.0,54.952,dane
76306,76,GINEBRA,2018,22736.0,54.952,dane
76306,76,GINEBRA,2019,23058.0,54.419,dane
76306,76,GINEBRA,2020,23382.0,53.879,dane
76306,76,GINEBRA,2021,23667.0,53.585,dane
76318,76,GUACARÍ,2017,33184.0,38.467,dane
76318,76,GUACARÍ,2018,33184.0,38.467,dane
76318,76,GUACARÍ,2019,33516.0,38.045,dane
76318,76,GUACARÍ,2020,33896.0,37.612,dane
76318,76,GUACARÍ,2021,34131.0,37.35,dane
76364,76,JAMUNDÍ,2017,159871.0,22.68,dane
76364,76,JAMUNDÍ,2018,159871.0,22.68,dane
76364,76,JAMUNDÍ,2019,166031.0,22.828,dane
76364,76,JAMUNDÍ,2020,172511.0,22.981,dane
76364,76,JAMUNDÍ,2021,177600.0,23.079,dane
76377,76,LA CUMBRE,2017,16322.0,82.196,dane
76377,76,LA CUMBRE,2018,16322.0,82.196,dane
76377,76,LA CUMBRE,2019,16689.0,81.802,dane
76377,76,LA CUMBRE,2020,17046.0,81.374,dane
76377,76,LA CUMBRE,2021,17422.0,81.122,dane
76400,76,LA UNIÓN,2017,33964.0,20.519,dane
76400,76,LA UNIÓN,2018,33964.0,20.519,dane
76400,76,LA UNIÓN,2019,34249.0,20.103,dane
76400,76,LA UNIÓN,2020,34568.0,19.721,dane
76400,76,LA UNIÓN,2021,34723.0,19.546,dane
76403,76,LA VICTORIA,2017,12165.0,25.327,dane
76403,76,LA VICTORIA,2018,12165.0,25.327,dane
76403,76,LA VICTORIA,2019,12308.0,24.732,dane
76403,76,LA VICTORIA,2020,12441.0,24.13,dane
76403,76,LA VICTORIA,2021,12540.0,23.868,dane
76497,76,OBANDO,2017,12311.0,27.301,dane
76497,76,OBANDO,2018,12311.0,27.301,dane
76497,76,OBANDO,2019,12407.0,26.678,dane
76497,76,OBANDO,2020,12517.0,26.085,dane
76497,76,OBANDO,2021,12572.0,25.676,dane
76520,76,PALMIRA,2017,349295.0,21.197,dane
76520,76,PALMIRA,2018,349295.0,21.197,dane
76520,76,PALMIRA,2019,356492.0,21.495,dane
76520,76,PALMIRA,2020,364382.0,21.796,dane
76520,76,PALMIRA,2021,369308.0,21.894,dane
76563,76,PRADERA,2017,47599.0,12.994,dane
76563,76,PRADERA,2018,47599.0,12.994,dane
76563,76,PRADERA,2019,48198.0,12.772,dane
76563,76,PRADERA,2020,48804.0,12.532,dane
76563,76,PRADERA,2021,49152.0,12.38,dane
76606,76,RESTREPO,2017,15308.0,34.381,dane
76606,76,RESTREPO,2018,15308.0,34.381,dane
76606,76,RESTREPO,2019,15464.0,33.698,dane
76606,76,RESTREPO,2020,15627.0,33.001,dane
76606,76,RESTREPO,2021,15744.0,32.768,dane
76616,76,RIOFRÍO,2017,15557.0,52.697,dane
76616,76,RIOFRÍO,2018,15557.0,52.697,dane
76616,76,RIOFRÍO,2019,15689.0,52.145,dane
76616,76,RIOFRÍO,2020,15828.0,51.655,dane
76616,76,RIOFRÍO,2021,15950.0,51.342,dane
76622,76,ROLDANILLO,2017,36793.0,24.945,dane
76622,76,ROLDANILLO,2018,36793.0,24.945,dane
76622,76,ROLDANILLO,2019,37222.0,24.26,dane
76622,76,ROLDANILLO,2020,37686.0,23.645,dane
76622,76,ROLDANILLO,2021,37958.0,23.394,dane
76670,76,SAN PEDRO,2017,16948.0,55.304,dane
76670,76,SAN PEDRO,2018,16948.0,55.304,dane
76670,76,SAN PEDRO,2019,17047.0,54.731,dane
76670,76,SAN PEDRO,2020,17184.0,54.207,dane
76670,76,SAN PEDRO,2021,17235.0,53.792,dane
76736,76,SEVILLA,2017,42141.0,24.496,dane
76736,76,SEVILLA,2018,42141.0,24.496,dane
76736,76,SEVILLA,2019,42583.0,24.003,dane
76736,76,SEVILLA,2020,43059.0,23.551,dane
76736,76,SEVILLA,2021,43389.0,23.358,dane
76823,76,TORO,2017,14613.0,31.794,dane
76823,76,TORO,2018,14613.0,31.794,dane
76823,76,TORO,2019,14743.0,31.764,dane
76823,76,TORO,2020,14902.0,31.774,dane
76823,76,TORO,2021,14978.0,31.406,dane
76828,76,TRUJILLO,2017,19220.0,53.907,dane
76828,76,TRUJILLO,2018,19220.0,53.907,dane
76828,76,TRUJILLO,2019,19406.0,53.123,dane
76828,76,TRUJILLO,2020,19569.0,52.328,dane
76828,76,TRUJILLO,2021,19722.0,51.947,dane
76834,76,TULUÁ,2017,212677.0,17.738,dane
76834,76,TULUÁ,2018,212677.0,17.738,dane
76834,76,TULUÁ,2019,215629.0,17.864,dane
76834,76,TULUÁ,2020,218685.0,17.972,dane
76834,76,TULUÁ,2021,220693.0,17.844,dane
76845,76,ULLOA,2017,5471.0,53.372,dane
76845,76,ULLOA,2018,5471.0,53.372,dane
76845,76,ULLOA,2019,5554.0,53.835,dane
76845,76,ULLOA,2020,5619.0,54.405,dane
76845,76,ULLOA,2021,5642.0,54.041,dane
76863,76,VERSALLES,2017,7260.0,43.65,dane
76863,76,VERSALLES,2018,7260.0,43.65,dane
76863,76,VERSALLES,2019,7348.0,43.263,dane
76863,76,VERSALLES,2020,7438.0,42.767,dane
76863,76,VERSALLES,2021,7448.0,42.36,dane
76869,76,VIJES,2017,12736.0,37.987,dane
76869,76,VIJES,2018,12736.0,37.987,dane
76869,76,VIJES,2019,12964.0,37.334,dane
76869,76,VIJES,2020,13216.0,36.736,dane
76869,76,VIJES,2021,13441.0,36.463,dane
76890,76,YOTOCO,2017,16016.0,48.014,dane
76890,76,YOTOCO,2018,16016.0,48.014,dane
76890,76,YOTOCO,2019,16213.0,47.567,dane
76890,76,YOTOCO,2020,16372.0,47.111,dane
76890,76,YOTOCO,2021,16529.0,46.863,dane
76892,76,YUMBO,2017,107323.0,13.695,dane
76892,76,YUMBO,2018,107323.0,13.695,dane
76892,76,YUMBO,2019,109197.0,13.906,dane
76892,76,YUMBO,2020,111258.0,14.114,dane
76892,76,YUMBO,2021,112505.0,14.179,dane
76895,76,ZARZAL,2017,41923.0,24.113,dane
76895,76,ZARZAL,2018,41923.0,24.113,dane
76895,76,ZARZAL,2019,42402.0,23.857,dane
76895,76,ZARZAL,2020,42888.0,23.58,dane
76895,76,ZARZAL,2021,43207.0,23.374,dane
81001,81,ARAUCA,2017,85590.0,13.313,dane
81001,81,ARAUCA,2018,85590.0,13.313,dane
81001,81,ARAUCA,2019,86867.0,13.568,dane
81001,81,ARAUCA,2020,88336.0,13.798,dane
81001,81,ARAUCA,2021,89163.0,13.877,dane
81065,81,ARAUQUITA,2017,49843.0,72.456,dane
81065,81,ARAUQUITA,2018,49843.0,72.456,dane
81065,81,ARAUQUITA,2019,50689.0,72.538,dane
81065,81,ARAUQUITA,2020,51644.0,72.587,dane
81065,81,ARAUQUITA,2021,52223.0,72.692,dane
81220,81,CRAVO NORTE,2017,3922.0,31.413,dane
81220,81,CRAVO NORTE,2018,3922.0,31.413,dane
81220,81,CRAVO NORTE,2019,3968.0,30.897,dane
81220,81,CRAVO NORTE,2020,4047.0,30.17,dane
81220,81,CRAVO NORTE,2021,4089.0,30.35,dane
81300,81,FORTUL,2017,18935.0,47.779,dane
81300,81,FORTUL,2018,18935.0,47.779,dane
81300,81,FORTUL,2019,19205.0,46.826,dane
81300,81,FORTUL,2020,19537.0,46.0,dane
81300,81,FORTUL,2021,19726.0,46.015,dane
81591,81,PUERTO RONDÓN,2017,4386.0,32.991,dane
81591,81,PUERTO RONDÓN,2018,4386.0,32.991,dane
81591,81,PUERTO RONDÓN,2019,4465.0,32.833,dane
81591,81,PUERTO RONDÓN,2020,4543.0,32.798,dane
81591,81,PUERTO RONDÓN,2021,4586.0,32.817,dane
81736,81,SARAVENA,2017,55562.0,23.662,dane
81736,81,SARAVENA,2018,55562.0,23.662,dane
81736,81,SARAVENA,2019,56423.0,23.951,dane
81736,81,SARAVENA,2020,57422.0,24.208,dane
81736,81,SARAVENA,2021,58012.0,24.359,dane
81794,81,TAME,2017,43939.0,39.029,dane
81794,81,TAME,2018,43939.0,39.029,dane
81794,81,TAME,2019,44414.0,39.886,dane
81794,81,TAME,2020,44966.0,40.751,dane
81794,81,TAME,2021,45338.0,40.961,dane
85001,85,YOPAL,2017,168427.0,14.73,dane
85001,85,YOPAL,2018,168427.0,14.73,dane
85001,85,YOPAL,2019,173316.0,14.478,dane
85001,85,YOPAL,2020,178549.0,14.244,dane
85001,85,YOPAL,2021,182573.0,14.113,dane
85010,85,AGUAZUL,2017,36916.0,28.161,dane
85010,85,AGUAZUL,2018,36916.0,28.161,dane
85010,85,AGUAZUL,2019,37507.0,27.632,dane
85010,85,AGUAZUL,2020,38174.0,27.136,dane
85010,85,AGUAZUL,2021,38537.0,26.881,dane
85015,85,CHÁMEZA,2017,2499.0,40.096,dane
85015,85,CHÁMEZA,2018,2499.0,40.096,dane
85015,85,CHÁMEZA,2019,2549.0,39.702,dane
85015,85,CHÁMEZA,2020,2603.0,39.685,dane
85015,85,CHÁMEZA,2021,2628.0,39.498,dane
85125,85,HATO COROZAL,2017,12322.0,58.067,dane
85125,85,HATO COROZAL,2018,12322.0,58.067,dane
85125,85,HATO COROZAL,2019,12503.0,56.978,dane
85125,85,HATO COROZAL,2020,12719.0,55.901,dane
85125,85,HATO COROZAL,2021,12877.0,55.393,dane
85136,85,LA SALINA,2017,1415.0,55.477,dane
85136,85,LA SALINA,2018,1415.0,55.477,dane
85136,85,LA SALINA,2019,1426.0,54.067,dane
85136,85,LA SALINA,2020,1460.0,52.603,dane
85136,85,LA SALINA,2021,1470.0,51.837,dane
85139,85,MANÍ,2017,17209.0,34.773,dane
85139,85,MANÍ,2018,17209.0,34.773,dane
85139,85,MANÍ,2019,17666.0,34.06,dane
85139,85,MANÍ,2020,18191.0,33.467,dane
85139,85,MANÍ,2021,18573.0,33.15,dane
85162,85,MONTERREY,2017,17521.0,30.62,dane
85162,85,MONTERREY,2018,17521.0,30.62,dane
85162,85,MONTERREY,2019,17858.0,29.97,dane
85162,85,MONTERREY,2020,18215.0,29.459,dane
85162,85,MONTERREY,2021,18428.0,29.151,dane
85225,85,NUNCHÍA,2017,8831.0,78.451,dane
85225,85,NUNCHÍA,2018,8831.0,78.451,dane
85225,85,NUNCHÍA,2019,8960.0,77.679,dane
85225,85,NUNCHÍA,2020,9113.0,77.022,dane
85225,85,NUNCHÍA,2021,9204.0,76.684,dane
85230,85,OROCUÉ,2017,12341.0,56.422,dane
85230,85,OROCUÉ,2018,12341.0,56.422,dane
85230,85,OROCUÉ,2019,12717.0,55.839,dane
85230,85,OROCUÉ,2020,13112.0,55.316,dane
85230,85,OROCUÉ,2021,13430.0,54.989,dane
85250,85,PAZ DE ARIPORO,2017,36274.0,31.273,dane
85250,85,PAZ DE ARIPORO,2018,36274.0,31.273,dane
85250,85,PAZ DE ARIPORO,2019,36850.0,31.441,dane
85250,85,PAZ DE ARIPORO,2020,37502.0,31.593,dane
85250,85,PAZ DE ARIPORO,2021,37869.0,31.408,dane
85263,85,PORE,2017,11972.0,42.984,dane
85263,85,PORE,2018,11972.0,42.984,dane
85263,85,PORE,2019,12272.0,42.202,dane
85263,85,PORE,2020,12592.0,41.518,dane
85263,85,PORE,2021,12847.0,41.169,dane
85279,85,RECETOR,2017,1657.0,80.084,dane
85279,85,RECETOR,2018,1657.0,80.084,dane
85279,85,RECETOR,2019,1667.0,80.084,dane
85279,85,RECETOR,2020,1700.0,80.0,dane
85279,85,RECETOR,2021,1710.0,79.883,dane
85300,85,SABANALARGA,2017,3634.0,50.826,dane
85300,85,SABANALARGA,2018,3634.0,50.826,dane
85300,85,SABANALARGA,2019,3678.0,50.571,dane
85300,85,SABANALARGA,2020,3735.0,50.147,dane
85300,85,SABANALARGA,2021,3786.0,49.789,dane
85315,85,SÁCAMA,2017,2107.0,51.068,dane
85315,85,SÁCAMA,2018,2107.0,51.068,dane
85315,85,SÁCAMA,2019,2112.0,50.284,dane
85315,85,SÁCAMA,2020,2133.0,48.711,dane
85315,85,SÁCAMA,2021,2129.0,48.896,dane
85325,85,SAN LUIS DE PALENQUE,2017,8462.0,63.827,dane
85325,85,SAN LUIS DE PALENQUE,2018,8462.0,63.827,dane
85325,85,SAN LUIS DE PALENQUE,2019,8596.0,63.611,dane
85325,85,SAN LUIS DE PALENQUE,2020,8745.0,63.259,dane
85325,85,SAN LUIS DE PALENQUE,2021,8844.0,63.014,dane
85400,85,TÁMARA,2017,6861.0,76.272,dane
85400,85,TÁMARA,2018,6861.0,76.272,dane
85400,85,TÁMARA,2019,6972.0,76.033,dane
85400,85,TÁMARA,2020,7083.0,75.674,dane
85400,85,TÁMARA,2021,7164.0,75.419,dane
85410,85,TAURAMENA,2017,23525.0,38.193,dane
85410,85,TAURAMENA,2018,23525.0,38.193,dane
85410,85,TAURAMENA,2019,24050.0,37.651,dane
85410,85,TAURAMENA,2020,24635.0,37.163,dane
85410,85,TAURAMENA,2021,25009.0,36.895,dane
85430,85,TRINIDAD,2017,13225.0,47.924,dane
85430,85,TRINIDAD,2018,13225.0,47.924,dane
85430,85,TRINIDAD,2019,13434.0,47.216,dane
85430,85,TRINIDAD,2020,13670.0,46.474,dane
85430,85,TRINIDAD,2021,13779.0,46.201,dane
85440,85,VILLANUEVA,2017,35313.0,25.452,dane
85440,85,VILLANUEVA,2018,35313.0,25.452,dane
85440,85,VILLANUEVA,2019,36416.0,25.341,dane
85440,85,VILLANUEVA,2020,37579.0,25.19,dane
85440,85,VILLANUEVA,2021,38521.0,24.999,dane
86001,86,MOCOA,2017,56390.0,31.821,dane
86001,86,MOCOA,2018,56390.0,31.821,dane
86001,86,MOCOA,2019,58127.0,31.443,dane
86001,86,MOCOA,2020,59862.0,31.11,dane
86001,86,MOCOA,2021,61451.0,30.882,dane
86219,86,COLÓN,2017,5412.0,36.696,dane
86219,86,COLÓN,2018,5412.0,36.696,dane
86219,86,COLÓN,2019,5472.0,36.97,dane
86219,86,COLÓN,2020,5528.0,37.373,dane
86219,86,COLÓN,2021,5584.0,37.178,dane
86320,86,ORITO,2017,37744.0,47.374,dane
86320,86,ORITO,2018,37744.0,47.374,dane
86320,86,ORITO,2019,38000.0,47.471,dane
86320,86,ORITO,2020,38297.0,47.471,dane
86320,86,ORITO,2021,38509.0,47.262,dane
86568,86,PUERTO ASÍS,2017,64884.0,39.934,dane
86568,86,PUERTO ASÍS,2018,64884.0,39.934,dane
86568,86,PUERTO ASÍS,2019,66054.0,40.107,dane
86568,86,PUERTO ASÍS,2020,67293.0,40.246,dane
86568,86,PUERTO ASÍS,2021,68448.0,40.102,dane
86569,86,PUERTO CAICEDO,2017,16086.0,62.122,dane
86569,86,PUERTO CAICEDO,2018,16086.0,62.122,dane
86569,86,PUERTO CAICEDO,2019,16386.0,61.644,dane
86569,86,PUERTO CAICEDO,2020,16630.0,61.269,dane
86569,86,PUERTO CAICEDO,2021,16823.0,60.958,dane
86571,86,PUERTO GUZMÁN,2017,35393.0,86.921,dane
86571,86,PUERTO GUZMÁN,2018,35393.0,86.921,dane
86571,86,PUERTO GUZMÁN,2019,36397.0,86.675,dane
86571,86,PUERTO GUZMÁN,2020,37426.0,86.448,dane
86571,86,PUERTO GUZMÁN,2021,38411.0,86.267,dane
86573,86,PUERTO LEGUÍZAMO,2017,28460.0,55.074,dane
86573,86,PUERTO LEGUÍZAMO,2018,28460.0,55.074,dane
86573,86,PUERTO LEGUÍZAMO,2019,29828.0,55.284,dane
86573,86,PUERTO LEGUÍZAMO,2020,31248.0,55.332,dane
86573,86,PUERTO LEGUÍZAMO,2021,32535.0,55.193,dane
86749,86,SIBUNDOY,2017,14940.0,32.684,dane
86749,86,SIBUNDOY,2018,14940.0,32.684,dane
86749,86,SIBUNDOY,2019,15153.0,33.188,dane
86749,86,SIBUNDOY,2020,15344.0,33.603,dane
86749,86,SIBUNDOY,2021,15514.0,33.473,dane
86755,86,SAN FRANCISCO,2017,5643.0,40.067,dane
86755,86,SAN FRANCISCO,2018,5643.0,40.067,dane
86755,86,SAN FRANCISCO,2019,5653.0,40.12,dane
86755,86,SAN FRANCISCO,2020,5657.0,40.198,dane
86755,86,SAN FRANCISCO,2021,5659.0,40.148,dane
86757,86,SAN MIGUEL,2017,18770.0,73.767,dane
86757,86,SAN MIGUEL,2018,18770.0,73.767,dane
86757,86,SAN MIGUEL,2019,18993.0,73.764,dane
86757,86,SAN MIGUEL,2020,19185.0,73.771,dane
86757,86,SAN MIGUEL,2021,19300.0,73.549,dane
86760,86,SANTIAGO,2017,7293.0,52.297,dane
86760,86,SANTIAGO,2018,7293.0,52.297,dane
86760,86,SANTIAGO,2019,7300.0,52.411,dane
86760,86,SANTIAGO,2020,7311.0,52.455,dane
86760,86,SANTIAGO,2021,7305.0,52.183,dane
86865,86,VALLE DEL GUAMUEZ,2017,33455.0,55.412,dane
86865,86,VALLE DEL GUAMUEZ,2018,33455.0,55.412,dane
86865,86,VALLE DEL GUAMUEZ,2019,33714.0,55.404,dane
86865,86,VALLE DEL GUAMUEZ,2020,33990.0,55.346,dane
86865,86,VALLE DEL GUAMUEZ,2021,34177.0,55.163,dane
86885,86,VILLAGARZÓN,2017,23697.0,42.018,dane
86885,86,VILLAGARZÓN,2018,23697.0,42.018,dane
86885,86,VILLAGARZÓN,2019,24040.0,41.048,dane
86885,86,VILLAGARZÓN,2020,24391.0,40.097,dane
86885,86,VILLAGARZÓN,2021,24707.0,39.762,dane
88001,88,SAN ANDRÉS,2017,55286.0,25.113,dane
88001,88,SAN ANDRÉS,2018,55286.0,25.113,dane
88001,88,SAN ANDRÉS,2019,55644.0,25.343,dane
88001,88,SAN ANDRÉS,2020,56055.0,25.53,dane
88001,88,SAN ANDRÉS,2021,56422.0,25.261,dane
88564,88,PROVIDENCIA,2017,5998.0,41.681,dane
88564,88,PROVIDENCIA,2018,5998.0,41.681,dane
88564,88,PROVIDENCIA,2019,6035.0,41.872,dane
88564,88,PROVIDENCIA,2020,6072.0,41.831,dane
88564,88,PROVIDENCIA,2021,6151.0,41.668,dane
91001,91,LETICIA,2017,48182.0,30.32,dane
91001,91,LETICIA,2018,48182.0,30.32,dane
91001,91,LETICIA,2019,49058.0,30.17,dane
91001,91,LETICIA,2020,49965.0,29.979,dane
91001,91,LETICIA,2021,50872.0,29.698,dane
91263,91,EL ENCANTO,2017,2094.0,100.0,dane
91263,91,EL ENCANTO,2018,2094.0,100.0,dane
91263,91,EL ENCANTO,2019,2134.0,100.0,dane
91263,91,EL ENCANTO,2020,2154.0,100.0,dane
91263,91,EL ENCANTO,2021,2174.0,100.0,dane
91405,91,LA CHORRERA,2017,2956.0,100.0,dane
91405,91,LA CHORRERA,2018,2956.0,100.0,dane
91405,91,LA CHORRERA,2019,3010.0,100.0,dane
91405,91,LA CHORRERA,2020,3054.0,100.0,dane
91405,91,LA CHORRERA,2021,3068.0,100.0,dane
91407,91,LA PEDRERA,2017,3806.0,100.0,dane
91407,91,LA PEDRERA,2018,3806.0,100.0,dane
91407,91,LA PEDRERA,2019,3888.0,100.0,dane
91407,91,LA PEDRERA,2020,3954.0,100.0,dane
91407,91,LA PEDRERA,2021,3980.0,100.0,dane
91430,91,LA VICTORIA,2017,640.0,100.0,dane
91430,91,LA VICTORIA,2018,640.0,100.0,dane
91430,91,LA VICTORIA,2019,652.0,100.0,dane
91430,91,LA VICTORIA,2020,663.0,100.0,dane
91430,91,LA VICTORIA,2021,661.0,100.0,dane
91460,91,MIRITÍ - PARANÁ,2017,1847.0,100.0,dane
91460,91,MIRITÍ - PARANÁ,2018,1847.0,100.0,dane
91460,91,MIRITÍ - PARANÁ,2019,1893.0,100.0,dane
91460,91,MIRITÍ - PARANÁ,2020,1946.0,100.0,dane
91460,91,MIRITÍ - PARANÁ,2021,1972.0,100.0,dane
91530,91,PUERTO ALEGRÍA,2017,742.0,100.0,dane
91530,91,PUERTO ALEGRÍA,2018,742.0,100.0,dane
91530,91,PUERTO ALEGRÍA,2019,764.0,100.0,dane
91530,91,PUERTO ALEGRÍA,2020,769.0,100.0,dane
91530,91,PUERTO ALEGRÍA,2021,775.0,100.0,dane
91536,91,PUERTO ARICA,2017,1016.0,100.0,dane
91536,91,PUERTO ARICA,2018,1016.0,100.0,dane
91536,91,PUERTO ARICA,2019,1026.0,100.0,dane
91536,91,PUERTO ARICA,2020,1043.0,100.0,dane
91536,91,PUERTO ARICA,2021,1037.0,100.0,dane
91540,91,PUERTO NARIÑO,2017,9735.0,63.595,dane
91540,91,PUERTO NARIÑO,2018,9735.0,63.595,dane
91540,91,PUERTO NARIÑO,2019,10018.0,63.486,dane
91540,91,PUERTO NARIÑO,2020,10319.0,63.223,dane
91540,91,PUERTO NARIÑO,2021,10559.0,62.8,dane
91669,91,PUERTO SANTANDER,2017,1757.0,100.0,dane
91669,91,PUERTO SANTANDER,2018,1757.0,100.0,dane
91669,91,PUERTO SANTANDER,2019,1773.0,100.0,dane
91669,91,PUERTO SANTANDER,2020,1804.0,100.0,dane
91669,91,PUERTO SANTANDER,2021,1817.0,100.0,dane
91798,91,TARAPACÁ,2017,3798.0,100.0,dane
91798,91,TARAPACÁ,2018,3798.0,100.0,dane
91798,91,TARAPACÁ,2019,3849.0,100.0,dane
91798,91,TARAPACÁ,2020,3912.0,100.0,dane
91798,91,TARAPACÁ,2021,3950.0,100.0,dane
94001,94,INÍRIDA,2017,31533.0,35.553,dane
94001,94,INÍRIDA,2018,31533.0,35.553,dane
94001,94,INÍRIDA,2019,32779.0,35.032,dane
94001,94,INÍRIDA,2020,34028.0,34.53,dane
94001,94,INÍRIDA,2021,35282.0,34.295,dane
94343,94,BARRANCOMINAS,2017,8076.0,100.0,dane
94343,94,BARRANCOMINAS,2018,8076.0,100.0,dane
94343,94,BARRANCOMINAS,2019,8514.0,100.0,dane
94343,94,BARRANCOMINAS,2020,9960.0,89.076,dane
94343,94,BARRANCOMINAS,2021,10321.0,89.313,dane
94663,,,2017,1025.0,100.0,dane
94663,,,2018,1025.0,100.0,dane
94663,,,2019,1032.0,100.0,dane
94663,,,2020,0.0,100.0,dane
94663,,,2021,0.0,100.0,dane
94883,94,SAN FELIPE,2017,1662.0,100.0,dane
94883,94,SAN FELIPE,2018,1662.0,100.0,dane
94883,94,SAN FELIPE,2019,1723.0,100.0,dane
94883,94,SAN FELIPE,2020,1778.0,100.0,dane
94883,94,SAN FELIPE,2021,1818.0,100.0,dane
94884,94,PUERTO COLOMBIA,2017,1864.0,100.0,dane
94884,94,PUERTO COLOMBIA,2018,1864.0,100.0,dane
94884,94,PUERTO COLOMBIA,2019,1901.0,100.0,dane
94884,94,PUERTO COLOMBIA,2020,1923.0,100.0,dane
94884,94,PUERTO COLOMBIA,2021,1934.0,100.0,dane
94885,94,LA GUADALUPE,2017,270.0,100.0,dane
94885,94,LA GUADALUPE,2018,270.0,100.0,dane
94885,94,LA GUADALUPE,2019,284.0,100.0,dane
94885,94,LA GUADALUPE,2020,289.0,100.0,dane
94885,94,LA GUADALUPE,2021,298.0,100.0,dane
94886,94,CACAHUAL,2017,849.0,100.0,dane
94886,94,CACAHUAL,2018,849.0,100.0,dane
94886,94,CACAHUAL,2019,874.0,100.0,dane
94886,94,CACAHUAL,2020,878.0,100.0,dane
94886,94,CACAHUAL,2021,881.0,100.0,dane
94887,94,PANA PANA,2017,1896.0,100.0,dane
94887,94,PANA PANA,2018,1896.0,100.0,dane
94887,94,PANA PANA,2019,1911.0,100.0,dane
94887,94,PANA PANA,2020,1949.0,100.0,dane
94887,94,PANA PANA,2021,1962.0,100.0,dane
94888,94,MORICHAL,2017,906.0,100.0,dane
94888,94,MORICHAL,2018,906.0,100.0,dane
94888,94,MORICHAL,2019,930.0,100.0,dane
94888,94,MORICHAL,2020,967.0,100.0,dane
94888,94,MORICHAL,2021,989.0,100.0,dane
95001,95,SAN JOSÉ DEL GUAVIARE,2017,52849.0,31.092,dane
95001,95,SAN JOSÉ DEL GUAVIARE,2018,52849.0,31.092,dane
95001,95,SAN JOSÉ DEL GUAVIARE,2019,53107.0,31.109,dane
95001,95,SAN JOSÉ DEL GUAVIARE,2020,53432.0,31.073,dane
95001,95,SAN JOSÉ DEL GUAVIARE,2021,53740.0,31.135,dane
95015,95,CALAMAR,2017,9527.0,54.424,dane
95015,95,CALAMAR,2018,9527.0,54.424,dane
95015,95,CALAMAR,2019,9603.0,54.4,dane
95015,95,CALAMAR,2020,9689.0,54.412,dane
95015,95,CALAMAR,2021,9739.0,54.42,dane
95025,95,EL RETORNO,2017,13632.0,75.33,dane
95025,95,EL RETORNO,2018,13632.0,75.33,dane
95025,95,EL RETORNO,2019,13591.0,74.91,dane
95025,95,EL RETORNO,2020,13543.0,74.385,dane
95025,95,EL RETORNO,2021,13448.0,74.42,dane
95200,95,MIRAFLORES,2017,6760.0,71.243,dane
95200,95,MIRAFLORES,2018,6760.0,71.243,dane
95200,95,MIRAFLORES,2019,6837.0,72.108,dane
95200,95,MIRAFLORES,2020,6910.0,72.981,dane
95200,95,MIRAFLORES,2021,6958.0,73.038,dane
97001,97,MITÚ,2017,29831.0,67.266,dane
97001,97,MITÚ,2018,29831.0,67.266,dane
97001,97,MITÚ,2019,30265.0,67.95,dane
97001,97,MITÚ,2020,30726.0,68.522,dane
97001,97,MITÚ,2021,31042.0,68.845,dane
97161,97,CARURÚ,2017,2923.0,52.412,dane
97161,97,CARURÚ,2018,2923.0,52.412,dane
97161,97,CARURÚ,2019,2930.0,52.901,dane
97161,97,CARURÚ,2020,2959.0,53.43,dane
97161,97,CARURÚ,2021,2995.0,53.523,dane
97511,97,PACOA,2017,4036.0,100.0,dane
97511,97,PACOA,2018,4036.0,100.0,dane
97511,97,PACOA,2019,4109.0,100.0,dane
97511,97,PACOA,2020,4159.0,100.0,dane
97511,97,PACOA,2021,4184.0,100.0,dane
97666,97,TARAIRA,2017,2205.0,56.735,dane
97666,97,TARAIRA,2018,2205.0,56.735,dane
97666,97,TARAIRA,2019,2335.0,57.816,dane
97666,97,TARAIRA,2020,2456.0,58.469,dane
97666,97,TARAIRA,2021,2555.0,58.513,dane
97777,97,PAPUNAHUA,2017,738.0,100.0,dane
97777,97,PAPUNAHUA,2018,738.0,100.0,dane
97777,97,PAPUNAHUA,2019,743.0,100.0,dane
97777,97,PAPUNAHUA,2020,749.0,100.0,dane
97777,97,PAPUNAHUA,2021,762.0,100.0,dane
97889,97,YAVARATÉ,2017,1041.0,100.0,dane
97889,97,YAVARATÉ,2018,1041.0,100.0,dane
97889,97,YAVARATÉ,2019,1066.0,100.0,dane
97889,97,YAVARATÉ,2020,1086.0,100.0,dane
97889,97,YAVARATÉ,2021,1103.0,100.0,dane
99001,99,PUERTO CARREÑO,2017,20946.0,28.478,dane
99001,99,PUERTO CARREÑO,2018,20946.0,28.478,dane
99001,99,PUERTO CARREÑO,2019,21558.0,26.408,dane
99001,99,PUERTO CARREÑO,2020,22205.0,24.386,dane
99001,99,PUERTO CARREÑO,2021,22705.0,24.391,dane
99524,99,LA PRIMAVERA,2017,10126.0,44.815,dane
99524,99,LA PRIMAVERA,2018,10126.0,44.815,dane
99524,99,LA PRIMAVERA,2019,10234.0,42.202,dane
99524,99,LA PRIMAVERA,2020,10365.0,39.691,dane
99524,99,LA PRIMAVERA,2021,10437.0,39.753,dane
99624,99,SANTA ROSALÍA,2017,4067.0,41.333,dane
99624,99,SANTA ROSALÍA,2018,4067.0,41.333,dane
99624,99,SANTA ROSALÍA,2019,4110.0,39.635,dane
99624,99,SANTA ROSALÍA,2020,4143.0,38.257,dane
99624,99,SANTA ROSALÍA,2021,4168.0,38.244,dane
99773,99,CUMARIBO,2017,72563.0,96.013,dane
99773,99,CUMARIBO,2018,72563.0,96.013,dane
99773,99,CUMARIBO,2019,78147.0,96.045,dane
99773,99,CUMARIBO,2020,83751.0,96.076,dane
99773,99,CUMARIBO,2021,88904.0,96.146,dane
