departamentodededesc,municipiosededesc,claseprestador,ese,n
Amazonas,EL ENCANTO,Instituciones Prestadoras de Servicios de Salud - IPS,SI,1
Amazonas,LA CHORRERA,Instituciones Prestadoras de Servicios de Salud - IPS,SI,1
Amazonas,LA PEDRERA,Instituciones Prestadoras de Servicios de Salud - IPS,SI,1
Amazonas,LA VICTORIA,Instituciones Prestadoras de Servicios de Salud - IPS,SI,1
Amazonas,LETICIA,Instituciones Prestadoras de Servicios de Salud - IPS,NO,12
Amazonas,LETICIA,Instituciones Prestadoras de Servicios de Salud - IPS,SI,1
Amazonas,LETICIA,Objeto Social Diferente a la Prestación de Servicios de Salud,NO,2
Amazonas,LETICIA,Profesional Independiente,NO,42
Amazonas,MIRITI - PARANÁ,Instituciones Prestadoras de Servicios de Salud - IPS,SI,1
Amazonas,PUERTO ALEGRÍA,Instituciones Prestadoras de Servicios de Salud - IPS,SI,1
Amazonas,PUERTO ARICA,Instituciones Prestadoras de Servicios de Salud - IPS,SI,1
Amazonas,PUERTO NARIÑO,Instituciones Prestadoras de Servicios de Salud - IPS,SI,1
Amazonas,PUERTO SANTANDER,Instituciones Prestadoras de Servicios de Salud - IPS,SI,1
Amazonas,TARAPACÁ,Instituciones Prestadoras de Servicios de Salud - IPS,SI,1
Antioquia,ABEJORRAL,Instituciones Prestadoras de Servicios de Salud - IPS,SI,4
Antioquia,ABEJORRAL,Objeto Social Diferente a la Prestación de Servicios de Salud,NO,1
Antioquia,ABEJORRAL,Profesional Independiente,NO,15
Antioquia,ABRIAQUÍ,Instituciones Prestadoras de Servicios de Salud - IPS,SI,1
Antioquia,ALEJANDRÍA,Instituciones Prestadoras de Servicios de Salud - IPS,SI,1
Antioquia,ALEJANDRÍA,Profesional Independiente,NO,1
Antioquia,AMAGÁ,Instituciones Prestadoras de Servicios de Salud - IPS,NO,5
Antioquia,AMAGÁ,Instituciones Prestadoras de Servicios de Salud - IPS,SI,1
Antioquia,AMAGÁ,Objeto Social Diferente a la Prestación de Servicios de Salud,NO,1
Antioquia,AMAGÁ,Profesional Independiente,NO,33
Antioquia,AMALFI,Instituciones Prestadoras de Servicios de Salud - IPS,NO,1
Antioquia,AMALFI,Instituciones Prestadoras de Servicios de Salud - IPS,SI,1
Antioquia,AMALFI,Profesional Independiente,NO,19
Antioquia,ANDES,Instituciones Prestadoras de Servicios de Salud - IPS,NO,8
Antioquia,ANDES,Instituciones Prestadoras de Servicios de Salud - IPS,SI,7
Antioquia,ANDES,Objeto Social Diferente a la Prestación de Servicios de Salud,NO,2
Antioquia,ANDES,Profesional Independiente,NO,58
Antioquia,ANGELÓPOLIS,Instituciones Prestadoras de Servicios de Salud - IPS,SI,1
Antioquia,ANGELÓPOLIS,Profesional Independiente,NO,2
Antioquia,ANGOSTURA,Instituciones Prestadoras de Servicios de Salud - IPS,SI,1
Antioquia,ANGOSTURA,Profesional Independiente,NO,2
Antioquia,ANORÍ,Instituciones Prestadoras de Servicios de Salud - IPS,NO,1
Antioquia,ANORÍ,Instituciones Prestadoras de Servicios de Salud - IPS,SI,2
Antioquia,ANORÍ,Profesional Independiente,NO,11
Antioquia,ANZA,Instituciones Prestadoras de Servicios de Salud - IPS,SI,1
Antioquia,ANZA,Profesional Independiente,NO,3
Antioquia,APARTADÓ,Instituciones Prestadoras de Servicios de Salud - IPS,NO,76
Antioquia,APARTADÓ,Objeto Social Diferente a la Prestación de Servicios de Salud,NO,7
Antioquia,APARTADÓ,Profesional Independiente,NO,138
Antioquia,APARTADÓ,Transporte Especial de Pacientes,NO,1
Antioquia,ARBOLETES,Instituciones Prestadoras de Servicios de Salud - IPS,NO,5
Antioquia,ARBOLETES,Instituciones Prestadoras de Servicios de Salud - IPS,SI,1
Antioquia,ARBOLETES,Objeto Social Diferente a la Prestación de Servicios de Salud,NO,2
Antioquia,ARBOLETES,Profesional Independiente,NO,11
Antioquia,ARGELIA,Instituciones Prestadoras de Servicios de Salud - IPS,SI,1
Antioquia,ARGELIA,Profesional Independiente,NO,1
Antioquia,ARMENIA,Instituciones Prestadoras de Servicios de Salud - IPS,SI,1
Antioquia,ARMENIA,Profesional Independiente,NO,1
Antioquia,BARBOSA,Instituciones Prestadoras de Servicios de Salud - IPS,NO,5
Antioquia,BARBOSA,Instituciones Prestadoras de Servicios de Salud - IPS,SI,1
Antioquia,BARBOSA,Objeto Social Diferente a la Prestación de Servicios de Salud,NO,3
Antioquia,BARBOSA,Profesional Independiente,NO,63
Antioquia,BELLO,Instituciones Prestadoras de Servicios de Salud - IPS,NO,84
Antioquia,BELLO,Instituciones Prestadoras de Servicios de Salud - IPS,SI,11
Antioquia,BELLO,Objeto Social Diferente a la Prestación de Servicios de Salud,NO,34
Antioquia,BELLO,Profesional Independiente,NO,439
Antioquia,BELLO,Transporte Especial de Pacientes,NO,1
Antioquia,BELMIRA,Instituciones Prestadoras de Servicios de Salud - IPS,SI,1
Antioquia,BELMIRA,Profesional Independiente,NO,5
Antioquia,BETANIA,Instituciones Prestadoras de Servicios de Salud - IPS,SI,1
Antioquia,BETANIA,Profesional Independiente,NO,5
Antioquia,BETULIA,Instituciones Prestadoras de Servicios de Salud - IPS,SI,2
Antioquia,BETULIA,Profesional Independiente,NO,6
Antioquia,BRICEÑO,Instituciones Prestadoras de Servicios de Salud - IPS,SI,4
Antioquia,BRICEÑO,Profesional Independiente,NO,3
Antioquia,BURITICÁ,Instituciones Prestadoras de Servicios de Salud - IPS,NO,1
Antioquia,BURITICÁ,Instituciones Prestadoras de Servicios de Salud - IPS,SI,1
Antioquia,BURITICÁ,Profesional Independiente,NO,1
Antioquia,CÁCERES,Instituciones Prestadoras de Servicios de Salud - IPS,SI,2
Antioquia,CÁCERES,Profesional Independiente,NO,4
Antioquia,CAICEDO,Instituciones Prestadoras de Servicios de Salud - IPS,SI,1
Antioquia,CAICEDO,Profesional Independiente,NO,9
Antioquia,CALDAS,Instituciones Prestadoras de Servicios de Salud - IPS,NO,11
Antioquia,CALDAS,Instituciones Prestadoras de Servicios de Salud - IPS,SI,2
Antioquia,CALDAS,Objeto Social Diferente a la Prestación de Servicios de Salud,NO,10
Antioquia,CALDAS,Profesional Independiente,NO,127
Antioquia,CALDAS,Transporte Especial de Pacientes,NO,1
Antioquia,CAMPAMENTO,Instituciones Prestadoras de Servicios de Salud - IPS,SI,1
Antioquia,CAMPAMENTO,Profesional Independiente,NO,2
Antioquia,CAÑASGORDAS,Instituciones Prestadoras de Servicios de Salud - IPS,SI,1
Antioquia,CAÑASGORDAS,Profesional Independiente,NO,5
Antioquia,CARACOLÍ,Instituciones Prestadoras de Servicios de Salud - IPS,SI,1
Antioquia,CARACOLÍ,Profesional Independiente,NO,1
Antioquia,CARAMANTA,Instituciones Prestadoras de Servicios de Salud - IPS,SI,1
Antioquia,CARAMANTA,Profesional Independiente,NO,7
Antioquia,CAREPA,Instituciones Prestadoras de Servicios de Salud - IPS,NO,13
Antioquia,CAREPA,Instituciones Prestadoras de Servicios de Salud - IPS,SI,4
Antioquia,CAREPA,Objeto Social Diferente a la Prestación de Servicios de Salud,NO,1
Antioquia,CAREPA,Profesional Independiente,NO,19
Antioquia,CAROLINA,Instituciones Prestadoras de Servicios de Salud - IPS,SI,1
Antioquia,CAROLINA,Profesional Independiente,NO,3
Antioquia,CAUCASIA,Instituciones Prestadoras de Servicios de Salud - IPS,NO,33
Antioquia,CAUCASIA,Instituciones Prestadoras de Servicios de Salud - IPS,SI,1
Antioquia,CAUCASIA,Objeto Social Diferente a la Prestación de Servicios de Salud,NO,2
Antioquia,CAUCASIA,Profesional Independiente,NO,99
Antioquia,CAUCASIA,Transporte Especial de Pacientes,NO,3
Antioquia,CHIGORODÓ,Instituciones Prestadoras de Servicios de Salud - IPS,NO,11
Antioquia,CHIGORODÓ,Instituciones Prestadoras de Servicios de Salud - IPS,SI,1
Antioquia,CHIGORODÓ,Profesional Independiente,NO,36
Antioquia,CISNEROS,Instituciones Prestadoras de Servicios de Salud - IPS,NO,2
Antioquia,CISNEROS,Instituciones Prestadoras de Servicios de Salud - IPS,SI,1
Antioquia,CISNEROS,Profesional Independiente,NO,2
Antioquia,CIUDAD BOLÍVAR,Instituciones Prestadoras de Servicios de Salud - IPS,NO,2
Antioquia,CIUDAD BOLÍVAR,Instituciones Prestadoras de Servicios de Salud - IPS,SI,3
Antioquia,CIUDAD BOLÍVAR,Objeto Social Diferente a la Prestación de Servicios de Salud,NO,1
Antioquia,CIUDAD BOLÍVAR,Profesional Independiente,NO,34
Antioquia,COCORNÁ,Instituciones Prestadoras de Servicios de Salud - IPS,SI,1
Antioquia,COCORNÁ,Profesional Independiente,NO,7
Antioquia,CONCEPCIÓN,Instituciones Prestadoras de Servicios de Salud - IPS,SI,1
Antioquia,CONCEPCIÓN,Profesional Independiente,NO,5
Antioquia,CONCORDIA,Instituciones Prestadoras de Servicios de Salud - IPS,NO,2
Antioquia,CONCORDIA,Instituciones Prestadoras de Servicios de Salud - IPS,SI,1
Antioquia,CONCORDIA,Profesional Independiente,NO,27
Antioquia,COPACABANA,Instituciones Prestadoras de Servicios de Salud - IPS,NO,9
Antioquia,COPACABANA,Instituciones Prestadoras de Servicios de Salud - IPS,SI,1
Antioquia,COPACABANA,Objeto Social Diferente a la Prestación de Servicios de Salud,NO,7
Antioquia,COPACABANA,Profesional Independiente,NO,120
Antioquia,DABEIBA,Instituciones Prestadoras de Servicios de Salud - IPS,NO,1
Antioquia,DABEIBA,Instituciones Prestadoras de Servicios de Salud - IPS,SI,1
Antioquia,DABEIBA,Objeto Social Diferente a la Prestación de Servicios de Salud,NO,1
Antioquia,DABEIBA,Profesional Independiente,NO,10
Antioquia,DON MATÍAS,Instituciones Prestadoras de Servicios de Salud - IPS,NO,1
Antioquia,DON MATÍAS,Instituciones Prestadoras de Servicios de Salud - IPS,SI,1
Antioquia,DON MATÍAS,Objeto Social Diferente a la Prestación de Servicios de Salud,NO,2
Antioquia,DON MATÍAS,Profesional Independiente,NO,32
Antioquia,EBÉJICO,Instituciones Prestadoras de Servicios de Salud - IPS,SI,2
Antioquia,EBÉJICO,Profesional Independiente,NO,3
Antioquia,EL BAGRE,Instituciones Prestadoras de Servicios de Salud - IPS,NO,4
Antioquia,EL BAGRE,Instituciones Prestadoras de Servicios de Salud - IPS,SI,3
Antioquia,EL BAGRE,Profesional Independiente,NO,18
Antioquia,EL CARMEN DE VIBORAL,Instituciones Prestadoras de Servicios de Salud - IPS,NO,3
Antioquia,EL CARMEN DE VIBORAL,Instituciones Prestadoras de Servicios de Salud - IPS,SI,1
Antioquia,EL CARMEN DE VIBORAL,Objeto Social Diferente a la Prestación de Servicios de Salud,NO,5
Antioquia,EL CARMEN DE VIBORAL,Profesional Independiente,NO,129
Antioquia,EL SANTUARIO,Instituciones Prestadoras de Servicios de Salud - IPS,NO,6
Antioquia,EL SANTUARIO,Instituciones Prestadoras de Servicios de Salud - IPS,SI,1
Antioquia,EL SANTUARIO,Objeto Social Diferente a la Prestación de Servicios de Salud,NO,2
Antioquia,EL SANTUARIO,Profesional Independiente,NO,66
Antioquia,ENTRERRIOS,Instituciones Prestadoras de Servicios de Salud - IPS,NO,2
Antioquia,ENTRERRIOS,Instituciones Prestadoras de Servicios de Salud - IPS,SI,1
Antioquia,ENTRERRIOS,Objeto Social Diferente a la Prestación de Servicios de Salud,NO,1
Antioquia,ENTRERRIOS,Profesional Independiente,NO,22
Antioquia,ENVIGADO,Instituciones Prestadoras de Servicios de Salud - IPS,NO,97
Antioquia,ENVIGADO,Instituciones Prestadoras de Servicios de Salud - IPS,SI,3
Antioquia,ENVIGADO,Objeto Social Diferente a la Prestación de Servicios de Salud,NO,40
Antioquia,ENVIGADO,Profesional Independiente,NO,788
Antioquia,ENVIGADO,Transporte Especial de Pacientes,NO,1
Antioquia,FREDONIA,Instituciones Prestadoras de Servicios de Salud - IPS,NO,3
Antioquia,FREDONIA,Instituciones Prestadoras de Servicios de Salud - IPS,SI,1
Antioquia,FREDONIA,Profesional Independiente,NO,21
Antioquia,FRONTINO,Instituciones Prestadoras de Servicios de Salud - IPS,NO,1
Antioquia,FRONTINO,Instituciones Prestadoras de Servicios de Salud - IPS,SI,4
Antioquia,FRONTINO,Objeto Social Diferente a la Prestación de Servicios de Salud,NO,1
Antioquia,FRONTINO,Profesional Independiente,NO,18
Antioquia,GIRALDO,Instituciones Prestadoras de Servicios de Salud - IPS,SI,1
Antioquia,GIRALDO,Profesional Independiente,NO,5
Antioquia,GIRARDOTA,Instituciones Prestadoras de Servicios de Salud - IPS,NO,6
Antioquia,GIRARDOTA,Instituciones Prestadoras de Servicios de Salud - IPS,SI,1
Antioquia,GIRARDOTA,Objeto Social Diferente a la Prestación de Servicios de Salud,NO,5
Antioquia,GIRARDOTA,Profesional Independiente,NO,80
Antioquia,GÓMEZ PLATA,Instituciones Prestadoras de Servicios de Salud - IPS,NO,1
Antioquia,GÓMEZ PLATA,Instituciones Prestadoras de Servicios de Salud - IPS,SI,1
Antioquia,GÓMEZ PLATA,Objeto Social Diferente a la Prestación de Servicios de Salud,NO,1
Antioquia,GÓMEZ PLATA,Profesional Independiente,NO,5
Antioquia,GRANADA,Instituciones Prestadoras de Servicios de Salud - IPS,NO,1
Antioquia,GRANADA,Instituciones Prestadoras de Servicios de Salud - IPS,SI,1
Antioquia,GRANADA,Objeto Social Diferente a la Prestación de Servicios de Salud,NO,1
Antioquia,GRANADA,Profesional Independiente,NO,6
Antioquia,GUADALUPE,Instituciones Prestadoras de Servicios de Salud - IPS,NO,1
Antioquia,GUADALUPE,Instituciones Prestadoras de Servicios de Salud - IPS,SI,1
Antioquia,GUADALUPE,Profesional Independiente,NO,1
Antioquia,GUARNE,Instituciones Prestadoras de Servicios de Salud - IPS,NO,10
Antioquia,GUARNE,Instituciones Prestadoras de Servicios de Salud - IPS,SI,1
Antioquia,GUARNE,Objeto Social Diferente a la Prestación de Servicios de Salud,NO,6
Antioquia,GUARNE,Profesional Independiente,NO,64
Antioquia,GUATAPE,Instituciones Prestadoras de Servicios de Salud - IPS,SI,1
Antioquia,GUATAPE,Objeto Social Diferente a la Prestación de Servicios de Salud,NO,1
Antioquia,GUATAPE,Profesional Independiente,NO,11
Antioquia,HELICONIA,Instituciones Prestadoras de Servicios de Salud - IPS,SI,1
Antioquia,HELICONIA,Profesional Independiente,NO,1
Antioquia,HISPANIA,Instituciones Prestadoras de Servicios de Salud - IPS,NO,1
Antioquia,HISPANIA,Instituciones Prestadoras de Servicios de Salud - IPS,SI,1
Antioquia,HISPANIA,Profesional Independiente,NO,7
Antioquia,ITAGUI,Instituciones Prestadoras de Servicios de Salud - IPS,NO,51
Antioquia,ITAGUI,Instituciones Prestadoras de Servicios de Salud - IPS,SI,4
Antioquia,ITAGUI,Objeto Social Diferente a la Prestación de Servicios de Salud,NO,27
Antioquia,ITAGUI,Profesional Independiente,NO,387
Antioquia,ITAGUI,Transporte Especial de Pacientes,NO,1
Antioquia,ITUANGO,Instituciones Prestadoras de Servicios de Salud - IPS,SI,2
Antioquia,ITUANGO,Profesional Independiente,NO,8
Antioquia,JARDÍN,Instituciones Prestadoras de Servicios de Salud - IPS,SI,2
Antioquia,JARDÍN,Profesional Independiente,NO,46
Antioquia,JARDÍN,Transporte Especial de Pacientes,NO,1
Antioquia,JERICÓ,Instituciones Prestadoras de Servicios de Salud - IPS,NO,1
Antioquia,JERICÓ,Instituciones Prestadoras de Servicios de Salud - IPS,SI,1
Antioquia,JERICÓ,Profesional Independiente,NO,30
Antioquia,LA CEJA,Instituciones Prestadoras de Servicios de Salud - IPS,NO,15
Antioquia,LA CEJA,Instituciones Prestadoras de Servicios de Salud - IPS,SI,1
Antioquia,LA CEJA,Objeto Social Diferente a la Prestación de Servicios de Salud,NO,11
Antioquia,LA CEJA,Profesional Independiente,NO,170
Antioquia,LA ESTRELLA,Instituciones Prestadoras de Servicios de Salud - IPS,NO,9
Antioquia,LA ESTRELLA,Instituciones Prestadoras de Servicios de Salud - IPS,SI,3
Antioquia,LA ESTRELLA,Objeto Social Diferente a la Prestación de Servicios de Salud,NO,5
Antioquia,LA ESTRELLA,Profesional Independiente,NO,63
Antioquia,LA PINTADA,Instituciones Prestadoras de Servicios de Salud - IPS,SI,1
Antioquia,LA PINTADA,Profesional Independiente,NO,3
Antioquia,LA UNIÓN,Instituciones Prestadoras de Servicios de Salud - IPS,NO,7
Antioquia,LA UNIÓN,Instituciones Prestadoras de Servicios de Salud - IPS,SI,1
Antioquia,LA UNIÓN,Profesional Independiente,NO,44
Antioquia,LIBORINA,Instituciones Prestadoras de Servicios de Salud - IPS,SI,1
Antioquia,LIBORINA,Profesional Independiente,NO,1
Antioquia,MACEO,Instituciones Prestadoras de Servicios de Salud - IPS,SI,1
Antioquia,MACEO,Profesional Independiente,NO,1
Antioquia,MARINILLA,Instituciones Prestadoras de Servicios de Salud - IPS,NO,6
Antioquia,MARINILLA,Instituciones Prestadoras de Servicios de Salud - IPS,SI,1
Antioquia,MARINILLA,Objeto Social Diferente a la Prestación de Servicios de Salud,NO,5
Antioquia,MARINILLA,Profesional Independiente,NO,185
Antioquia,MARINILLA,Transporte Especial de Pacientes,NO,1
Antioquia,MEDELLÍN,Instituciones Prestadoras de Servicios de Salud - IPS,NO,1142
Antioquia,MEDELLÍN,Instituciones Prestadoras de Servicios de Salud - IPS,SI,58
Antioquia,MEDELLÍN,Objeto Social Diferente a la Prestación de Servicios de Salud,NO,281
Antioquia,MEDELLÍN,Profesional Independiente,NO,8560
Antioquia,MEDELLÍN,Transporte Especial de Pacientes,NO,15
Antioquia,MONTEBELLO,Instituciones Prestadoras de Servicios de Salud - IPS,SI,1
Antioquia,MONTEBELLO,Profesional Independiente,NO,3
Antioquia,MURINDÓ,Instituciones Prestadoras de Servicios de Salud - IPS,SI,1
Antioquia,MUTATÁ,Instituciones Prestadoras de Servicios de Salud - IPS,SI,1
Antioquia,MUTATÁ,Profesional Independiente,NO,1
Antioquia,NARIÑO,Instituciones Prestadoras de Servicios de Salud - IPS,SI,2
Antioquia,NARIÑO,Profesional Independiente,NO,1
Antioquia,NECHÍ,Instituciones Prestadoras de Servicios de Salud - IPS,NO,1
Antioquia,NECHÍ,Instituciones Prestadoras de Servicios de Salud - IPS,SI,1
Antioquia,NECHÍ,Profesional Independiente,NO,4
Antioquia,NECOCLÍ,Instituciones Prestadoras de Servicios de Salud - IPS,NO,9
Antioquia,NECOCLÍ,Instituciones Prestadoras de Servicios de Salud - IPS,SI,8
Antioquia,NECOCLÍ,Profesional Independiente,NO,28
Antioquia,OLAYA,Instituciones Prestadoras de Servicios de Salud - IPS,SI,2
Antioquia,PEÑOL,Instituciones Prestadoras de Servicios de Salud - IPS,SI,1
Antioquia,PEÑOL,Objeto Social Diferente a la Prestación de Servicios de Salud,NO,3
Antioquia,PEÑOL,Profesional Independiente,NO,29
Antioquia,PEQUE,Instituciones Prestadoras de Servicios de Salud - IPS,SI,1
Antioquia,PEQUE,Objeto Social Diferente a la Prestación de Servicios de Salud,NO,1
Antioquia,PEQUE,Profesional Independiente,NO,2
Antioquia,PUEBLORRICO,Instituciones Prestadoras de Servicios de Salud - IPS,SI,1
Antioquia,PUEBLORRICO,Profesional Independiente,NO,15
Antioquia,PUERTO BERRÍO,Instituciones Prestadoras de Servicios de Salud - IPS,NO,9
Antioquia,PUERTO BERRÍO,Profesional Independiente,NO,34
Antioquia,PUERTO BERRÍO,Transporte Especial de Pacientes,NO,1
Antioquia,PUERTO NARE,Instituciones Prestadoras de Servicios de Salud - IPS,SI,2
Antioquia,PUERTO NARE,Profesional Independiente,NO,4
Antioquia,PUERTO TRIUNFO,Instituciones Prestadoras de Servicios de Salud - IPS,NO,3
Antioquia,PUERTO TRIUNFO,Instituciones Prestadoras de Servicios de Salud - IPS,SI,1
Antioquia,PUERTO TRIUNFO,Objeto Social Diferente a la Prestación de Servicios de Salud,NO,1
Antioquia,PUERTO TRIUNFO,Profesional Independiente,NO,12
Antioquia,REMEDIOS,Instituciones Prestadoras de Servicios de Salud - IPS,NO,1
Antioquia,REMEDIOS,Instituciones Prestadoras de Servicios de Salud - IPS,SI,1
Antioquia,REMEDIOS,Profesional Independiente,NO,16
Antioquia,RETIRO,Instituciones Prestadoras de Servicios de Salud - IPS,NO,8
Antioquia,RETIRO,Objeto Social Diferente a la Prestación de Servicios de Salud,NO,2
Antioquia,RETIRO,Profesional Independiente,NO,53
Antioquia,RETIRO,Transporte Especial de Pacientes,NO,1
Antioquia,RIONEGRO,Instituciones Prestadoras de Servicios de Salud - IPS,NO,136
Antioquia,RIONEGRO,Instituciones Prestadoras de Servicios de Salud - IPS,SI,3
Antioquia,RIONEGRO,Objeto Social Diferente a la Prestación de Servicios de Salud,NO,20
Antioquia,RIONEGRO,Profesional Independiente,NO,741
Antioquia,RIONEGRO,Transporte Especial de Pacientes,NO,2
Antioquia,SABANALARGA,Instituciones Prestadoras de Servicios de Salud - IPS,SI,1
Antioquia,SABANALARGA,Profesional Independiente,NO,1
Antioquia,SABANETA,Instituciones Prestadoras de Servicios de Salud - IPS,NO,50
Antioquia,SABANETA,Instituciones Prestadoras de Servicios de Salud - IPS,SI,1
Antioquia,SABANETA,Objeto Social Diferente a la Prestación de Servicios de Salud,NO,21
Antioquia,SABANETA,Profesional Independiente,NO,328
Antioquia,SABANETA,Transporte Especial de Pacientes,NO,2
Antioquia,SALGAR,Instituciones Prestadoras de Servicios de Salud - IPS,NO,1
Antioquia,SALGAR,Instituciones Prestadoras de Servicios de Salud - IPS,SI,1
Antioquia,SALGAR,Profesional Independiente,NO,17
Antioquia,SAN ANDRÉS,Instituciones Prestadoras de Servicios de Salud - IPS,SI,1
Antioquia,SAN ANDRÉS,Profesional Independiente,NO,5
Antioquia,SAN CARLOS,Instituciones Prestadoras de Servicios de Salud - IPS,NO,2
Antioquia,SAN CARLOS,Instituciones Prestadoras de Servicios de Salud - IPS,SI,2
Antioquia,SAN CARLOS,Profesional Independiente,NO,9
Antioquia,SAN FRANCISCO,Instituciones Prestadoras de Servicios de Salud - IPS,SI,1
Antioquia,SAN FRANCISCO,Profesional Independiente,NO,2
Antioquia,SAN JERÓNIMO,Instituciones Prestadoras de Servicios de Salud - IPS,NO,1
Antioquia,SAN JERÓNIMO,Instituciones Prestadoras de Servicios de Salud - IPS,SI,1
Antioquia,SAN JERÓNIMO,Objeto Social Diferente a la Prestación de Servicios de Salud,NO,2
Antioquia,SAN JERÓNIMO,Profesional Independiente,NO,15
Antioquia,SAN JOSÉ DE LA MONTAÑA,Instituciones Prestadoras de Servicios de Salud - IPS,SI,1
Antioquia,SAN JOSÉ DE LA MONTAÑA,Profesional Independiente,NO,2
Antioquia,SAN JUAN DE URABÁ,Instituciones Prestadoras de Servicios de Salud - IPS,SI,1
Antioquia,SAN JUAN DE URABÁ,Profesional Independiente,NO,10
Antioquia,SAN LUIS,Instituciones Prestadoras de Servicios de Salud - IPS,SI,1
Antioquia,SAN LUIS,Profesional Independiente,NO,17
Antioquia,SAN PEDRO,Instituciones Prestadoras de Servicios de Salud - IPS,NO,4
Antioquia,SAN PEDRO,Instituciones Prestadoras de Servicios de Salud - IPS,SI,3
Antioquia,SAN PEDRO,Objeto Social Diferente a la Prestación de Servicios de Salud,NO,5
Antioquia,SAN PEDRO,Profesional Independiente,NO,45
Antioquia,SAN PEDRO DE URABA,Instituciones Prestadoras de Servicios de Salud - IPS,NO,3
Antioquia,SAN PEDRO DE URABA,Instituciones Prestadoras de Servicios de Salud - IPS,SI,1
Antioquia,SAN PEDRO DE URABA,Profesional Independiente,NO,2
Antioquia,SAN RAFAEL,Instituciones Prestadoras de Servicios de Salud - IPS,NO,4
Antioquia,SAN RAFAEL,Instituciones Prestadoras de Servicios de Salud - IPS,SI,1
Antioquia,SAN RAFAEL,Profesional Independiente,NO,12
Antioquia,SAN ROQUE,Instituciones Prestadoras de Servicios de Salud - IPS,NO,1
Antioquia,SAN ROQUE,Instituciones Prestadoras de Servicios de Salud - IPS,SI,2
Antioquia,SAN ROQUE,Objeto Social Diferente a la Prestación de Servicios de Salud,NO,1
Antioquia,SAN ROQUE,Profesional Independiente,NO,13
Antioquia,SANTA BÁRBARA,Instituciones Prestadoras de Servicios de Salud - IPS,SI,1
Antioquia,SANTA BÁRBARA,Profesional Independiente,NO,10
Antioquia,SANTAFÉ DE ANTIOQUIA,Instituciones Prestadoras de Servicios de Salud - IPS,NO,3
Antioquia,SANTAFÉ DE ANTIOQUIA,Instituciones Prestadoras de Servicios de Salud - IPS,SI,3
Antioquia,SANTAFÉ DE ANTIOQUIA,Objeto Social Diferente a la Prestación de Servicios de Salud,NO,3
Antioquia,SANTAFÉ DE ANTIOQUIA,Profesional Independiente,NO,39
Antioquia,SANTA ROSA DE OSOS,Instituciones Prestadoras de Servicios de Salud - IPS,NO,6
Antioquia,SANTA ROSA DE OSOS,Objeto Social Diferente a la Prestación de Servicios de Salud,NO,2
Antioquia,SANTA ROSA DE OSOS,Profesional Independiente,NO,56
Antioquia,SANTO DOMINGO,Instituciones Prestadoras de Servicios de Salud - IPS,SI,2
Antioquia,SANTO DOMINGO,Profesional Independiente,NO,4
Antioquia,SAN VICENTE,Instituciones Prestadoras de Servicios de Salud - IPS,NO,1
Antioquia,SAN VICENTE,Objeto Social Diferente a la Prestación de Servicios de Salud,NO,1
Antioquia,SAN VICENTE,Profesional Independiente,NO,22
Antioquia,SEGOVIA,Instituciones Prestadoras de Servicios de Salud - IPS,NO,6
Antioquia,SEGOVIA,Instituciones Prestadoras de Servicios de Salud - IPS,SI,2
Antioquia,SEGOVIA,Objeto Social Diferente a la Prestación de Servicios de Salud,NO,1
Antioquia,SEGOVIA,Profesional Independiente,NO,42
Antioquia,SONSON,Instituciones Prestadoras de Servicios de Salud - IPS,NO,3
Antioquia,SONSON,Instituciones Prestadoras de Servicios de Salud - IPS,SI,3
Antioquia,SONSON,Objeto Social Diferente a la Prestación de Servicios de Salud,NO,1
Antioquia,SONSON,Profesional Independiente,NO,49
Antioquia,SOPETRÁN,Instituciones Prestadoras de Servicios de Salud - IPS,SI,1
Antioquia,SOPETRÁN,Profesional Independiente,NO,8
Antioquia,TÁMESIS,Instituciones Prestadoras de Servicios de Salud - IPS,NO,1
Antioquia,TÁMESIS,Instituciones Prestadoras de Servicios de Salud - IPS,SI,1
Antioquia,TÁMESIS,Profesional Independiente,NO,14
Antioquia,TARAZÁ,Instituciones Prestadoras de Servicios de Salud - IPS,SI,1
Antioquia,TARAZÁ,Profesional Independiente,NO,9
Antioquia,TARSO,Instituciones Prestadoras de Servicios de Salud - IPS,SI,1
Antioquia,TARSO,Profesional Independiente,NO,4
Antioquia,TITIRIBÍ,Instituciones Prestadoras de Servicios de Salud - IPS,SI,1
Antioquia,TITIRIBÍ,Profesional Independiente,NO,3
Antioquia,TOLEDO,Instituciones Prestadoras de Servicios de Salud - IPS,NO,1
Antioquia,TOLEDO,Instituciones Prestadoras de Servicios de Salud - IPS,SI,1
Antioquia,TOLEDO,Profesional Independiente,NO,3
Antioquia,TURBO,Instituciones Prestadoras de Servicios de Salud - IPS,NO,30
Antioquia,TURBO,Instituciones Prestadoras de Servicios de Salud - IPS,SI,14
Antioquia,TURBO,Profesional Independiente,NO,52
Antioquia,TURBO,Transporte Especial de Pacientes,NO,1
Antioquia,URAMITA,Instituciones Prestadoras de Servicios de Salud - IPS,SI,1
Antioquia,URAMITA,Profesional Independiente,NO,1
Antioquia,URRAO,Instituciones Prestadoras de Servicios de Salud - IPS,SI,1
Antioquia,URRAO,Objeto Social Diferente a la Prestación de Servicios de Salud,NO,2
Antioquia,URRAO,Profesional Independiente,NO,65
Antioquia,VALDIVIA,Instituciones Prestadoras de Servicios de Salud - IPS,SI,1
Antioquia,VALDIVIA,Transporte Especial de Pacientes,NO,1
Antioquia,VALPARAÍSO,Instituciones Prestadoras de Servicios de Salud - IPS,SI,1
Antioquia,VALPARAÍSO,Profesional Independiente,NO,4
Antioquia,VEGACHÍ,Instituciones Prestadoras de Servicios de Salud - IPS,SI,1
Antioquia,VEGACHÍ,Profesional Independiente,NO,18
Antioquia,VENECIA,Instituciones Prestadoras de Servicios de Salud - IPS,SI,2
Antioquia,VENECIA,Profesional Independiente,NO,8
Antioquia,VIGÍA DEL FUERTE,Instituciones Prestadoras de Servicios de Salud - IPS,SI,4
Antioquia,YALÍ,Instituciones Prestadoras de Servicios de Salud - IPS,SI,1
Antioquia,YALÍ,Profesional Independiente,NO,8
Antioquia,YARUMAL,Instituciones Prestadoras de Servicios de Salud - IPS,NO,4
Antioquia,YARUMAL,Instituciones Prestadoras de Servicios de Salud - IPS,SI,8
Antioquia,YARUMAL,Objeto Social Diferente a la Prestación de Servicios de Salud,NO,2
Antioquia,YARUMAL,Profesional Independiente,NO,81
Antioquia,YOLOMBÓ,Instituciones Prestadoras de Servicios de Salud - IPS,NO,2
Antioquia,YOLOMBÓ,Instituciones Prestadoras de Servicios de Salud - IPS,SI,2
Antioquia,YOLOMBÓ,Profesional Independiente,NO,7
Antioquia,YONDÓ,Instituciones Prestadoras de Servicios de Salud - IPS,SI,1
Antioquia,YONDÓ,Profesional Independiente,NO,4
Antioquia,ZARAGOZA,Instituciones Prestadoras de Servicios de Salud - IPS,NO,2
Antioquia,ZARAGOZA,Profesional Independiente,NO,15
Arauca,ARAUCA,Instituciones Prestadoras de Servicios de Salud - IPS,NO,37
Arauca,ARAUCA,Instituciones Prestadoras de Servicios de Salud - IPS,SI,10
Arauca,ARAUCA,Objeto Social Diferente a la Prestación de Servicios de Salud,NO,2
Arauca,ARAUCA,Profesional Independiente,NO,74
Arauca,ARAUQUITA,Instituciones Prestadoras de Servicios de Salud - IPS,NO,10
Arauca,ARAUQUITA,Instituciones Prestadoras de Servicios de Salud - IPS,SI,9
Arauca,ARAUQUITA,Objeto Social Diferente a la Prestación de Servicios de Salud,NO,2
Arauca,ARAUQUITA,Profesional Independiente,NO,11
Arauca,CRAVO NORTE,Instituciones Prestadoras de Servicios de Salud - IPS,SI,1
Arauca,FORTUL,Instituciones Prestadoras de Servicios de Salud - IPS,NO,7
Arauca,FORTUL,Instituciones Prestadoras de Servicios de Salud - IPS,SI,6
Arauca,FORTUL,Profesional Independiente,NO,9
Arauca,PUERTO RONDÓN,Instituciones Prestadoras de Servicios de Salud - IPS,NO,2
Arauca,PUERTO RONDÓN,Instituciones Prestadoras de Servicios de Salud - IPS,SI,1
Arauca,SARAVENA,Instituciones Prestadoras de Servicios de Salud - IPS,NO,21
Arauca,SARAVENA,Instituciones Prestadoras de Servicios de Salud - IPS,SI,10
Arauca,SARAVENA,Profesional Independiente,NO,44
Arauca,SARAVENA,Transporte Especial de Pacientes,NO,1
Arauca,TAME,Instituciones Prestadoras de Servicios de Salud - IPS,NO,23
Arauca,TAME,Instituciones Prestadoras de Servicios de Salud - IPS,SI,12
Arauca,TAME,Objeto Social Diferente a la Prestación de Servicios de Salud,NO,1
Arauca,TAME,Profesional Independiente,NO,48
Arauca,TAME,Transporte Especial de Pacientes,NO,1
Atlántico,BARANOA,Instituciones Prestadoras de Servicios de Salud - IPS,NO,16
Atlántico,BARANOA,Instituciones Prestadoras de Servicios de Salud - IPS,SI,5
Atlántico,BARANOA,Profesional Independiente,NO,8
Atlántico,BARANOA,Transporte Especial de Pacientes,NO,1
Atlántico,BARRANQUILLA,Instituciones Prestadoras de Servicios de Salud - IPS,NO,801
Atlántico,BARRANQUILLA,Instituciones Prestadoras de Servicios de Salud - IPS,SI,3
Atlántico,BARRANQUILLA,Objeto Social Diferente a la Prestación de Servicios de Salud,NO,32
Atlántico,BARRANQUILLA,Profesional Independiente,NO,1317
Atlántico,BARRANQUILLA,Transporte Especial de Pacientes,NO,11
Atlántico,CAMPO DE LA CRUZ,Instituciones Prestadoras de Servicios de Salud - IPS,NO,5
Atlántico,CAMPO DE LA CRUZ,Instituciones Prestadoras de Servicios de Salud - IPS,SI,2
Atlántico,CAMPO DE LA CRUZ,Profesional Independiente,NO,2
Atlántico,CANDELARIA,Instituciones Prestadoras de Servicios de Salud - IPS,NO,3
Atlántico,CANDELARIA,Instituciones Prestadoras de Servicios de Salud - IPS,SI,3
Atlántico,CANDELARIA,Profesional Independiente,NO,1
Atlántico,GALAPA,Instituciones Prestadoras de Servicios de Salud - IPS,NO,10
Atlántico,GALAPA,Instituciones Prestadoras de Servicios de Salud - IPS,SI,2
Atlántico,GALAPA,Profesional Independiente,NO,8
Atlántico,JUAN DE ACOSTA,Instituciones Prestadoras de Servicios de Salud - IPS,NO,4
Atlántico,JUAN DE ACOSTA,Instituciones Prestadoras de Servicios de Salud - IPS,SI,4
Atlántico,JUAN DE ACOSTA,Transporte Especial de Pacientes,NO,1
Atlántico,LURUACO,Instituciones Prestadoras de Servicios de Salud - IPS,NO,1
Atlántico,LURUACO,Instituciones Prestadoras de Servicios de Salud - IPS,SI,6
Atlántico,LURUACO,Profesional Independiente,NO,4
Atlántico,MALAMBO,Instituciones Prestadoras de Servicios de Salud - IPS,NO,18
Atlántico,MALAMBO,Instituciones Prestadoras de Servicios de Salud - IPS,SI,6
Atlántico,MALAMBO,Objeto Social Diferente a la Prestación de Servicios de Salud,NO,1
Atlántico,MALAMBO,Profesional Independiente,NO,8
Atlántico,MALAMBO,Transporte Especial de Pacientes,NO,1
Atlántico,MANATÍ,Instituciones Prestadoras de Servicios de Salud - IPS,NO,3
Atlántico,MANATÍ,Instituciones Prestadoras de Servicios de Salud - IPS,SI,2
Atlántico,MANATÍ,Profesional Independiente,NO,2
Atlántico,PALMAR DE VARELA,Instituciones Prestadoras de Servicios de Salud - IPS,NO,3
Atlántico,PALMAR DE VARELA,Instituciones Prestadoras de Servicios de Salud - IPS,SI,1
Atlántico,PALMAR DE VARELA,Profesional Independiente,NO,3
Atlántico,PIOJÓ,Instituciones Prestadoras de Servicios de Salud - IPS,SI,2
Atlántico,POLONUEVO,Instituciones Prestadoras de Servicios de Salud - IPS,NO,3
Atlántico,POLONUEVO,Instituciones Prestadoras de Servicios de Salud - IPS,SI,2
Atlántico,PONEDERA,Instituciones Prestadoras de Servicios de Salud - IPS,NO,2
Atlántico,PONEDERA,Instituciones Prestadoras de Servicios de Salud - IPS,SI,5
Atlántico,PONEDERA,Profesional Independiente,NO,1
Atlántico,PONEDERA,Transporte Especial de Pacientes,NO,1
Atlántico,PUERTO COLOMBIA,Instituciones Prestadoras de Servicios de Salud - IPS,NO,53
Atlántico,PUERTO COLOMBIA,Instituciones Prestadoras de Servicios de Salud - IPS,SI,2
Atlántico,PUERTO COLOMBIA,Objeto Social Diferente a la Prestación de Servicios de Salud,NO,4
Atlántico,PUERTO COLOMBIA,Profesional Independiente,NO,263
Atlántico,PUERTO COLOMBIA,Transporte Especial de Pacientes,NO,1
Atlántico,REPELÓN,Instituciones Prestadoras de Servicios de Salud - IPS,NO,2
Atlántico,REPELÓN,Instituciones Prestadoras de Servicios de Salud - IPS,SI,6
Atlántico,REPELÓN,Profesional Independiente,NO,3
Atlántico,SABANAGRANDE,Instituciones Prestadoras de Servicios de Salud - IPS,NO,12
Atlántico,SABANAGRANDE,Instituciones Prestadoras de Servicios de Salud - IPS,SI,1
Atlántico,SABANAGRANDE,Profesional Independiente,NO,5
Atlántico,SABANALARGA,Instituciones Prestadoras de Servicios de Salud - IPS,NO,29
Atlántico,SABANALARGA,Instituciones Prestadoras de Servicios de Salud - IPS,SI,12
Atlántico,SABANALARGA,Profesional Independiente,NO,11
Atlántico,SANTA LUCÍA,Instituciones Prestadoras de Servicios de Salud - IPS,SI,2
Atlántico,SANTO TOMÁS,Instituciones Prestadoras de Servicios de Salud - IPS,NO,16
Atlántico,SANTO TOMÁS,Instituciones Prestadoras de Servicios de Salud - IPS,SI,1
Atlántico,SANTO TOMÁS,Profesional Independiente,NO,3
Atlántico,SOLEDAD,Instituciones Prestadoras de Servicios de Salud - IPS,NO,103
Atlántico,SOLEDAD,Instituciones Prestadoras de Servicios de Salud - IPS,SI,11
Atlántico,SOLEDAD,Objeto Social Diferente a la Prestación de Servicios de Salud,NO,5
Atlántico,SOLEDAD,Profesional Independiente,NO,65
Atlántico,SOLEDAD,Transporte Especial de Pacientes,NO,4
Atlántico,SUAN,Instituciones Prestadoras de Servicios de Salud - IPS,NO,1
Atlántico,SUAN,Instituciones Prestadoras de Servicios de Salud - IPS,SI,1
Atlántico,TUBARÁ,Instituciones Prestadoras de Servicios de Salud - IPS,SI,5
Atlántico,TUBARÁ,Transporte Especial de Pacientes,NO,1
Atlántico,USIACURÍ,Instituciones Prestadoras de Servicios de Salud - IPS,NO,1
Atlántico,USIACURÍ,Instituciones Prestadoras de Servicios de Salud - IPS,SI,1
Bogotá D.C,BOGOTÁ,Instituciones Prestadoras de Servicios de Salud - IPS,NO,2653
Bogotá D.C,BOGOTÁ,Instituciones Prestadoras de Servicios de Salud - IPS,SI,108
Bogotá D.C,BOGOTÁ,Objeto Social Diferente a la Prestación de Servicios de Salud,NO,614
Bogotá D.C,BOGOTÁ,Profesional Independiente,NO,12764
Bogotá D.C,BOGOTÁ,Transporte Especial de Pacientes,NO,42
Bolívar,ACHÍ,Instituciones Prestadoras de Servicios de Salud - IPS,NO,1
Bolívar,ACHÍ,Instituciones Prestadoras de Servicios de Salud - IPS,SI,6
Bolívar,ALTOS DEL ROSARIO,Instituciones Prestadoras de Servicios de Salud - IPS,SI,1
Bolívar,ARENAL,Instituciones Prestadoras de Servicios de Salud - IPS,SI,4
Bolívar,ARENAL,Profesional Independiente,NO,2
Bolívar,ARJONA,Instituciones Prestadoras de Servicios de Salud - IPS,NO,10
Bolívar,ARJONA,Instituciones Prestadoras de Servicios de Salud - IPS,SI,8
Bolívar,ARJONA,Objeto Social Diferente a la Prestación de Servicios de Salud,NO,2
Bolívar,ARJONA,Profesional Independiente,NO,22
Bolívar,ARROYOHONDO,Instituciones Prestadoras de Servicios de Salud - IPS,NO,1
Bolívar,ARROYOHONDO,Instituciones Prestadoras de Servicios de Salud - IPS,SI,1
Bolívar,BARRANCO DE LOBA,Instituciones Prestadoras de Servicios de Salud - IPS,NO,1
Bolívar,BARRANCO DE LOBA,Instituciones Prestadoras de Servicios de Salud - IPS,SI,3
Bolívar,BARRANCO DE LOBA,Profesional Independiente,NO,2
Bolívar,CALAMAR,Instituciones Prestadoras de Servicios de Salud - IPS,NO,3
Bolívar,CALAMAR,Instituciones Prestadoras de Servicios de Salud - IPS,SI,4
Bolívar,CALAMAR,Profesional Independiente,NO,1
Bolívar,CANTAGALLO,Instituciones Prestadoras de Servicios de Salud - IPS,SI,4
Bolívar,CANTAGALLO,Profesional Independiente,NO,2
Bolívar,CARTAGENA,Instituciones Prestadoras de Servicios de Salud - IPS,NO,509
Bolívar,CARTAGENA,Instituciones Prestadoras de Servicios de Salud - IPS,SI,49
Bolívar,CARTAGENA,Objeto Social Diferente a la Prestación de Servicios de Salud,NO,39
Bolívar,CARTAGENA,Profesional Independiente,NO,901
Bolívar,CARTAGENA,Transporte Especial de Pacientes,NO,18
Bolívar,CICUCO,Instituciones Prestadoras de Servicios de Salud - IPS,NO,2
Bolívar,CICUCO,Instituciones Prestadoras de Servicios de Salud - IPS,SI,2
Bolívar,CICUCO,Profesional Independiente,NO,2
Bolívar,CLEMENCIA,Instituciones Prestadoras de Servicios de Salud - IPS,SI,1
Bolívar,CÓRDOBA,Instituciones Prestadoras de Servicios de Salud - IPS,SI,8
Bolívar,CÓRDOBA,Profesional Independiente,NO,2
Bolívar,EL CARMEN DE BOLÍVAR,Instituciones Prestadoras de Servicios de Salud - IPS,NO,20
Bolívar,EL CARMEN DE BOLÍVAR,Instituciones Prestadoras de Servicios de Salud - IPS,SI,9
Bolívar,EL CARMEN DE BOLÍVAR,Objeto Social Diferente a la Prestación de Servicios de Salud,NO,4
Bolívar,EL CARMEN DE BOLÍVAR,Profesional Independiente,NO,12
Bolívar,EL GUAMO,Instituciones Prestadoras de Servicios de Salud - IPS,SI,1
Bolívar,EL PEÑÓN,Instituciones Prestadoras de Servicios de Salud - IPS,SI,1
Bolívar,EL PEÑÓN,Profesional Independiente,NO,1
Bolívar,HATILLO DE LOBA,Instituciones Prestadoras de Servicios de Salud - IPS,NO,1
Bolívar,HATILLO DE LOBA,Instituciones Prestadoras de Servicios de Salud - IPS,SI,1
Bolívar,MAGANGUÉ,Instituciones Prestadoras de Servicios de Salud - IPS,NO,57
Bolívar,MAGANGUÉ,Instituciones Prestadoras de Servicios de Salud - IPS,SI,16
Bolívar,MAGANGUÉ,Objeto Social Diferente a la Prestación de Servicios de Salud,NO,2
Bolívar,MAGANGUÉ,Profesional Independiente,NO,46
Bolívar,MAHATES,Instituciones Prestadoras de Servicios de Salud - IPS,NO,2
Bolívar,MAHATES,Instituciones Prestadoras de Servicios de Salud - IPS,SI,8
Bolívar,MAHATES,Profesional Independiente,NO,3
Bolívar,MARGARITA,Instituciones Prestadoras de Servicios de Salud - IPS,NO,1
Bolívar,MARÍA LA BAJA,Instituciones Prestadoras de Servicios de Salud - IPS,NO,7
Bolívar,MARÍA LA BAJA,Instituciones Prestadoras de Servicios de Salud - IPS,SI,11
Bolívar,MARÍA LA BAJA,Profesional Independiente,NO,3
Bolívar,MOMPÓS,Instituciones Prestadoras de Servicios de Salud - IPS,NO,10
Bolívar,MOMPÓS,Instituciones Prestadoras de Servicios de Salud - IPS,SI,9
Bolívar,MOMPÓS,Profesional Independiente,NO,15
Bolívar,MONTECRISTO,Instituciones Prestadoras de Servicios de Salud - IPS,NO,1
Bolívar,MONTECRISTO,Instituciones Prestadoras de Servicios de Salud - IPS,SI,3
Bolívar,MONTECRISTO,Profesional Independiente,NO,2
Bolívar,MORALES,Instituciones Prestadoras de Servicios de Salud - IPS,SI,3
Bolívar,MORALES,Profesional Independiente,NO,2
Bolívar,NOROSÍ,Instituciones Prestadoras de Servicios de Salud - IPS,SI,1
Bolívar,PINILLOS,Instituciones Prestadoras de Servicios de Salud - IPS,NO,1
Bolívar,PINILLOS,Instituciones Prestadoras de Servicios de Salud - IPS,SI,4
Bolívar,REGIDOR,Instituciones Prestadoras de Servicios de Salud - IPS,NO,2
Bolívar,REGIDOR,Instituciones Prestadoras de Servicios de Salud - IPS,SI,1
Bolívar,RÍO VIEJO,Instituciones Prestadoras de Servicios de Salud - IPS,NO,2
Bolívar,RÍO VIEJO,Instituciones Prestadoras de Servicios de Salud - IPS,SI,1
Bolívar,RÍO VIEJO,Profesional Independiente,NO,1
Bolívar,SAN CRISTÓBAL,Instituciones Prestadoras de Servicios de Salud - IPS,SI,2
Bolívar,SAN CRISTÓBAL,Profesional Independiente,NO,4
Bolívar,SAN ESTANISLAO,Instituciones Prestadoras de Servicios de Salud - IPS,NO,2
Bolívar,SAN ESTANISLAO,Instituciones Prestadoras de Servicios de Salud - IPS,SI,2
Bolívar,SAN ESTANISLAO,Profesional Independiente,NO,2
Bolívar,SAN FERNANDO,Instituciones Prestadoras de Servicios de Salud - IPS,SI,2
Bolívar,SAN JACINTO,Instituciones Prestadoras de Servicios de Salud - IPS,NO,3
Bolívar,SAN JACINTO,Instituciones Prestadoras de Servicios de Salud - IPS,SI,2
Bolívar,SAN JACINTO,Profesional Independiente,NO,5
Bolívar,SAN JACINTO,Transporte Especial de Pacientes,NO,1
Bolívar,SAN JACINTO DEL CAUCA,Instituciones Prestadoras de Servicios de Salud - IPS,NO,1
Bolívar,SAN JACINTO DEL CAUCA,Instituciones Prestadoras de Servicios de Salud - IPS,SI,2
Bolívar,SAN JUAN NEPOMUCENO,Instituciones Prestadoras de Servicios de Salud - IPS,NO,6
Bolívar,SAN JUAN NEPOMUCENO,Instituciones Prestadoras de Servicios de Salud - IPS,SI,5
Bolívar,SAN JUAN NEPOMUCENO,Objeto Social Diferente a la Prestación de Servicios de Salud,NO,1
Bolívar,SAN JUAN NEPOMUCENO,Profesional Independiente,NO,9
Bolívar,SAN MARTÍN DE LOBA,Instituciones Prestadoras de Servicios de Salud - IPS,NO,1
Bolívar,SAN MARTÍN DE LOBA,Instituciones Prestadoras de Servicios de Salud - IPS,SI,3
Bolívar,SAN MARTÍN DE LOBA,Profesional Independiente,NO,4
Bolívar,SAN PABLO,Instituciones Prestadoras de Servicios de Salud - IPS,NO,1
Bolívar,SAN PABLO,Instituciones Prestadoras de Servicios de Salud - IPS,SI,4
Bolívar,SAN PABLO,Profesional Independiente,NO,10
Bolívar,SANTA CATALINA,Instituciones Prestadoras de Servicios de Salud - IPS,NO,2
Bolívar,SANTA CATALINA,Instituciones Prestadoras de Servicios de Salud - IPS,SI,3
Bolívar,SANTA ROSA,Instituciones Prestadoras de Servicios de Salud - IPS,NO,3
Bolívar,SANTA ROSA,Instituciones Prestadoras de Servicios de Salud - IPS,SI,2
Bolívar,SANTA ROSA,Profesional Independiente,NO,2
Bolívar,SANTA ROSA DEL SUR,Instituciones Prestadoras de Servicios de Salud - IPS,NO,3
Bolívar,SANTA ROSA DEL SUR,Instituciones Prestadoras de Servicios de Salud - IPS,SI,11
Bolívar,SANTA ROSA DEL SUR,Profesional Independiente,NO,40
Bolívar,SIMITÍ,Instituciones Prestadoras de Servicios de Salud - IPS,NO,1
Bolívar,SIMITÍ,Instituciones Prestadoras de Servicios de Salud - IPS,SI,1
Bolívar,SIMITÍ,Profesional Independiente,NO,5
Bolívar,SOPLAVIENTO,Instituciones Prestadoras de Servicios de Salud - IPS,NO,2
Bolívar,SOPLAVIENTO,Instituciones Prestadoras de Servicios de Salud - IPS,SI,1
Bolívar,SOPLAVIENTO,Profesional Independiente,NO,2
Bolívar,TALAIGUA NUEVO,Instituciones Prestadoras de Servicios de Salud - IPS,NO,2
Bolívar,TALAIGUA NUEVO,Instituciones Prestadoras de Servicios de Salud - IPS,SI,1
Bolívar,TALAIGUA NUEVO,Profesional Independiente,NO,2
Bolívar,TIQUISIO,Instituciones Prestadoras de Servicios de Salud - IPS,NO,1
Bolívar,TIQUISIO,Instituciones Prestadoras de Servicios de Salud - IPS,SI,3
Bolívar,TIQUISIO,Profesional Independiente,NO,3
Bolívar,TURBACO,Instituciones Prestadoras de Servicios de Salud - IPS,NO,27
Bolívar,TURBACO,Instituciones Prestadoras de Servicios de Salud - IPS,SI,4
Bolívar,TURBACO,Objeto Social Diferente a la Prestación de Servicios de Salud,NO,5
Bolívar,TURBACO,Profesional Independiente,NO,23
Bolívar,TURBACO,Transporte Especial de Pacientes,NO,1
Bolívar,TURBANA,Instituciones Prestadoras de Servicios de Salud - IPS,NO,1
Bolívar,TURBANA,Instituciones Prestadoras de Servicios de Salud - IPS,SI,1
Bolívar,TURBANA,Profesional Independiente,NO,3
Bolívar,VILLANUEVA,Instituciones Prestadoras de Servicios de Salud - IPS,NO,2
Bolívar,VILLANUEVA,Instituciones Prestadoras de Servicios de Salud - IPS,SI,3
Bolívar,VILLANUEVA,Profesional Independiente,NO,5
Bolívar,ZAMBRANO,Instituciones Prestadoras de Servicios de Salud - IPS,NO,3
Bolívar,ZAMBRANO,Instituciones Prestadoras de Servicios de Salud - IPS,SI,2
Bolívar,ZAMBRANO,Profesional Independiente,NO,3
Boyacá,ALMEIDA,Instituciones Prestadoras de Servicios de Salud - IPS,SI,1
Boyacá,AQUITANIA,Instituciones Prestadoras de Servicios de Salud - IPS,SI,1
Boyacá,AQUITANIA,Profesional Independiente,NO,2
Boyacá,ARCABUCO,Instituciones Prestadoras de Servicios de Salud - IPS,SI,1
Boyacá,ARCABUCO,Profesional Independiente,NO,2
Boyacá,BELÉN,Instituciones Prestadoras de Servicios de Salud - IPS,SI,1
Boyacá,BELÉN,Profesional Independiente,NO,6
Boyacá,BERBEO,Instituciones Prestadoras de Servicios de Salud - IPS,SI,1
Boyacá,BETÉITIVA,Instituciones Prestadoras de Servicios de Salud - IPS,SI,1
Boyacá,BOAVITA,Instituciones Prestadoras de Servicios de Salud - IPS,SI,1
Boyacá,BOAVITA,Profesional Independiente,NO,1
Boyacá,BOYACÁ,Instituciones Prestadoras de Servicios de Salud - IPS,SI,1
Boyacá,BRICEÑO,Instituciones Prestadoras de Servicios de Salud - IPS,SI,1
Boyacá,BUENAVISTA,Instituciones Prestadoras de Servicios de Salud - IPS,SI,1
Boyacá,BUSBANZÁ,Instituciones Prestadoras de Servicios de Salud - IPS,SI,1
Boyacá,CALDAS,Instituciones Prestadoras de Servicios de Salud - IPS,SI,1
Boyacá,CAMPOHERMOSO,Instituciones Prestadoras de Servicios de Salud - IPS,SI,1
Boyacá,CERINZA,Instituciones Prestadoras de Servicios de Salud - IPS,SI,1
Boyacá,CHINAVITA,Instituciones Prestadoras de Servicios de Salud - IPS,SI,1
Boyacá,CHINAVITA,Profesional Independiente,NO,1
Boyacá,CHIQUINQUIRÁ,Instituciones Prestadoras de Servicios de Salud - IPS,NO,27
Boyacá,CHIQUINQUIRÁ,Instituciones Prestadoras de Servicios de Salud - IPS,SI,2
Boyacá,CHIQUINQUIRÁ,Objeto Social Diferente a la Prestación de Servicios de Salud,NO,4
Boyacá,CHIQUINQUIRÁ,Profesional Independiente,NO,70
Boyacá,CHÍQUIZA,Instituciones Prestadoras de Servicios de Salud - IPS,SI,1
Boyacá,CHISCAS,Instituciones Prestadoras de Servicios de Salud - IPS,SI,1
Boyacá,CHITA,Instituciones Prestadoras de Servicios de Salud - IPS,SI,1
Boyacá,CHITARAQUE,Instituciones Prestadoras de Servicios de Salud - IPS,NO,1
Boyacá,CHITARAQUE,Instituciones Prestadoras de Servicios de Salud - IPS,SI,1
Boyacá,CHIVATÁ,Instituciones Prestadoras de Servicios de Salud - IPS,SI,1
Boyacá,CHIVATÁ,Profesional Independiente,NO,1
Boyacá,CHIVOR,Instituciones Prestadoras de Servicios de Salud - IPS,SI,1
Boyacá,CIÉNEGA,Instituciones Prestadoras de Servicios de Salud - IPS,SI,1
Boyacá,CÓMBITA,Instituciones Prestadoras de Servicios de Salud - IPS,NO,1
Boyacá,CÓMBITA,Instituciones Prestadoras de Servicios de Salud - IPS,SI,1
Boyacá,CÓMBITA,Profesional Independiente,NO,1
Boyacá,COPER,Instituciones Prestadoras de Servicios de Salud - IPS,SI,1
Boyacá,CORRALES,Instituciones Prestadoras de Servicios de Salud - IPS,SI,1
Boyacá,COVARACHÍA,Instituciones Prestadoras de Servicios de Salud - IPS,SI,1
Boyacá,CUBARÁ,Instituciones Prestadoras de Servicios de Salud - IPS,SI,1
Boyacá,CUBARÁ,Profesional Independiente,NO,4
Boyacá,CUCAITA,Instituciones Prestadoras de Servicios de Salud - IPS,SI,1
Boyacá,CUÍTIVA,Instituciones Prestadoras de Servicios de Salud - IPS,SI,1
Boyacá,DUITAMA,Instituciones Prestadoras de Servicios de Salud - IPS,NO,71
Boyacá,DUITAMA,Instituciones Prestadoras de Servicios de Salud - IPS,SI,3
Boyacá,DUITAMA,Objeto Social Diferente a la Prestación de Servicios de Salud,NO,11
Boyacá,DUITAMA,Profesional Independiente,NO,232
Boyacá,DUITAMA,Transporte Especial de Pacientes,NO,4
Boyacá,EL COCUY,Instituciones Prestadoras de Servicios de Salud - IPS,SI,1
Boyacá,EL COCUY,Profesional Independiente,NO,1
Boyacá,EL ESPINO,Instituciones Prestadoras de Servicios de Salud - IPS,SI,1
Boyacá,FIRAVITOBA,Instituciones Prestadoras de Servicios de Salud - IPS,SI,1
Boyacá,FIRAVITOBA,Profesional Independiente,NO,1
Boyacá,FLORESTA,Instituciones Prestadoras de Servicios de Salud - IPS,SI,1
Boyacá,FLORESTA,Profesional Independiente,NO,1
Boyacá,GACHANTIVÁ,Instituciones Prestadoras de Servicios de Salud - IPS,SI,1
Boyacá,GAMEZA,Instituciones Prestadoras de Servicios de Salud - IPS,SI,1
Boyacá,GARAGOA,Instituciones Prestadoras de Servicios de Salud - IPS,NO,3
Boyacá,GARAGOA,Instituciones Prestadoras de Servicios de Salud - IPS,SI,2
Boyacá,GARAGOA,Objeto Social Diferente a la Prestación de Servicios de Salud,NO,1
Boyacá,GARAGOA,Profesional Independiente,NO,18
Boyacá,GARAGOA,Transporte Especial de Pacientes,NO,1
Boyacá,GUACAMAYAS,Instituciones Prestadoras de Servicios de Salud - IPS,SI,1
Boyacá,GUATEQUE,Instituciones Prestadoras de Servicios de Salud - IPS,NO,2
Boyacá,GUATEQUE,Instituciones Prestadoras de Servicios de Salud - IPS,SI,1
Boyacá,GUATEQUE,Profesional Independiente,NO,16
Boyacá,GUAYATÁ,Instituciones Prestadoras de Servicios de Salud - IPS,SI,1
Boyacá,GÜICÁN,Instituciones Prestadoras de Servicios de Salud - IPS,SI,1
Boyacá,IZA,Instituciones Prestadoras de Servicios de Salud - IPS,SI,1
Boyacá,JENESANO,Instituciones Prestadoras de Servicios de Salud - IPS,SI,1
Boyacá,JENESANO,Profesional Independiente,NO,10
Boyacá,JERICÓ,Instituciones Prestadoras de Servicios de Salud - IPS,SI,1
Boyacá,LABRANZAGRANDE,Instituciones Prestadoras de Servicios de Salud - IPS,SI,1
Boyacá,LA CAPILLA,Instituciones Prestadoras de Servicios de Salud - IPS,SI,1
Boyacá,LA UVITA,Instituciones Prestadoras de Servicios de Salud - IPS,SI,1
Boyacá,LA UVITA,Profesional Independiente,NO,3
Boyacá,LA VICTORIA,Instituciones Prestadoras de Servicios de Salud - IPS,SI,1
Boyacá,MACANAL,Instituciones Prestadoras de Servicios de Salud - IPS,SI,1
Boyacá,MACANAL,Profesional Independiente,NO,2
Boyacá,MARIPÍ,Instituciones Prestadoras de Servicios de Salud - IPS,SI,3
Boyacá,MIRAFLORES,Instituciones Prestadoras de Servicios de Salud - IPS,NO,2
Boyacá,MIRAFLORES,Instituciones Prestadoras de Servicios de Salud - IPS,SI,1
Boyacá,MIRAFLORES,Profesional Independiente,NO,13
Boyacá,MONGUA,Instituciones Prestadoras de Servicios de Salud - IPS,SI,1
Boyacá,MONGUÍ,Instituciones Prestadoras de Servicios de Salud - IPS,SI,1
Boyacá,MONIQUIRÁ,Instituciones Prestadoras de Servicios de Salud - IPS,NO,5
Boyacá,MONIQUIRÁ,Instituciones Prestadoras de Servicios de Salud - IPS,SI,2
Boyacá,MONIQUIRÁ,Profesional Independiente,NO,19
Boyacá,MOTAVITA,Instituciones Prestadoras de Servicios de Salud - IPS,SI,1
Boyacá,MUZO,Instituciones Prestadoras de Servicios de Salud - IPS,SI,1
Boyacá,MUZO,Profesional Independiente,NO,2
Boyacá,NOBSA,Instituciones Prestadoras de Servicios de Salud - IPS,SI,2
Boyacá,NOBSA,Objeto Social Diferente a la Prestación de Servicios de Salud,NO,3
Boyacá,NOBSA,Profesional Independiente,NO,2
Boyacá,NUEVO COLÓN,Instituciones Prestadoras de Servicios de Salud - IPS,SI,1
Boyacá,NUEVO COLÓN,Profesional Independiente,NO,1
Boyacá,OICATÁ,Instituciones Prestadoras de Servicios de Salud - IPS,NO,2
Boyacá,OICATÁ,Instituciones Prestadoras de Servicios de Salud - IPS,SI,1
Boyacá,OTANCHE,Instituciones Prestadoras de Servicios de Salud - IPS,SI,1
Boyacá,OTANCHE,Profesional Independiente,NO,1
Boyacá,PACHAVITA,Instituciones Prestadoras de Servicios de Salud - IPS,SI,1
Boyacá,PÁEZ,Instituciones Prestadoras de Servicios de Salud - IPS,SI,1
Boyacá,PAIPA,Instituciones Prestadoras de Servicios de Salud - IPS,NO,8
Boyacá,PAIPA,Instituciones Prestadoras de Servicios de Salud - IPS,SI,2
Boyacá,PAIPA,Profesional Independiente,NO,48
Boyacá,PAJARITO,Instituciones Prestadoras de Servicios de Salud - IPS,SI,1
Boyacá,PANQUEBA,Instituciones Prestadoras de Servicios de Salud - IPS,SI,1
Boyacá,PAUNA,Instituciones Prestadoras de Servicios de Salud - IPS,SI,1
Boyacá,PAUNA,Profesional Independiente,NO,2
Boyacá,PAYA,Instituciones Prestadoras de Servicios de Salud - IPS,SI,2
Boyacá,PAZ DE RÍO,Instituciones Prestadoras de Servicios de Salud - IPS,SI,1
Boyacá,PAZ DE RÍO,Profesional Independiente,NO,1
Boyacá,PESCA,Instituciones Prestadoras de Servicios de Salud - IPS,SI,1
Boyacá,PISBA,Instituciones Prestadoras de Servicios de Salud - IPS,SI,1
Boyacá,PUERTO BOYACÁ,Instituciones Prestadoras de Servicios de Salud - IPS,NO,7
Boyacá,PUERTO BOYACÁ,Instituciones Prestadoras de Servicios de Salud - IPS,SI,3
Boyacá,PUERTO BOYACÁ,Objeto Social Diferente a la Prestación de Servicios de Salud,NO,2
Boyacá,PUERTO BOYACÁ,Profesional Independiente,NO,26
Boyacá,QUÍPAMA,Instituciones Prestadoras de Servicios de Salud - IPS,SI,2
Boyacá,RAMIRIQUÍ,Instituciones Prestadoras de Servicios de Salud - IPS,NO,2
Boyacá,RAMIRIQUÍ,Instituciones Prestadoras de Servicios de Salud - IPS,SI,1
Boyacá,RAMIRIQUÍ,Objeto Social Diferente a la Prestación de Servicios de Salud,NO,1
Boyacá,RAMIRIQUÍ,Profesional Independiente,NO,9
Boyacá,RÁQUIRA,Instituciones Prestadoras de Servicios de Salud - IPS,SI,1
Boyacá,RÁQUIRA,Profesional Independiente,NO,4
Boyacá,RONDÓN,Instituciones Prestadoras de Servicios de Salud - IPS,SI,1
Boyacá,SABOYÁ,Instituciones Prestadoras de Servicios de Salud - IPS,SI,1
Boyacá,SÁCHICA,Instituciones Prestadoras de Servicios de Salud - IPS,SI,1
Boyacá,SÁCHICA,Profesional Independiente,NO,3
Boyacá,SAMACÁ,Instituciones Prestadoras de Servicios de Salud - IPS,NO,4
Boyacá,SAMACÁ,Instituciones Prestadoras de Servicios de Salud - IPS,SI,2
Boyacá,SAMACÁ,Profesional Independiente,NO,16
Boyacá,SAN EDUARDO,Instituciones Prestadoras de Servicios de Salud - IPS,SI,1
Boyacá,SAN JOSÉ DE PARE,Instituciones Prestadoras de Servicios de Salud - IPS,SI,1
Boyacá,SAN JOSÉ DE PARE,Profesional Independiente,NO,1
Boyacá,SAN LUIS DE GACENO,Instituciones Prestadoras de Servicios de Salud - IPS,SI,1
Boyacá,SAN LUIS DE GACENO,Profesional Independiente,NO,3
Boyacá,SAN LUIS DE GACENO,Transporte Especial de Pacientes,NO,1
Boyacá,SAN MATEO,Instituciones Prestadoras de Servicios de Salud - IPS,SI,1
Boyacá,SAN MIGUEL DE SEMA,Instituciones Prestadoras de Servicios de Salud - IPS,SI,1
Boyacá,SAN MIGUEL DE SEMA,Profesional Independiente,NO,2
Boyacá,SAN PABLO DE BORBUR,Instituciones Prestadoras de Servicios de Salud - IPS,SI,1
Boyacá,SANTA MARÍA,Instituciones Prestadoras de Servicios de Salud - IPS,SI,1
Boyacá,SANTA MARÍA,Objeto Social Diferente a la Prestación de Servicios de Salud,NO,1
Boyacá,SANTA MARÍA,Profesional Independiente,NO,1
Boyacá,SANTA MARÍA,Transporte Especial de Pacientes,NO,1
Boyacá,SANTANA,Instituciones Prestadoras de Servicios de Salud - IPS,SI,1
Boyacá,SANTANA,Profesional Independiente,NO,2
Boyacá,SANTA ROSA DE VITERBO,Instituciones Prestadoras de Servicios de Salud - IPS,SI,1
Boyacá,SANTA ROSA DE VITERBO,Objeto Social Diferente a la Prestación de Servicios de Salud,NO,1
Boyacá,SANTA ROSA DE VITERBO,Profesional Independiente,NO,9
Boyacá,SANTA SOFÍA,Instituciones Prestadoras de Servicios de Salud - IPS,SI,1
Boyacá,SATIVANORTE,Instituciones Prestadoras de Servicios de Salud - IPS,SI,1
Boyacá,SATIVANORTE,Profesional Independiente,NO,1
Boyacá,SATIVASUR,Instituciones Prestadoras de Servicios de Salud - IPS,SI,1
Boyacá,SIACHOQUE,Instituciones Prestadoras de Servicios de Salud - IPS,SI,1
Boyacá,SIACHOQUE,Profesional Independiente,NO,3
Boyacá,SOATÁ,Instituciones Prestadoras de Servicios de Salud - IPS,NO,2
Boyacá,SOATÁ,Instituciones Prestadoras de Servicios de Salud - IPS,SI,1
Boyacá,SOATÁ,Profesional Independiente,NO,14
Boyacá,SOCHA,Instituciones Prestadoras de Servicios de Salud - IPS,SI,1
Boyacá,SOCHA,Profesional Independiente,NO,5
Boyacá,SOCOTÁ,Instituciones Prestadoras de Servicios de Salud - IPS,SI,1
Boyacá,SOCOTÁ,Profesional Independiente,NO,1
Boyacá,SOGAMOSO,Instituciones Prestadoras de Servicios de Salud - IPS,NO,67
Boyacá,SOGAMOSO,Instituciones Prestadoras de Servicios de Salud - IPS,SI,4
Boyacá,SOGAMOSO,Objeto Social Diferente a la Prestación de Servicios de Salud,NO,10
Boyacá,SOGAMOSO,Profesional Independiente,NO,226
Boyacá,SOGAMOSO,Transporte Especial de Pacientes,NO,2
Boyacá,SOMONDOCO,Instituciones Prestadoras de Servicios de Salud - IPS,SI,1
Boyacá,SORA,Instituciones Prestadoras de Servicios de Salud - IPS,SI,1
Boyacá,SORACÁ,Instituciones Prestadoras de Servicios de Salud - IPS,SI,1
Boyacá,SOTAQUIRÁ,Instituciones Prestadoras de Servicios de Salud - IPS,SI,2
Boyacá,SUSACÓN,Instituciones Prestadoras de Servicios de Salud - IPS,SI,1
Boyacá,SUTAMARCHÁN,Instituciones Prestadoras de Servicios de Salud - IPS,SI,1
Boyacá,SUTAMARCHÁN,Profesional Independiente,NO,4
Boyacá,SUTATENZA,Instituciones Prestadoras de Servicios de Salud - IPS,SI,1
Boyacá,TASCO,Instituciones Prestadoras de Servicios de Salud - IPS,SI,1
Boyacá,TASCO,Profesional Independiente,NO,1
Boyacá,TENZA,Instituciones Prestadoras de Servicios de Salud - IPS,SI,1
Boyacá,TENZA,Profesional Independiente,NO,1
Boyacá,TIBANÁ,Instituciones Prestadoras de Servicios de Salud - IPS,SI,1
Boyacá,TIBANÁ,Profesional Independiente,NO,3
Boyacá,TIBASOSA,Instituciones Prestadoras de Servicios de Salud - IPS,SI,1
Boyacá,TIBASOSA,Objeto Social Diferente a la Prestación de Servicios de Salud,NO,1
Boyacá,TIBASOSA,Profesional Independiente,NO,1
Boyacá,TINJACÁ,Instituciones Prestadoras de Servicios de Salud - IPS,SI,1
Boyacá,TINJACÁ,Profesional Independiente,NO,1
Boyacá,TIPACOQUE,Instituciones Prestadoras de Servicios de Salud - IPS,SI,1
Boyacá,TIPACOQUE,Profesional Independiente,NO,1
Boyacá,TOCA,Instituciones Prestadoras de Servicios de Salud - IPS,SI,1
Boyacá,TOCA,Profesional Independiente,NO,2
Boyacá,TOGÜÍ,Instituciones Prestadoras de Servicios de Salud - IPS,SI,1
Boyacá,TOGÜÍ,Profesional Independiente,NO,1
Boyacá,TÓPAGA,Instituciones Prestadoras de Servicios de Salud - IPS,SI,1
Boyacá,TOTA,Instituciones Prestadoras de Servicios de Salud - IPS,SI,1
Boyacá,TUNJA,Instituciones Prestadoras de Servicios de Salud - IPS,NO,179
Boyacá,TUNJA,Instituciones Prestadoras de Servicios de Salud - IPS,SI,14
Boyacá,TUNJA,Objeto Social Diferente a la Prestación de Servicios de Salud,NO,24
Boyacá,TUNJA,Profesional Independiente,NO,488
Boyacá,TUNJA,Transporte Especial de Pacientes,NO,1
Boyacá,TUNUNGUÁ,Instituciones Prestadoras de Servicios de Salud - IPS,SI,1
Boyacá,TURMEQUÉ,Instituciones Prestadoras de Servicios de Salud - IPS,SI,1
Boyacá,TURMEQUÉ,Profesional Independiente,NO,3
Boyacá,TUTA,Instituciones Prestadoras de Servicios de Salud - IPS,SI,1
Boyacá,TUTA,Profesional Independiente,NO,3
Boyacá,TUTAZÁ,Instituciones Prestadoras de Servicios de Salud - IPS,SI,2
Boyacá,UMBITA,Instituciones Prestadoras de Servicios de Salud - IPS,SI,2
Boyacá,VENTAQUEMADA,Instituciones Prestadoras de Servicios de Salud - IPS,SI,3
Boyacá,VENTAQUEMADA,Profesional Independiente,NO,7
Boyacá,VILLA DE LEYVA,Instituciones Prestadoras de Servicios de Salud - IPS,NO,2
Boyacá,VILLA DE LEYVA,Instituciones Prestadoras de Servicios de Salud - IPS,SI,1
Boyacá,VILLA DE LEYVA,Profesional Independiente,NO,38
Boyacá,VIRACACHÁ,Instituciones Prestadoras de Servicios de Salud - IPS,SI,1
Boyacá,ZETAQUIRA,Instituciones Prestadoras de Servicios de Salud - IPS,SI,1
Boyacá,ZETAQUIRA,Profesional Independiente,NO,1
Caldas,AGUADAS,Instituciones Prestadoras de Servicios de Salud - IPS,SI,2
Caldas,AGUADAS,Profesional Independiente,NO,44
Caldas,ANSERMA,Instituciones Prestadoras de Servicios de Salud - IPS,NO,5
Caldas,ANSERMA,Instituciones Prestadoras de Servicios de Salud - IPS,SI,1
Caldas,ANSERMA,Objeto Social Diferente a la Prestación de Servicios de Salud,NO,1
Caldas,ANSERMA,Profesional Independiente,NO,36
Caldas,ARANZAZU,Instituciones Prestadoras de Servicios de Salud - IPS,SI,1
Caldas,ARANZAZU,Profesional Independiente,NO,7
Caldas,BELALCÁZAR,Instituciones Prestadoras de Servicios de Salud - IPS,SI,1
Caldas,BELALCÁZAR,Profesional Independiente,NO,7
Caldas,CHINCHINÁ,Instituciones Prestadoras de Servicios de Salud - IPS,NO,9
Caldas,CHINCHINÁ,Instituciones Prestadoras de Servicios de Salud - IPS,SI,1
Caldas,CHINCHINÁ,Objeto Social Diferente a la Prestación de Servicios de Salud,NO,1
Caldas,CHINCHINÁ,Profesional Independiente,NO,39
Caldas,CHINCHINÁ,Transporte Especial de Pacientes,NO,1
Caldas,FILADELFIA,Instituciones Prestadoras de Servicios de Salud - IPS,SI,2
Caldas,FILADELFIA,Profesional Independiente,NO,9
Caldas,LA DORADA,Instituciones Prestadoras de Servicios de Salud - IPS,NO,34
Caldas,LA DORADA,Instituciones Prestadoras de Servicios de Salud - IPS,SI,8
Caldas,LA DORADA,Objeto Social Diferente a la Prestación de Servicios de Salud,NO,1
Caldas,LA DORADA,Profesional Independiente,NO,78
Caldas,LA DORADA,Transporte Especial de Pacientes,NO,5
Caldas,LA MERCED,Instituciones Prestadoras de Servicios de Salud - IPS,SI,1
Caldas,LA MERCED,Profesional Independiente,NO,2
Caldas,MANIZALES,Instituciones Prestadoras de Servicios de Salud - IPS,NO,202
Caldas,MANIZALES,Instituciones Prestadoras de Servicios de Salud - IPS,SI,19
Caldas,MANIZALES,Objeto Social Diferente a la Prestación de Servicios de Salud,NO,21
Caldas,MANIZALES,Profesional Independiente,NO,922
Caldas,MANIZALES,Transporte Especial de Pacientes,NO,4
Caldas,MANZANARES,Instituciones Prestadoras de Servicios de Salud - IPS,NO,1
Caldas,MANZANARES,Instituciones Prestadoras de Servicios de Salud - IPS,SI,1
Caldas,MANZANARES,Objeto Social Diferente a la Prestación de Servicios de Salud,NO,1
Caldas,MANZANARES,Profesional Independiente,NO,30
Caldas,MARMATO,Instituciones Prestadoras de Servicios de Salud - IPS,SI,1
Caldas,MARMATO,Profesional Independiente,NO,4
Caldas,MARQUETALIA,Instituciones Prestadoras de Servicios de Salud - IPS,NO,1
Caldas,MARQUETALIA,Instituciones Prestadoras de Servicios de Salud - IPS,SI,1
Caldas,MARQUETALIA,Profesional Independiente,NO,11
Caldas,MARULANDA,Instituciones Prestadoras de Servicios de Salud - IPS,SI,2
Caldas,NEIRA,Instituciones Prestadoras de Servicios de Salud - IPS,NO,2
Caldas,NEIRA,Instituciones Prestadoras de Servicios de Salud - IPS,SI,1
Caldas,NEIRA,Objeto Social Diferente a la Prestación de Servicios de Salud,NO,1
Caldas,NEIRA,Profesional Independiente,NO,19
Caldas,NORCASIA,Instituciones Prestadoras de Servicios de Salud - IPS,NO,1
Caldas,NORCASIA,Instituciones Prestadoras de Servicios de Salud - IPS,SI,1
Caldas,NORCASIA,Profesional Independiente,NO,1
Caldas,PÁCORA,Instituciones Prestadoras de Servicios de Salud - IPS,NO,1
Caldas,PÁCORA,Instituciones Prestadoras de Servicios de Salud - IPS,SI,2
Caldas,PÁCORA,Profesional Independiente,NO,14
Caldas,PALESTINA,Instituciones Prestadoras de Servicios de Salud - IPS,NO,1
Caldas,PALESTINA,Instituciones Prestadoras de Servicios de Salud - IPS,SI,2
Caldas,PALESTINA,Profesional Independiente,NO,2
Caldas,PENSILVANIA,Instituciones Prestadoras de Servicios de Salud - IPS,SI,5
Caldas,PENSILVANIA,Profesional Independiente,NO,13
Caldas,RIOSUCIO,Instituciones Prestadoras de Servicios de Salud - IPS,NO,4
Caldas,RIOSUCIO,Instituciones Prestadoras de Servicios de Salud - IPS,SI,3
Caldas,RIOSUCIO,Objeto Social Diferente a la Prestación de Servicios de Salud,NO,2
Caldas,RIOSUCIO,Profesional Independiente,NO,43
Caldas,RIOSUCIO,Transporte Especial de Pacientes,NO,1
Caldas,RISARALDA,Instituciones Prestadoras de Servicios de Salud - IPS,NO,1
Caldas,RISARALDA,Instituciones Prestadoras de Servicios de Salud - IPS,SI,1
Caldas,RISARALDA,Profesional Independiente,NO,6
Caldas,SALAMINA,Instituciones Prestadoras de Servicios de Salud - IPS,NO,2
Caldas,SALAMINA,Instituciones Prestadoras de Servicios de Salud - IPS,SI,2
Caldas,SALAMINA,Objeto Social Diferente a la Prestación de Servicios de Salud,NO,1
Caldas,SALAMINA,Profesional Independiente,NO,11
Caldas,SAMANÁ,Instituciones Prestadoras de Servicios de Salud - IPS,NO,1
Caldas,SAMANÁ,Instituciones Prestadoras de Servicios de Salud - IPS,SI,3
Caldas,SAMANÁ,Profesional Independiente,NO,10
Caldas,SAN JOSÉ,Instituciones Prestadoras de Servicios de Salud - IPS,SI,1
Caldas,SUPÍA,Instituciones Prestadoras de Servicios de Salud - IPS,NO,3
Caldas,SUPÍA,Instituciones Prestadoras de Servicios de Salud - IPS,SI,1
Caldas,SUPÍA,Profesional Independiente,NO,26
Caldas,VICTORIA,Instituciones Prestadoras de Servicios de Salud - IPS,SI,1
Caldas,VICTORIA,Profesional Independiente,NO,7
Caldas,VILLAMARÍA,Instituciones Prestadoras de Servicios de Salud - IPS,NO,5
Caldas,VILLAMARÍA,Instituciones Prestadoras de Servicios de Salud - IPS,SI,1
Caldas,VILLAMARÍA,Objeto Social Diferente a la Prestación de Servicios de Salud,NO,2
Caldas,VILLAMARÍA,Profesional Independiente,NO,32
Caldas,VILLAMARÍA,Transporte Especial de Pacientes,NO,2
Caldas,VITERBO,Instituciones Prestadoras de Servicios de Salud - IPS,NO,1
Caldas,VITERBO,Instituciones Prestadoras de Servicios de Salud - IPS,SI,1
Caldas,VITERBO,Profesional Independiente,NO,16
Caquetá,ALBANIA,Instituciones Prestadoras de Servicios de Salud - IPS,SI,1
Caquetá,ALBANIA,Profesional Independiente,NO,1
Caquetá,BELÉN DE LOS ANDAQUIES,Instituciones Prestadoras de Servicios de Salud - IPS,SI,1
Caquetá,BELÉN DE LOS ANDAQUIES,Profesional Independiente,NO,1
Caquetá,CARTAGENA DEL CHAIRÁ,Instituciones Prestadoras de Servicios de Salud - IPS,NO,2
Caquetá,CARTAGENA DEL CHAIRÁ,Instituciones Prestadoras de Servicios de Salud - IPS,SI,3
Caquetá,CARTAGENA DEL CHAIRÁ,Profesional Independiente,NO,10
Caquetá,CURILLO,Instituciones Prestadoras de Servicios de Salud - IPS,NO,1
Caquetá,CURILLO,Instituciones Prestadoras de Servicios de Salud - IPS,SI,1
Caquetá,EL DONCELLO,Instituciones Prestadoras de Servicios de Salud - IPS,NO,2
Caquetá,EL DONCELLO,Instituciones Prestadoras de Servicios de Salud - IPS,SI,2
Caquetá,EL DONCELLO,Profesional Independiente,NO,9
Caquetá,EL PAUJIL,Instituciones Prestadoras de Servicios de Salud - IPS,NO,1
Caquetá,EL PAUJIL,Instituciones Prestadoras de Servicios de Salud - IPS,SI,1
Caquetá,EL PAUJIL,Profesional Independiente,NO,4
Caquetá,FLORENCIA,Instituciones Prestadoras de Servicios de Salud - IPS,NO,69
Caquetá,FLORENCIA,Instituciones Prestadoras de Servicios de Salud - IPS,SI,3
Caquetá,FLORENCIA,Objeto Social Diferente a la Prestación de Servicios de Salud,NO,7
Caquetá,FLORENCIA,Profesional Independiente,NO,137
Caquetá,FLORENCIA,Transporte Especial de Pacientes,NO,5
Caquetá,LA MONTAÑITA,Instituciones Prestadoras de Servicios de Salud - IPS,SI,2
Caquetá,MILÁN,Instituciones Prestadoras de Servicios de Salud - IPS,SI,2
Caquetá,MORELIA,Instituciones Prestadoras de Servicios de Salud - IPS,SI,1
Caquetá,PUERTO RICO,Instituciones Prestadoras de Servicios de Salud - IPS,NO,4
Caquetá,PUERTO RICO,Instituciones Prestadoras de Servicios de Salud - IPS,SI,3
Caquetá,PUERTO RICO,Profesional Independiente,NO,4
Caquetá,SAN JOSÉ DEL FRAGUA,Instituciones Prestadoras de Servicios de Salud - IPS,NO,1
Caquetá,SAN JOSÉ DEL FRAGUA,Instituciones Prestadoras de Servicios de Salud - IPS,SI,2
Caquetá,SAN JOSÉ DEL FRAGUA,Profesional Independiente,NO,1
Caquetá,SAN VICENTE DEL CAGUÁN,Instituciones Prestadoras de Servicios de Salud - IPS,NO,6
Caquetá,SAN VICENTE DEL CAGUÁN,Instituciones Prestadoras de Servicios de Salud - IPS,SI,1
Caquetá,SAN VICENTE DEL CAGUÁN,Objeto Social Diferente a la Prestación de Servicios de Salud,NO,1
Caquetá,SAN VICENTE DEL CAGUÁN,Profesional Independiente,NO,15
Caquetá,SAN VICENTE DEL CAGUÁN,Transporte Especial de Pacientes,NO,1
Caquetá,SOLANO,Instituciones Prestadoras de Servicios de Salud - IPS,NO,1
Caquetá,SOLANO,Instituciones Prestadoras de Servicios de Salud - IPS,SI,1
Caquetá,SOLITA,Instituciones Prestadoras de Servicios de Salud - IPS,SI,1
Caquetá,SOLITA,Profesional Independiente,NO,1
Caquetá,VALPARAÍSO,Instituciones Prestadoras de Servicios de Salud - IPS,SI,1
Caquetá,VALPARAÍSO,Profesional Independiente,NO,1
Casanare,AGUAZUL,Instituciones Prestadoras de Servicios de Salud - IPS,NO,14
Casanare,AGUAZUL,Instituciones Prestadoras de Servicios de Salud - IPS,SI,2
Casanare,AGUAZUL,Objeto Social Diferente a la Prestación de Servicios de Salud,NO,1
Casanare,AGUAZUL,Profesional Independiente,NO,25
Casanare,AGUAZUL,Transporte Especial de Pacientes,NO,2
Casanare,CHAMEZA,Instituciones Prestadoras de Servicios de Salud - IPS,SI,1
Casanare,CHAMEZA,Profesional Independiente,NO,1
Casanare,HATO COROZAL,Instituciones Prestadoras de Servicios de Salud - IPS,NO,3
Casanare,HATO COROZAL,Instituciones Prestadoras de Servicios de Salud - IPS,SI,1
Casanare,HATO COROZAL,Profesional Independiente,NO,1
Casanare,LA SALINA,Instituciones Prestadoras de Servicios de Salud - IPS,SI,1
Casanare,MANÍ,Instituciones Prestadoras de Servicios de Salud - IPS,NO,3
Casanare,MANÍ,Instituciones Prestadoras de Servicios de Salud - IPS,SI,1
Casanare,MANÍ,Profesional Independiente,NO,6
Casanare,MONTERREY,Instituciones Prestadoras de Servicios de Salud - IPS,NO,6
Casanare,MONTERREY,Instituciones Prestadoras de Servicios de Salud - IPS,SI,1
Casanare,MONTERREY,Profesional Independiente,NO,7
Casanare,NUNCHÍA,Instituciones Prestadoras de Servicios de Salud - IPS,SI,1
Casanare,NUNCHÍA,Profesional Independiente,NO,1
Casanare,OROCUÉ,Instituciones Prestadoras de Servicios de Salud - IPS,SI,1
Casanare,OROCUÉ,Objeto Social Diferente a la Prestación de Servicios de Salud,NO,1
Casanare,OROCUÉ,Profesional Independiente,NO,1
Casanare,OROCUÉ,Transporte Especial de Pacientes,NO,1
Casanare,PAZ DE ARIPORO,Instituciones Prestadoras de Servicios de Salud - IPS,NO,14
Casanare,PAZ DE ARIPORO,Instituciones Prestadoras de Servicios de Salud - IPS,SI,1
Casanare,PAZ DE ARIPORO,Objeto Social Diferente a la Prestación de Servicios de Salud,NO,1
Casanare,PAZ DE ARIPORO,Profesional Independiente,NO,19
Casanare,PAZ DE ARIPORO,Transporte Especial de Pacientes,NO,2
Casanare,PORE,Instituciones Prestadoras de Servicios de Salud - IPS,NO,1
Casanare,PORE,Instituciones Prestadoras de Servicios de Salud - IPS,SI,1
Casanare,PORE,Profesional Independiente,NO,3
Casanare,RECETOR,Instituciones Prestadoras de Servicios de Salud - IPS,SI,1
Casanare,SABANALARGA,Instituciones Prestadoras de Servicios de Salud - IPS,SI,1
Casanare,SABANALARGA,Profesional Independiente,NO,2
Casanare,SÁCAMA,Instituciones Prestadoras de Servicios de Salud - IPS,SI,1
Casanare,SAN LUIS DE PALENQUE,Instituciones Prestadoras de Servicios de Salud - IPS,SI,1
Casanare,TÁMARA,Instituciones Prestadoras de Servicios de Salud - IPS,NO,1
Casanare,TÁMARA,Instituciones Prestadoras de Servicios de Salud - IPS,SI,1
Casanare,TÁMARA,Profesional Independiente,NO,1
Casanare,TAURAMENA,Instituciones Prestadoras de Servicios de Salud - IPS,NO,4
Casanare,TAURAMENA,Instituciones Prestadoras de Servicios de Salud - IPS,SI,1
Casanare,TAURAMENA,Profesional Independiente,NO,18
Casanare,TAURAMENA,Transporte Especial de Pacientes,NO,1
Casanare,TRINIDAD,Instituciones Prestadoras de Servicios de Salud - IPS,NO,2
Casanare,TRINIDAD,Instituciones Prestadoras de Servicios de Salud - IPS,SI,2
Casanare,TRINIDAD,Profesional Independiente,NO,5
Casanare,VILLANUEVA,Instituciones Prestadoras de Servicios de Salud - IPS,NO,13
Casanare,VILLANUEVA,Instituciones Prestadoras de Servicios de Salud - IPS,SI,1
Casanare,VILLANUEVA,Objeto Social Diferente a la Prestación de Servicios de Salud,NO,1
Casanare,VILLANUEVA,Profesional Independiente,NO,24
Casanare,VILLANUEVA,Transporte Especial de Pacientes,NO,2
Casanare,YOPAL,Instituciones Prestadoras de Servicios de Salud - IPS,NO,121
Casanare,YOPAL,Instituciones Prestadoras de Servicios de Salud - IPS,SI,10
Casanare,YOPAL,Objeto Social Diferente a la Prestación de Servicios de Salud,NO,3
Casanare,YOPAL,Profesional Independiente,NO,195
Casanare,YOPAL,Transporte Especial de Pacientes,NO,9
Cauca,ALMAGUER,Instituciones Prestadoras de Servicios de Salud - IPS,SI,4
Cauca,ARGELIA,Instituciones Prestadoras de Servicios de Salud - IPS,SI,2
Cauca,BALBOA,Instituciones Prestadoras de Servicios de Salud - IPS,NO,3
Cauca,BALBOA,Instituciones Prestadoras de Servicios de Salud - IPS,SI,1
Cauca,BOLÍVAR,Instituciones Prestadoras de Servicios de Salud - IPS,NO,2
Cauca,BOLÍVAR,Instituciones Prestadoras de Servicios de Salud - IPS,SI,6
Cauca,BOLÍVAR,Profesional Independiente,NO,4
Cauca,BUENOS AIRES,Instituciones Prestadoras de Servicios de Salud - IPS,NO,3
Cauca,BUENOS AIRES,Instituciones Prestadoras de Servicios de Salud - IPS,SI,4
Cauca,CAJIBÍO,Instituciones Prestadoras de Servicios de Salud - IPS,NO,1
Cauca,CAJIBÍO,Instituciones Prestadoras de Servicios de Salud - IPS,SI,4
Cauca,CAJIBÍO,Profesional Independiente,NO,2
Cauca,CALDONO,Instituciones Prestadoras de Servicios de Salud - IPS,NO,2
Cauca,CALDONO,Instituciones Prestadoras de Servicios de Salud - IPS,SI,3
Cauca,CALOTO,Instituciones Prestadoras de Servicios de Salud - IPS,NO,2
Cauca,CALOTO,Instituciones Prestadoras de Servicios de Salud - IPS,SI,1
Cauca,CALOTO,Profesional Independiente,NO,3
Cauca,CALOTO,Transporte Especial de Pacientes,NO,1
Cauca,CORINTO,Instituciones Prestadoras de Servicios de Salud - IPS,NO,3
Cauca,CORINTO,Instituciones Prestadoras de Servicios de Salud - IPS,SI,1
Cauca,CORINTO,Profesional Independiente,NO,11
Cauca,CORINTO,Transporte Especial de Pacientes,NO,1
Cauca,EL TAMBO,Instituciones Prestadoras de Servicios de Salud - IPS,SI,10
Cauca,EL TAMBO,Profesional Independiente,NO,9
Cauca,FLORENCIA,Instituciones Prestadoras de Servicios de Salud - IPS,SI,1
Cauca,GUACHENÉ,Instituciones Prestadoras de Servicios de Salud - IPS,NO,1
Cauca,GUACHENÉ,Instituciones Prestadoras de Servicios de Salud - IPS,SI,1
Cauca,GUACHENÉ,Objeto Social Diferente a la Prestación de Servicios de Salud,NO,1
Cauca,GUACHENÉ,Profesional Independiente,NO,2
Cauca,GUACHENÉ,Transporte Especial de Pacientes,NO,1
Cauca,GUAPI,Instituciones Prestadoras de Servicios de Salud - IPS,NO,7
Cauca,GUAPI,Instituciones Prestadoras de Servicios de Salud - IPS,SI,2
Cauca,GUAPI,Profesional Independiente,NO,3
Cauca,INZÁ,Instituciones Prestadoras de Servicios de Salud - IPS,NO,1
Cauca,INZÁ,Instituciones Prestadoras de Servicios de Salud - IPS,SI,2
Cauca,INZÁ,Profesional Independiente,NO,2
Cauca,JAMBALÓ,Instituciones Prestadoras de Servicios de Salud - IPS,NO,1
Cauca,JAMBALÓ,Instituciones Prestadoras de Servicios de Salud - IPS,SI,1
Cauca,LA SIERRA,Instituciones Prestadoras de Servicios de Salud - IPS,SI,1
Cauca,LA VEGA,Instituciones Prestadoras de Servicios de Salud - IPS,NO,1
Cauca,LA VEGA,Instituciones Prestadoras de Servicios de Salud - IPS,SI,4
Cauca,LA VEGA,Profesional Independiente,NO,1
Cauca,LÓPEZ,Instituciones Prestadoras de Servicios de Salud - IPS,SI,6
Cauca,LÓPEZ,Profesional Independiente,NO,1
Cauca,MERCADERES,Instituciones Prestadoras de Servicios de Salud - IPS,NO,3
Cauca,MERCADERES,Instituciones Prestadoras de Servicios de Salud - IPS,SI,2
Cauca,MERCADERES,Profesional Independiente,NO,4
Cauca,MIRANDA,Instituciones Prestadoras de Servicios de Salud - IPS,NO,4
Cauca,MIRANDA,Instituciones Prestadoras de Servicios de Salud - IPS,SI,1
Cauca,MIRANDA,Profesional Independiente,NO,11
Cauca,MIRANDA,Transporte Especial de Pacientes,NO,2
Cauca,MORALES,Instituciones Prestadoras de Servicios de Salud - IPS,NO,2
Cauca,MORALES,Instituciones Prestadoras de Servicios de Salud - IPS,SI,1
Cauca,MORALES,Profesional Independiente,NO,3
Cauca,PADILLA,Instituciones Prestadoras de Servicios de Salud - IPS,SI,1
Cauca,PAEZ,Instituciones Prestadoras de Servicios de Salud - IPS,NO,1
Cauca,PAEZ,Instituciones Prestadoras de Servicios de Salud - IPS,SI,2
Cauca,PAEZ,Profesional Independiente,NO,1
Cauca,PATÍA,Instituciones Prestadoras de Servicios de Salud - IPS,NO,4
Cauca,PATÍA,Instituciones Prestadoras de Servicios de Salud - IPS,SI,1
Cauca,PATÍA,Profesional Independiente,NO,14
Cauca,PIAMONTE,Instituciones Prestadoras de Servicios de Salud - IPS,SI,2
Cauca,PIAMONTE,Profesional Independiente,NO,1
Cauca,PIENDAMÓ,Instituciones Prestadoras de Servicios de Salud - IPS,NO,11
Cauca,PIENDAMÓ,Instituciones Prestadoras de Servicios de Salud - IPS,SI,2
Cauca,PIENDAMÓ,Objeto Social Diferente a la Prestación de Servicios de Salud,NO,1
Cauca,PIENDAMÓ,Profesional Independiente,NO,14
Cauca,POPAYÁN,Instituciones Prestadoras de Servicios de Salud - IPS,NO,224
Cauca,POPAYÁN,Instituciones Prestadoras de Servicios de Salud - IPS,SI,13
Cauca,POPAYÁN,Objeto Social Diferente a la Prestación de Servicios de Salud,NO,16
Cauca,POPAYÁN,Profesional Independiente,NO,393
Cauca,POPAYÁN,Transporte Especial de Pacientes,NO,12
Cauca,PUERTO TEJADA,Instituciones Prestadoras de Servicios de Salud - IPS,NO,12
Cauca,PUERTO TEJADA,Instituciones Prestadoras de Servicios de Salud - IPS,SI,1
Cauca,PUERTO TEJADA,Objeto Social Diferente a la Prestación de Servicios de Salud,NO,3
Cauca,PUERTO TEJADA,Profesional Independiente,NO,13
Cauca,PURACÉ,Instituciones Prestadoras de Servicios de Salud - IPS,SI,3
Cauca,ROSAS,Instituciones Prestadoras de Servicios de Salud - IPS,NO,2
Cauca,ROSAS,Instituciones Prestadoras de Servicios de Salud - IPS,SI,1
Cauca,ROSAS,Profesional Independiente,NO,1
Cauca,SAN SEBASTIÁN,Instituciones Prestadoras de Servicios de Salud - IPS,SI,5
Cauca,SANTANDER DE QUILICHAO,Instituciones Prestadoras de Servicios de Salud - IPS,NO,39
Cauca,SANTANDER DE QUILICHAO,Instituciones Prestadoras de Servicios de Salud - IPS,SI,7
Cauca,SANTANDER DE QUILICHAO,Objeto Social Diferente a la Prestación de Servicios de Salud,NO,3
Cauca,SANTANDER DE QUILICHAO,Profesional Independiente,NO,79
Cauca,SANTANDER DE QUILICHAO,Transporte Especial de Pacientes,NO,3
Cauca,SANTA ROSA,Instituciones Prestadoras de Servicios de Salud - IPS,SI,3
Cauca,SILVIA,Instituciones Prestadoras de Servicios de Salud - IPS,NO,3
Cauca,SILVIA,Instituciones Prestadoras de Servicios de Salud - IPS,SI,1
Cauca,SILVIA,Profesional Independiente,NO,6
Cauca,SOTARA,Instituciones Prestadoras de Servicios de Salud - IPS,NO,1
Cauca,SOTARA,Instituciones Prestadoras de Servicios de Salud - IPS,SI,1
Cauca,SUÁREZ,Instituciones Prestadoras de Servicios de Salud - IPS,SI,1
Cauca,SUÁREZ,Profesional Independiente,NO,1
Cauca,SUCRE,Instituciones Prestadoras de Servicios de Salud - IPS,SI,1
Cauca,TIMBÍO,Instituciones Prestadoras de Servicios de Salud - IPS,NO,4
Cauca,TIMBÍO,Instituciones Prestadoras de Servicios de Salud - IPS,SI,3
Cauca,TIMBÍO,Profesional Independiente,NO,6
Cauca,TIMBIQUÍ,Instituciones Prestadoras de Servicios de Salud - IPS,NO,2
Cauca,TIMBIQUÍ,Instituciones Prestadoras de Servicios de Salud - IPS,SI,9
Cauca,TIMBIQUÍ,Profesional Independiente,NO,2
Cauca,TORIBIO,Instituciones Prestadoras de Servicios de Salud - IPS,NO,2
Cauca,TORIBIO,Instituciones Prestadoras de Servicios de Salud - IPS,SI,2
Cauca,TORIBIO,Profesional Independiente,NO,1
Cauca,TOTORÓ,Instituciones Prestadoras de Servicios de Salud - IPS,NO,2
Cauca,TOTORÓ,Instituciones Prestadoras de Servicios de Salud - IPS,SI,2
Cauca,VILLA RICA,Instituciones Prestadoras de Servicios de Salud - IPS,SI,1
Cauca,VILLA RICA,Objeto Social Diferente a la Prestación de Servicios de Salud,NO,2
Cauca,VILLA RICA,Profesional Independiente,NO,2
Cesar,AGUACHICA,Instituciones Prestadoras de Servicios de Salud - IPS,NO,54
Cesar,AGUACHICA,Instituciones Prestadoras de Servicios de Salud - IPS,SI,13
Cesar,AGUACHICA,Objeto Social Diferente a la Prestación de Servicios de Salud,NO,1
Cesar,AGUACHICA,Profesional Independiente,NO,80
Cesar,AGUACHICA,Transporte Especial de Pacientes,NO,7
Cesar,AGUSTÍN CODAZZI,Instituciones Prestadoras de Servicios de Salud - IPS,NO,15
Cesar,AGUSTÍN CODAZZI,Instituciones Prestadoras de Servicios de Salud - IPS,SI,3
Cesar,AGUSTÍN CODAZZI,Objeto Social Diferente a la Prestación de Servicios de Salud,NO,1
Cesar,AGUSTÍN CODAZZI,Profesional Independiente,NO,15
Cesar,ASTREA,Instituciones Prestadoras de Servicios de Salud - IPS,SI,3
Cesar,ASTREA,Profesional Independiente,NO,5
Cesar,BECERRIL,Instituciones Prestadoras de Servicios de Salud - IPS,NO,2
Cesar,BECERRIL,Instituciones Prestadoras de Servicios de Salud - IPS,SI,3
Cesar,BECERRIL,Profesional Independiente,NO,3
Cesar,BOSCONIA,Instituciones Prestadoras de Servicios de Salud - IPS,NO,11
Cesar,BOSCONIA,Instituciones Prestadoras de Servicios de Salud - IPS,SI,1
Cesar,BOSCONIA,Profesional Independiente,NO,10
Cesar,BOSCONIA,Transporte Especial de Pacientes,NO,1
Cesar,CHIMICHAGUA,Instituciones Prestadoras de Servicios de Salud - IPS,NO,2
Cesar,CHIMICHAGUA,Instituciones Prestadoras de Servicios de Salud - IPS,SI,8
Cesar,CHIMICHAGUA,Objeto Social Diferente a la Prestación de Servicios de Salud,NO,1
Cesar,CHIMICHAGUA,Profesional Independiente,NO,5
Cesar,CHIRIGUANÁ,Instituciones Prestadoras de Servicios de Salud - IPS,NO,6
Cesar,CHIRIGUANÁ,Instituciones Prestadoras de Servicios de Salud - IPS,SI,5
Cesar,CHIRIGUANÁ,Profesional Independiente,NO,8
Cesar,CURUMANÍ,Instituciones Prestadoras de Servicios de Salud - IPS,NO,5
Cesar,CURUMANÍ,Instituciones Prestadoras de Servicios de Salud - IPS,SI,8
Cesar,CURUMANÍ,Profesional Independiente,NO,9
Cesar,EL COPEY,Instituciones Prestadoras de Servicios de Salud - IPS,NO,4
Cesar,EL COPEY,Instituciones Prestadoras de Servicios de Salud - IPS,SI,4
Cesar,EL COPEY,Profesional Independiente,NO,3
Cesar,EL PASO,Instituciones Prestadoras de Servicios de Salud - IPS,NO,6
Cesar,EL PASO,Instituciones Prestadoras de Servicios de Salud - IPS,SI,6
Cesar,EL PASO,Objeto Social Diferente a la Prestación de Servicios de Salud,NO,2
Cesar,EL PASO,Profesional Independiente,NO,6
Cesar,GAMARRA,Instituciones Prestadoras de Servicios de Salud - IPS,SI,4
Cesar,GONZÁLEZ,Instituciones Prestadoras de Servicios de Salud - IPS,SI,2
Cesar,LA GLORIA,Instituciones Prestadoras de Servicios de Salud - IPS,SI,4
Cesar,LA GLORIA,Profesional Independiente,NO,4
Cesar,LA JAGUA DE IBIRICO,Instituciones Prestadoras de Servicios de Salud - IPS,NO,12
Cesar,LA JAGUA DE IBIRICO,Instituciones Prestadoras de Servicios de Salud - IPS,SI,4
Cesar,LA JAGUA DE IBIRICO,Objeto Social Diferente a la Prestación de Servicios de Salud,NO,1
Cesar,LA JAGUA DE IBIRICO,Profesional Independiente,NO,14
Cesar,LA PAZ,Instituciones Prestadoras de Servicios de Salud - IPS,NO,4
Cesar,LA PAZ,Instituciones Prestadoras de Servicios de Salud - IPS,SI,3
Cesar,LA PAZ,Profesional Independiente,NO,3
Cesar,MANAURE,Instituciones Prestadoras de Servicios de Salud - IPS,NO,1
Cesar,MANAURE,Instituciones Prestadoras de Servicios de Salud - IPS,SI,1
Cesar,MANAURE,Profesional Independiente,NO,1
Cesar,PAILITAS,Instituciones Prestadoras de Servicios de Salud - IPS,NO,2
Cesar,PAILITAS,Instituciones Prestadoras de Servicios de Salud - IPS,SI,4
Cesar,PAILITAS,Profesional Independiente,NO,14
Cesar,PELAYA,Instituciones Prestadoras de Servicios de Salud - IPS,NO,1
Cesar,PELAYA,Instituciones Prestadoras de Servicios de Salud - IPS,SI,3
Cesar,PELAYA,Profesional Independiente,NO,5
Cesar,PUEBLO BELLO,Instituciones Prestadoras de Servicios de Salud - IPS,NO,3
Cesar,PUEBLO BELLO,Instituciones Prestadoras de Servicios de Salud - IPS,SI,2
Cesar,PUEBLO BELLO,Profesional Independiente,NO,2
Cesar,RÍO DE ORO,Instituciones Prestadoras de Servicios de Salud - IPS,NO,3
Cesar,RÍO DE ORO,Instituciones Prestadoras de Servicios de Salud - IPS,SI,5
Cesar,RÍO DE ORO,Profesional Independiente,NO,5
Cesar,RÍO DE ORO,Transporte Especial de Pacientes,NO,1
Cesar,SAN ALBERTO,Instituciones Prestadoras de Servicios de Salud - IPS,NO,8
Cesar,SAN ALBERTO,Instituciones Prestadoras de Servicios de Salud - IPS,SI,5
Cesar,SAN ALBERTO,Profesional Independiente,NO,11
Cesar,SAN ALBERTO,Transporte Especial de Pacientes,NO,1
Cesar,SAN DIEGO,Instituciones Prestadoras de Servicios de Salud - IPS,NO,1
Cesar,SAN DIEGO,Instituciones Prestadoras de Servicios de Salud - IPS,SI,8
Cesar,SAN DIEGO,Profesional Independiente,NO,5
Cesar,SAN MARTÍN,Instituciones Prestadoras de Servicios de Salud - IPS,NO,4
Cesar,SAN MARTÍN,Instituciones Prestadoras de Servicios de Salud - IPS,SI,7
Cesar,SAN MARTÍN,Profesional Independiente,NO,5
Cesar,SAN MARTÍN,Transporte Especial de Pacientes,NO,1
Cesar,TAMALAMEQUE,Instituciones Prestadoras de Servicios de Salud - IPS,NO,1
Cesar,TAMALAMEQUE,Instituciones Prestadoras de Servicios de Salud - IPS,SI,7
Cesar,TAMALAMEQUE,Profesional Independiente,NO,3
Cesar,VALLEDUPAR,Instituciones Prestadoras de Servicios de Salud - IPS,NO,298
Cesar,VALLEDUPAR,Instituciones Prestadoras de Servicios de Salud - IPS,SI,32
Cesar,VALLEDUPAR,Objeto Social Diferente a la Prestación de Servicios de Salud,NO,12
Cesar,VALLEDUPAR,Profesional Independiente,NO,422
Cesar,VALLEDUPAR,Transporte Especial de Pacientes,NO,3
Chocó,ACANDÍ,Instituciones Prestadoras de Servicios de Salud - IPS,NO,4
Chocó,ACANDÍ,Profesional Independiente,NO,1
Chocó,ALTO BAUDO,Instituciones Prestadoras de Servicios de Salud - IPS,NO,8
Chocó,ALTO BAUDO,Objeto Social Diferente a la Prestación de Servicios de Salud,NO,1
Chocó,ATRATO,Instituciones Prestadoras de Servicios de Salud - IPS,NO,3
Chocó,ATRATO,Objeto Social Diferente a la Prestación de Servicios de Salud,NO,1
Chocó,BAGADÓ,Instituciones Prestadoras de Servicios de Salud - IPS,NO,4
Chocó,BAHÍA SOLANO,Instituciones Prestadoras de Servicios de Salud - IPS,NO,3
Chocó,BAHÍA SOLANO,Profesional Independiente,NO,5
Chocó,BAJO BAUDÓ,Instituciones Prestadoras de Servicios de Salud - IPS,NO,5
Chocó,BELÉN DE BAJIRÁ,Instituciones Prestadoras de Servicios de Salud - IPS,NO,4
Chocó,BELÉN DE BAJIRÁ,Profesional Independiente,NO,1
Chocó,BOJAYA,Instituciones Prestadoras de Servicios de Salud - IPS,NO,4
Chocó,CARMEN DEL DARIEN,Instituciones Prestadoras de Servicios de Salud - IPS,NO,4
Chocó,CÉRTEGUI,Instituciones Prestadoras de Servicios de Salud - IPS,NO,3
Chocó,CONDOTO,Instituciones Prestadoras de Servicios de Salud - IPS,NO,2
Chocó,CONDOTO,Instituciones Prestadoras de Servicios de Salud - IPS,SI,1
Chocó,CONDOTO,Objeto Social Diferente a la Prestación de Servicios de Salud,NO,3
Chocó,CONDOTO,Profesional Independiente,NO,2
Chocó,EL CANTÓN DEL SAN PABLO,Instituciones Prestadoras de Servicios de Salud - IPS,NO,4
Chocó,EL CANTÓN DEL SAN PABLO,Profesional Independiente,NO,1
Chocó,EL CARMEN DE ATRATO,Instituciones Prestadoras de Servicios de Salud - IPS,NO,1
Chocó,EL CARMEN DE ATRATO,Instituciones Prestadoras de Servicios de Salud - IPS,SI,1
Chocó,EL CARMEN DE ATRATO,Profesional Independiente,NO,1
Chocó,EL LITORAL DEL SAN JUAN,Instituciones Prestadoras de Servicios de Salud - IPS,NO,5
Chocó,ISTMINA,Instituciones Prestadoras de Servicios de Salud - IPS,NO,17
Chocó,ISTMINA,Instituciones Prestadoras de Servicios de Salud - IPS,SI,1
Chocó,ISTMINA,Objeto Social Diferente a la Prestación de Servicios de Salud,NO,3
Chocó,ISTMINA,Profesional Independiente,NO,20
Chocó,JURADÓ,Instituciones Prestadoras de Servicios de Salud - IPS,NO,2
Chocó,LLORÓ,Instituciones Prestadoras de Servicios de Salud - IPS,NO,3
Chocó,MEDIO ATRATO,Instituciones Prestadoras de Servicios de Salud - IPS,NO,3
Chocó,MEDIO BAUDÓ,Instituciones Prestadoras de Servicios de Salud - IPS,NO,4
Chocó,MEDIO SAN JUAN,Instituciones Prestadoras de Servicios de Salud - IPS,NO,3
Chocó,NÓVITA,Instituciones Prestadoras de Servicios de Salud - IPS,NO,2
Chocó,NÓVITA,Objeto Social Diferente a la Prestación de Servicios de Salud,NO,1
Chocó,NUEVO BELÉN DE BAJIRÁ,Instituciones Prestadoras de Servicios de Salud - IPS,NO,5
Chocó,NUEVO BELÉN DE BAJIRÁ,Profesional Independiente,NO,2
Chocó,NUQUÍ,Instituciones Prestadoras de Servicios de Salud - IPS,NO,3
Chocó,QUIBDÓ,Instituciones Prestadoras de Servicios de Salud - IPS,NO,113
Chocó,QUIBDÓ,Instituciones Prestadoras de Servicios de Salud - IPS,SI,33
Chocó,QUIBDÓ,Objeto Social Diferente a la Prestación de Servicios de Salud,NO,24
Chocó,QUIBDÓ,Profesional Independiente,NO,51
Chocó,QUIBDÓ,Transporte Especial de Pacientes,NO,1
Chocó,RÍO IRO,Instituciones Prestadoras de Servicios de Salud - IPS,NO,3
Chocó,RÍO IRO,Objeto Social Diferente a la Prestación de Servicios de Salud,NO,1
Chocó,RÍO QUITO,Instituciones Prestadoras de Servicios de Salud - IPS,NO,2
Chocó,RIOSUCIO,Instituciones Prestadoras de Servicios de Salud - IPS,NO,7
Chocó,RIOSUCIO,Profesional Independiente,NO,3
Chocó,SAN JOSÉ DEL PALMAR,Instituciones Prestadoras de Servicios de Salud - IPS,NO,2
Chocó,SIPÍ,Instituciones Prestadoras de Servicios de Salud - IPS,NO,2
Chocó,SIPÍ,Objeto Social Diferente a la Prestación de Servicios de Salud,NO,1
Chocó,TADÓ,Instituciones Prestadoras de Servicios de Salud - IPS,NO,6
Chocó,TADÓ,Instituciones Prestadoras de Servicios de Salud - IPS,SI,5
Chocó,TADÓ,Profesional Independiente,NO,5
Chocó,UNGUÍA,Instituciones Prestadoras de Servicios de Salud - IPS,NO,3
Chocó,UNGUÍA,Profesional Independiente,NO,1
Chocó,UNIÓN PANAMERICANA,Instituciones Prestadoras de Servicios de Salud - IPS,NO,5
Chocó,UNIÓN PANAMERICANA,Profesional Independiente,NO,1
Córdoba,AYAPEL,Instituciones Prestadoras de Servicios de Salud - IPS,NO,7
Córdoba,AYAPEL,Instituciones Prestadoras de Servicios de Salud - IPS,SI,1
Córdoba,AYAPEL,Profesional Independiente,NO,1
Córdoba,BUENAVISTA,Instituciones Prestadoras de Servicios de Salud - IPS,NO,3
Córdoba,BUENAVISTA,Instituciones Prestadoras de Servicios de Salud - IPS,SI,2
Córdoba,BUENAVISTA,Profesional Independiente,NO,1
Córdoba,CANALETE,Instituciones Prestadoras de Servicios de Salud - IPS,NO,1
Córdoba,CANALETE,Instituciones Prestadoras de Servicios de Salud - IPS,SI,2
Córdoba,CERETÉ,Instituciones Prestadoras de Servicios de Salud - IPS,NO,29
Córdoba,CERETÉ,Instituciones Prestadoras de Servicios de Salud - IPS,SI,11
Córdoba,CERETÉ,Objeto Social Diferente a la Prestación de Servicios de Salud,NO,1
Córdoba,CERETÉ,Profesional Independiente,NO,18
Córdoba,CHIMÁ,Instituciones Prestadoras de Servicios de Salud - IPS,NO,1
Córdoba,CHIMÁ,Instituciones Prestadoras de Servicios de Salud - IPS,SI,1
Córdoba,CHIMÁ,Profesional Independiente,NO,1
Córdoba,CHINÚ,Instituciones Prestadoras de Servicios de Salud - IPS,NO,10
Córdoba,CHINÚ,Instituciones Prestadoras de Servicios de Salud - IPS,SI,6
Córdoba,CHINÚ,Profesional Independiente,NO,15
Córdoba,CIÉNAGA DE ORO,Instituciones Prestadoras de Servicios de Salud - IPS,NO,8
Córdoba,CIÉNAGA DE ORO,Instituciones Prestadoras de Servicios de Salud - IPS,SI,8
Córdoba,CIÉNAGA DE ORO,Objeto Social Diferente a la Prestación de Servicios de Salud,NO,1
Córdoba,CIÉNAGA DE ORO,Profesional Independiente,NO,9
Córdoba,COTORRA,Instituciones Prestadoras de Servicios de Salud - IPS,NO,2
Córdoba,COTORRA,Instituciones Prestadoras de Servicios de Salud - IPS,SI,1
Córdoba,COTORRA,Profesional Independiente,NO,1
Córdoba,LA APARTADA,Instituciones Prestadoras de Servicios de Salud - IPS,SI,1
Córdoba,LA APARTADA,Profesional Independiente,NO,1
Córdoba,LORICA,Instituciones Prestadoras de Servicios de Salud - IPS,NO,34
Córdoba,LORICA,Instituciones Prestadoras de Servicios de Salud - IPS,SI,13
Córdoba,LORICA,Objeto Social Diferente a la Prestación de Servicios de Salud,NO,1
Córdoba,LORICA,Profesional Independiente,NO,30
Córdoba,LORICA,Transporte Especial de Pacientes,NO,1
Córdoba,LOS CÓRDOBAS,Instituciones Prestadoras de Servicios de Salud - IPS,SI,1
Córdoba,LOS CÓRDOBAS,Profesional Independiente,NO,1
Córdoba,MOMIL,Instituciones Prestadoras de Servicios de Salud - IPS,NO,3
Córdoba,MOMIL,Instituciones Prestadoras de Servicios de Salud - IPS,SI,6
Córdoba,MOMIL,Profesional Independiente,NO,3
Córdoba,MOÑITOS,Instituciones Prestadoras de Servicios de Salud - IPS,NO,1
Córdoba,MOÑITOS,Instituciones Prestadoras de Servicios de Salud - IPS,SI,3
Córdoba,MOÑITOS,Profesional Independiente,NO,2
Córdoba,MONTELÍBANO,Instituciones Prestadoras de Servicios de Salud - IPS,NO,32
Córdoba,MONTELÍBANO,Instituciones Prestadoras de Servicios de Salud - IPS,SI,4
Córdoba,MONTELÍBANO,Objeto Social Diferente a la Prestación de Servicios de Salud,NO,1
Córdoba,MONTELÍBANO,Profesional Independiente,NO,26
Córdoba,MONTERÍA,Instituciones Prestadoras de Servicios de Salud - IPS,NO,342
Córdoba,MONTERÍA,Instituciones Prestadoras de Servicios de Salud - IPS,SI,49
Córdoba,MONTERÍA,Objeto Social Diferente a la Prestación de Servicios de Salud,NO,15
Córdoba,MONTERÍA,Profesional Independiente,NO,376
Córdoba,MONTERÍA,Transporte Especial de Pacientes,NO,2
Córdoba,PLANETA RICA,Instituciones Prestadoras de Servicios de Salud - IPS,NO,18
Córdoba,PLANETA RICA,Instituciones Prestadoras de Servicios de Salud - IPS,SI,9
Córdoba,PLANETA RICA,Objeto Social Diferente a la Prestación de Servicios de Salud,NO,1
Córdoba,PLANETA RICA,Profesional Independiente,NO,34
Córdoba,PUEBLO NUEVO,Instituciones Prestadoras de Servicios de Salud - IPS,NO,7
Córdoba,PUEBLO NUEVO,Instituciones Prestadoras de Servicios de Salud - IPS,SI,10
Córdoba,PUEBLO NUEVO,Profesional Independiente,NO,4
Córdoba,PUEBLO NUEVO,Transporte Especial de Pacientes,NO,1
Córdoba,PUERTO ESCONDIDO,Instituciones Prestadoras de Servicios de Salud - IPS,NO,3
Córdoba,PUERTO ESCONDIDO,Instituciones Prestadoras de Servicios de Salud - IPS,SI,2
Córdoba,PUERTO ESCONDIDO,Profesional Independiente,NO,2
Córdoba,PUERTO LIBERTADOR,Instituciones Prestadoras de Servicios de Salud - IPS,NO,8
Córdoba,PUERTO LIBERTADOR,Instituciones Prestadoras de Servicios de Salud - IPS,SI,2
Córdoba,PUERTO LIBERTADOR,Profesional Independiente,NO,5
Córdoba,PURÍSIMA,Instituciones Prestadoras de Servicios de Salud - IPS,NO,2
Córdoba,PURÍSIMA,Instituciones Prestadoras de Servicios de Salud - IPS,SI,6
Córdoba,PURÍSIMA,Profesional Independiente,NO,3
Córdoba,SAHAGÚN,Instituciones Prestadoras de Servicios de Salud - IPS,NO,29
Córdoba,SAHAGÚN,Instituciones Prestadoras de Servicios de Salud - IPS,SI,33
Córdoba,SAHAGÚN,Objeto Social Diferente a la Prestación de Servicios de Salud,NO,3
Córdoba,SAHAGÚN,Profesional Independiente,NO,53
Córdoba,SAN ANDRÉS SOTAVENTO,Instituciones Prestadoras de Servicios de Salud - IPS,NO,10
Córdoba,SAN ANDRÉS SOTAVENTO,Instituciones Prestadoras de Servicios de Salud - IPS,SI,3
Córdoba,SAN ANDRÉS SOTAVENTO,Profesional Independiente,NO,3
Córdoba,SAN ANTERO,Instituciones Prestadoras de Servicios de Salud - IPS,NO,2
Córdoba,SAN ANTERO,Instituciones Prestadoras de Servicios de Salud - IPS,SI,1
Córdoba,SAN ANTERO,Profesional Independiente,NO,1
Córdoba,SAN BERNARDO DEL VIENTO,Instituciones Prestadoras de Servicios de Salud - IPS,NO,6
Córdoba,SAN BERNARDO DEL VIENTO,Instituciones Prestadoras de Servicios de Salud - IPS,SI,10
Córdoba,SAN BERNARDO DEL VIENTO,Profesional Independiente,NO,4
Córdoba,SAN CARLOS,Instituciones Prestadoras de Servicios de Salud - IPS,NO,1
Córdoba,SAN CARLOS,Instituciones Prestadoras de Servicios de Salud - IPS,SI,2
Córdoba,SAN JOSE DE URÉ,Instituciones Prestadoras de Servicios de Salud - IPS,NO,1
Córdoba,SAN PELAYO,Instituciones Prestadoras de Servicios de Salud - IPS,NO,6
Córdoba,SAN PELAYO,Instituciones Prestadoras de Servicios de Salud - IPS,SI,12
Córdoba,SAN PELAYO,Objeto Social Diferente a la Prestación de Servicios de Salud,NO,1
Córdoba,SAN PELAYO,Profesional Independiente,NO,2
Córdoba,TIERRALTA,Instituciones Prestadoras de Servicios de Salud - IPS,NO,16
Córdoba,TIERRALTA,Instituciones Prestadoras de Servicios de Salud - IPS,SI,7
Córdoba,TIERRALTA,Profesional Independiente,NO,5
Córdoba,TUCHÍN,Instituciones Prestadoras de Servicios de Salud - IPS,NO,7
Córdoba,VALENCIA,Instituciones Prestadoras de Servicios de Salud - IPS,NO,5
Córdoba,VALENCIA,Instituciones Prestadoras de Servicios de Salud - IPS,SI,9
Córdoba,VALENCIA,Profesional Independiente,NO,2
Cundinamarca,AGUA DE DIOS,Instituciones Prestadoras de Servicios de Salud - IPS,SI,2
Cundinamarca,AGUA DE DIOS,Profesional Independiente,NO,1
Cundinamarca,ALBÁN,Instituciones Prestadoras de Servicios de Salud - IPS,SI,1
Cundinamarca,ANAPOIMA,Instituciones Prestadoras de Servicios de Salud - IPS,NO,2
Cundinamarca,ANAPOIMA,Instituciones Prestadoras de Servicios de Salud - IPS,SI,3
Cundinamarca,ANAPOIMA,Profesional Independiente,NO,12
Cundinamarca,ANOLAIMA,Instituciones Prestadoras de Servicios de Salud - IPS,SI,2
Cundinamarca,ANOLAIMA,Profesional Independiente,NO,5
Cundinamarca,APULO,Instituciones Prestadoras de Servicios de Salud - IPS,NO,1
Cundinamarca,APULO,Instituciones Prestadoras de Servicios de Salud - IPS,SI,1
Cundinamarca,APULO,Profesional Independiente,NO,1
Cundinamarca,ARBELÁEZ,Instituciones Prestadoras de Servicios de Salud - IPS,NO,1
Cundinamarca,ARBELÁEZ,Instituciones Prestadoras de Servicios de Salud - IPS,SI,1
Cundinamarca,ARBELÁEZ,Objeto Social Diferente a la Prestación de Servicios de Salud,NO,1
Cundinamarca,ARBELÁEZ,Profesional Independiente,NO,3
Cundinamarca,BELTRÁN,Instituciones Prestadoras de Servicios de Salud - IPS,SI,2
Cundinamarca,BITUIMA,Instituciones Prestadoras de Servicios de Salud - IPS,SI,1
Cundinamarca,BOJACÁ,Instituciones Prestadoras de Servicios de Salud - IPS,SI,1
Cundinamarca,BOJACÁ,Profesional Independiente,NO,3
Cundinamarca,CABRERA,Instituciones Prestadoras de Servicios de Salud - IPS,SI,1
Cundinamarca,CACHIPAY,Instituciones Prestadoras de Servicios de Salud - IPS,SI,2
Cundinamarca,CACHIPAY,Profesional Independiente,NO,4
Cundinamarca,CAJICÁ,Instituciones Prestadoras de Servicios de Salud - IPS,NO,59
Cundinamarca,CAJICÁ,Instituciones Prestadoras de Servicios de Salud - IPS,SI,1
Cundinamarca,CAJICÁ,Objeto Social Diferente a la Prestación de Servicios de Salud,NO,5
Cundinamarca,CAJICÁ,Profesional Independiente,NO,319
Cundinamarca,CAJICÁ,Transporte Especial de Pacientes,NO,1
Cundinamarca,CAPARRAPÍ,Instituciones Prestadoras de Servicios de Salud - IPS,NO,1
Cundinamarca,CAPARRAPÍ,Instituciones Prestadoras de Servicios de Salud - IPS,SI,1
Cundinamarca,CAPARRAPÍ,Profesional Independiente,NO,4
Cundinamarca,CAQUEZA,Instituciones Prestadoras de Servicios de Salud - IPS,NO,2
Cundinamarca,CAQUEZA,Instituciones Prestadoras de Servicios de Salud - IPS,SI,1
Cundinamarca,CAQUEZA,Profesional Independiente,NO,19
Cundinamarca,CARMEN DE CARUPA,Instituciones Prestadoras de Servicios de Salud - IPS,SI,1
Cundinamarca,CARMEN DE CARUPA,Profesional Independiente,NO,2
Cundinamarca,CHAGUANÍ,Instituciones Prestadoras de Servicios de Salud - IPS,SI,1
Cundinamarca,CHAGUANÍ,Profesional Independiente,NO,1
Cundinamarca,CHÍA,Instituciones Prestadoras de Servicios de Salud - IPS,NO,115
Cundinamarca,CHÍA,Instituciones Prestadoras de Servicios de Salud - IPS,SI,1
Cundinamarca,CHÍA,Objeto Social Diferente a la Prestación de Servicios de Salud,NO,20
Cundinamarca,CHÍA,Profesional Independiente,NO,350
Cundinamarca,CHÍA,Transporte Especial de Pacientes,NO,2
Cundinamarca,CHIPAQUE,Instituciones Prestadoras de Servicios de Salud - IPS,SI,1
Cundinamarca,CHIPAQUE,Objeto Social Diferente a la Prestación de Servicios de Salud,NO,1
Cundinamarca,CHIPAQUE,Profesional Independiente,NO,3
Cundinamarca,CHOACHÍ,Instituciones Prestadoras de Servicios de Salud - IPS,NO,2
Cundinamarca,CHOACHÍ,Instituciones Prestadoras de Servicios de Salud - IPS,SI,1
Cundinamarca,CHOACHÍ,Profesional Independiente,NO,8
Cundinamarca,CHOCONTÁ,Instituciones Prestadoras de Servicios de Salud - IPS,NO,4
Cundinamarca,CHOCONTÁ,Instituciones Prestadoras de Servicios de Salud - IPS,SI,1
Cundinamarca,CHOCONTÁ,Profesional Independiente,NO,10
Cundinamarca,COGUA,Instituciones Prestadoras de Servicios de Salud - IPS,SI,1
Cundinamarca,COGUA,Objeto Social Diferente a la Prestación de Servicios de Salud,NO,1
Cundinamarca,COGUA,Profesional Independiente,NO,13
Cundinamarca,COTA,Instituciones Prestadoras de Servicios de Salud - IPS,NO,8
Cundinamarca,COTA,Instituciones Prestadoras de Servicios de Salud - IPS,SI,1
Cundinamarca,COTA,Objeto Social Diferente a la Prestación de Servicios de Salud,NO,3
Cundinamarca,COTA,Profesional Independiente,NO,46
Cundinamarca,CUCUNUBÁ,Instituciones Prestadoras de Servicios de Salud - IPS,SI,1
Cundinamarca,CUCUNUBÁ,Profesional Independiente,NO,1
Cundinamarca,EL COLEGIO,Instituciones Prestadoras de Servicios de Salud - IPS,NO,5
Cundinamarca,EL COLEGIO,Instituciones Prestadoras de Servicios de Salud - IPS,SI,4
Cundinamarca,EL COLEGIO,Profesional Independiente,NO,16
Cundinamarca,EL PEÑÓN,Instituciones Prestadoras de Servicios de Salud - IPS,SI,1
Cundinamarca,EL ROSAL,Instituciones Prestadoras de Servicios de Salud - IPS,NO,2
Cundinamarca,EL ROSAL,Instituciones Prestadoras de Servicios de Salud - IPS,SI,1
Cundinamarca,EL ROSAL,Profesional Independiente,NO,19
Cundinamarca,FACATATIVÁ,Instituciones Prestadoras de Servicios de Salud - IPS,NO,36
Cundinamarca,FACATATIVÁ,Instituciones Prestadoras de Servicios de Salud - IPS,SI,3
Cundinamarca,FACATATIVÁ,Objeto Social Diferente a la Prestación de Servicios de Salud,NO,9
Cundinamarca,FACATATIVÁ,Profesional Independiente,NO,126
Cundinamarca,FOMEQUE,Instituciones Prestadoras de Servicios de Salud - IPS,SI,1
Cundinamarca,FOMEQUE,Profesional Independiente,NO,6
Cundinamarca,FOSCA,Instituciones Prestadoras de Servicios de Salud - IPS,SI,2
Cundinamarca,FUNZA,Instituciones Prestadoras de Servicios de Salud - IPS,NO,31
Cundinamarca,FUNZA,Instituciones Prestadoras de Servicios de Salud - IPS,SI,3
Cundinamarca,FUNZA,Objeto Social Diferente a la Prestación de Servicios de Salud,NO,2
Cundinamarca,FUNZA,Profesional Independiente,NO,115
Cundinamarca,FUNZA,Transporte Especial de Pacientes,NO,1
Cundinamarca,FÚQUENE,Instituciones Prestadoras de Servicios de Salud - IPS,SI,2
Cundinamarca,FUSAGASUGÁ,Instituciones Prestadoras de Servicios de Salud - IPS,NO,58
Cundinamarca,FUSAGASUGÁ,Instituciones Prestadoras de Servicios de Salud - IPS,SI,10
Cundinamarca,FUSAGASUGÁ,Objeto Social Diferente a la Prestación de Servicios de Salud,NO,8
Cundinamarca,FUSAGASUGÁ,Profesional Independiente,NO,170
Cundinamarca,GACHALA,Instituciones Prestadoras de Servicios de Salud - IPS,SI,1
Cundinamarca,GACHANCIPÁ,Instituciones Prestadoras de Servicios de Salud - IPS,NO,1
Cundinamarca,GACHANCIPÁ,Instituciones Prestadoras de Servicios de Salud - IPS,SI,1
Cundinamarca,GACHANCIPÁ,Profesional Independiente,NO,10
Cundinamarca,GACHETÁ,Instituciones Prestadoras de Servicios de Salud - IPS,SI,1
Cundinamarca,GACHETÁ,Profesional Independiente,NO,6
Cundinamarca,GAMA,Instituciones Prestadoras de Servicios de Salud - IPS,SI,1
Cundinamarca,GIRARDOT,Instituciones Prestadoras de Servicios de Salud - IPS,NO,66
Cundinamarca,GIRARDOT,Instituciones Prestadoras de Servicios de Salud - IPS,SI,3
Cundinamarca,GIRARDOT,Objeto Social Diferente a la Prestación de Servicios de Salud,NO,7
Cundinamarca,GIRARDOT,Profesional Independiente,NO,97
Cundinamarca,GIRARDOT,Transporte Especial de Pacientes,NO,5
Cundinamarca,GRANADA,Instituciones Prestadoras de Servicios de Salud - IPS,SI,1
Cundinamarca,GUACHETÁ,Instituciones Prestadoras de Servicios de Salud - IPS,NO,1
Cundinamarca,GUACHETÁ,Instituciones Prestadoras de Servicios de Salud - IPS,SI,1
Cundinamarca,GUACHETÁ,Profesional Independiente,NO,1
Cundinamarca,GUADUAS,Instituciones Prestadoras de Servicios de Salud - IPS,NO,3
Cundinamarca,GUADUAS,Instituciones Prestadoras de Servicios de Salud - IPS,SI,2
Cundinamarca,GUADUAS,Profesional Independiente,NO,15
Cundinamarca,GUASCA,Instituciones Prestadoras de Servicios de Salud - IPS,NO,1
Cundinamarca,GUASCA,Instituciones Prestadoras de Servicios de Salud - IPS,SI,1
Cundinamarca,GUASCA,Profesional Independiente,NO,31
Cundinamarca,GUATAQUÍ,Instituciones Prestadoras de Servicios de Salud - IPS,SI,1
Cundinamarca,GUATAVITA,Instituciones Prestadoras de Servicios de Salud - IPS,NO,1
Cundinamarca,GUATAVITA,Instituciones Prestadoras de Servicios de Salud - IPS,SI,1
Cundinamarca,GUATAVITA,Profesional Independiente,NO,9
Cundinamarca,GUAYABAL DE SIQUIMA,Instituciones Prestadoras de Servicios de Salud - IPS,SI,1
Cundinamarca,GUAYABETAL,Instituciones Prestadoras de Servicios de Salud - IPS,SI,1
Cundinamarca,GUTIÉRREZ,Instituciones Prestadoras de Servicios de Salud - IPS,SI,1
Cundinamarca,JERUSALÉN,Instituciones Prestadoras de Servicios de Salud - IPS,SI,1
Cundinamarca,JUNÍN,Instituciones Prestadoras de Servicios de Salud - IPS,SI,1
Cundinamarca,JUNÍN,Profesional Independiente,NO,2
Cundinamarca,LA CALERA,Instituciones Prestadoras de Servicios de Salud - IPS,NO,5
Cundinamarca,LA CALERA,Instituciones Prestadoras de Servicios de Salud - IPS,SI,1
Cundinamarca,LA CALERA,Profesional Independiente,NO,25
Cundinamarca,LA MESA,Instituciones Prestadoras de Servicios de Salud - IPS,NO,12
Cundinamarca,LA MESA,Instituciones Prestadoras de Servicios de Salud - IPS,SI,4
Cundinamarca,LA MESA,Objeto Social Diferente a la Prestación de Servicios de Salud,NO,2
Cundinamarca,LA MESA,Profesional Independiente,NO,40
Cundinamarca,LA PALMA,Instituciones Prestadoras de Servicios de Salud - IPS,SI,1
Cundinamarca,LA PALMA,Profesional Independiente,NO,2
Cundinamarca,LA PEÑA,Instituciones Prestadoras de Servicios de Salud - IPS,NO,1
Cundinamarca,LA PEÑA,Instituciones Prestadoras de Servicios de Salud - IPS,SI,1
Cundinamarca,LA PEÑA,Profesional Independiente,NO,3
Cundinamarca,LA VEGA,Instituciones Prestadoras de Servicios de Salud - IPS,NO,3
Cundinamarca,LA VEGA,Instituciones Prestadoras de Servicios de Salud - IPS,SI,1
Cundinamarca,LA VEGA,Profesional Independiente,NO,21
Cundinamarca,LENGUAZAQUE,Instituciones Prestadoras de Servicios de Salud - IPS,SI,1
Cundinamarca,LENGUAZAQUE,Profesional Independiente,NO,2
Cundinamarca,MACHETA,Instituciones Prestadoras de Servicios de Salud - IPS,SI,1
Cundinamarca,MACHETA,Profesional Independiente,NO,6
Cundinamarca,MADRID,Instituciones Prestadoras de Servicios de Salud - IPS,NO,25
Cundinamarca,MADRID,Instituciones Prestadoras de Servicios de Salud - IPS,SI,3
Cundinamarca,MADRID,Objeto Social Diferente a la Prestación de Servicios de Salud,NO,4
Cundinamarca,MADRID,Profesional Independiente,NO,66
Cundinamarca,MANTA,Instituciones Prestadoras de Servicios de Salud - IPS,SI,1
Cundinamarca,MANTA,Profesional Independiente,NO,1
Cundinamarca,MEDINA,Instituciones Prestadoras de Servicios de Salud - IPS,SI,1
Cundinamarca,MEDINA,Profesional Independiente,NO,1
Cundinamarca,MOSQUERA,Instituciones Prestadoras de Servicios de Salud - IPS,NO,20
Cundinamarca,MOSQUERA,Instituciones Prestadoras de Servicios de Salud - IPS,SI,3
Cundinamarca,MOSQUERA,Objeto Social Diferente a la Prestación de Servicios de Salud,NO,8
Cundinamarca,MOSQUERA,Profesional Independiente,NO,166
Cundinamarca,NARIÑO,Instituciones Prestadoras de Servicios de Salud - IPS,SI,1
Cundinamarca,NEMOCÓN,Instituciones Prestadoras de Servicios de Salud - IPS,SI,1
Cundinamarca,NEMOCÓN,Profesional Independiente,NO,8
Cundinamarca,NILO,Instituciones Prestadoras de Servicios de Salud - IPS,NO,1
Cundinamarca,NILO,Instituciones Prestadoras de Servicios de Salud - IPS,SI,1
Cundinamarca,NILO,Profesional Independiente,NO,3
Cundinamarca,NIMAIMA,Instituciones Prestadoras de Servicios de Salud - IPS,SI,1
Cundinamarca,NOCAIMA,Instituciones Prestadoras de Servicios de Salud - IPS,SI,1
Cundinamarca,NOCAIMA,Profesional Independiente,NO,3
Cundinamarca,PACHO,Instituciones Prestadoras de Servicios de Salud - IPS,NO,4
Cundinamarca,PACHO,Instituciones Prestadoras de Servicios de Salud - IPS,SI,2
Cundinamarca,PACHO,Profesional Independiente,NO,19
Cundinamarca,PAIME,Instituciones Prestadoras de Servicios de Salud - IPS,SI,2
Cundinamarca,PANDI,Instituciones Prestadoras de Servicios de Salud - IPS,SI,1
Cundinamarca,PARATEBUENO,Instituciones Prestadoras de Servicios de Salud - IPS,SI,2
Cundinamarca,PARATEBUENO,Profesional Independiente,NO,2
Cundinamarca,PASCA,Instituciones Prestadoras de Servicios de Salud - IPS,SI,1
Cundinamarca,PUERTO SALGAR,Instituciones Prestadoras de Servicios de Salud - IPS,NO,2
Cundinamarca,PUERTO SALGAR,Instituciones Prestadoras de Servicios de Salud - IPS,SI,3
Cundinamarca,PUERTO SALGAR,Profesional Independiente,NO,1
Cundinamarca,PUERTO SALGAR,Transporte Especial de Pacientes,NO,1
Cundinamarca,PULÍ,Instituciones Prestadoras de Servicios de Salud - IPS,SI,3
Cundinamarca,QUEBRADANEGRA,Instituciones Prestadoras de Servicios de Salud - IPS,SI,3
Cundinamarca,QUETAME,Instituciones Prestadoras de Servicios de Salud - IPS,SI,2
Cundinamarca,QUIPILE,Instituciones Prestadoras de Servicios de Salud - IPS,SI,5
Cundinamarca,QUIPILE,Profesional Independiente,NO,1
Cundinamarca,RICAURTE,Instituciones Prestadoras de Servicios de Salud - IPS,NO,2
Cundinamarca,RICAURTE,Instituciones Prestadoras de Servicios de Salud - IPS,SI,1
Cundinamarca,SAN ANTONIO DEL TEQUENDAMA,Instituciones Prestadoras de Servicios de Salud - IPS,NO,2
Cundinamarca,SAN ANTONIO DEL TEQUENDAMA,Instituciones Prestadoras de Servicios de Salud - IPS,SI,2
Cundinamarca,SAN ANTONIO DEL TEQUENDAMA,Profesional Independiente,NO,1
Cundinamarca,SAN BERNARDO,Instituciones Prestadoras de Servicios de Salud - IPS,SI,1
Cundinamarca,SAN CAYETANO,Instituciones Prestadoras de Servicios de Salud - IPS,SI,1
Cundinamarca,SAN FRANCISCO,Instituciones Prestadoras de Servicios de Salud - IPS,SI,1
Cundinamarca,SAN FRANCISCO,Profesional Independiente,NO,6
Cundinamarca,SAN JUAN DE RÍO SECO,Instituciones Prestadoras de Servicios de Salud - IPS,SI,3
Cundinamarca,SASAIMA,Instituciones Prestadoras de Servicios de Salud - IPS,SI,1
Cundinamarca,SASAIMA,Objeto Social Diferente a la Prestación de Servicios de Salud,NO,1
Cundinamarca,SASAIMA,Profesional Independiente,NO,2
Cundinamarca,SESQUILÉ,Instituciones Prestadoras de Servicios de Salud - IPS,NO,1
Cundinamarca,SESQUILÉ,Instituciones Prestadoras de Servicios de Salud - IPS,SI,1
Cundinamarca,SESQUILÉ,Profesional Independiente,NO,4
Cundinamarca,SIBATÉ,Instituciones Prestadoras de Servicios de Salud - IPS,NO,3
Cundinamarca,SIBATÉ,Instituciones Prestadoras de Servicios de Salud - IPS,SI,2
Cundinamarca,SIBATÉ,Objeto Social Diferente a la Prestación de Servicios de Salud,NO,3
Cundinamarca,SIBATÉ,Profesional Independiente,NO,12
Cundinamarca,SILVANIA,Instituciones Prestadoras de Servicios de Salud - IPS,SI,3
Cundinamarca,SILVANIA,Profesional Independiente,NO,4
Cundinamarca,SIMIJACA,Instituciones Prestadoras de Servicios de Salud - IPS,SI,1
Cundinamarca,SIMIJACA,Objeto Social Diferente a la Prestación de Servicios de Salud,NO,1
Cundinamarca,SIMIJACA,Profesional Independiente,NO,9
Cundinamarca,SOACHA,Instituciones Prestadoras de Servicios de Salud - IPS,NO,65
Cundinamarca,SOACHA,Instituciones Prestadoras de Servicios de Salud - IPS,SI,13
Cundinamarca,SOACHA,Objeto Social Diferente a la Prestación de Servicios de Salud,NO,23
Cundinamarca,SOACHA,Profesional Independiente,NO,323
Cundinamarca,SOACHA,Transporte Especial de Pacientes,NO,2
Cundinamarca,SOPÓ,Instituciones Prestadoras de Servicios de Salud - IPS,NO,7
Cundinamarca,SOPÓ,Instituciones Prestadoras de Servicios de Salud - IPS,SI,1
Cundinamarca,SOPÓ,Objeto Social Diferente a la Prestación de Servicios de Salud,NO,1
Cundinamarca,SOPÓ,Profesional Independiente,NO,39
Cundinamarca,SOPÓ,Transporte Especial de Pacientes,NO,1
Cundinamarca,SUBACHOQUE,Instituciones Prestadoras de Servicios de Salud - IPS,NO,2
Cundinamarca,SUBACHOQUE,Instituciones Prestadoras de Servicios de Salud - IPS,SI,2
Cundinamarca,SUBACHOQUE,Profesional Independiente,NO,14
Cundinamarca,SUESCA,Instituciones Prestadoras de Servicios de Salud - IPS,NO,2
Cundinamarca,SUESCA,Instituciones Prestadoras de Servicios de Salud - IPS,SI,1
Cundinamarca,SUESCA,Profesional Independiente,NO,6
Cundinamarca,SUPATÁ,Instituciones Prestadoras de Servicios de Salud - IPS,SI,1
Cundinamarca,SUPATÁ,Profesional Independiente,NO,4
Cundinamarca,SUSA,Instituciones Prestadoras de Servicios de Salud - IPS,SI,1
Cundinamarca,SUSA,Profesional Independiente,NO,6
Cundinamarca,SUTATAUSA,Instituciones Prestadoras de Servicios de Salud - IPS,SI,1
Cundinamarca,SUTATAUSA,Profesional Independiente,NO,2
Cundinamarca,TABIO,Instituciones Prestadoras de Servicios de Salud - IPS,NO,2
Cundinamarca,TABIO,Instituciones Prestadoras de Servicios de Salud - IPS,SI,1
Cundinamarca,TABIO,Profesional Independiente,NO,15
Cundinamarca,TAUSA,Instituciones Prestadoras de Servicios de Salud - IPS,SI,1
Cundinamarca,TAUSA,Profesional Independiente,NO,1
Cundinamarca,TENA,Instituciones Prestadoras de Servicios de Salud - IPS,SI,2
Cundinamarca,TENA,Profesional Independiente,NO,1
Cundinamarca,TENJO,Instituciones Prestadoras de Servicios de Salud - IPS,NO,4
Cundinamarca,TENJO,Instituciones Prestadoras de Servicios de Salud - IPS,SI,1
Cundinamarca,TENJO,Objeto Social Diferente a la Prestación de Servicios de Salud,NO,1
Cundinamarca,TENJO,Profesional Independiente,NO,18
Cundinamarca,TIBACUY,Instituciones Prestadoras de Servicios de Salud - IPS,SI,2
Cundinamarca,TIBIRITA,Instituciones Prestadoras de Servicios de Salud - IPS,SI,1
Cundinamarca,TOCAIMA,Instituciones Prestadoras de Servicios de Salud - IPS,SI,1
Cundinamarca,TOCAIMA,Profesional Independiente,NO,1
Cundinamarca,TOCANCIPÁ,Instituciones Prestadoras de Servicios de Salud - IPS,NO,9
Cundinamarca,TOCANCIPÁ,Objeto Social Diferente a la Prestación de Servicios de Salud,NO,2
Cundinamarca,TOCANCIPÁ,Profesional Independiente,NO,46
Cundinamarca,TOCANCIPÁ,Transporte Especial de Pacientes,NO,1
Cundinamarca,TOPAIPÍ,Instituciones Prestadoras de Servicios de Salud - IPS,SI,1
Cundinamarca,UBALÁ,Instituciones Prestadoras de Servicios de Salud - IPS,SI,3
Cundinamarca,UBALÁ,Profesional Independiente,NO,1
Cundinamarca,UBAQUE,Instituciones Prestadoras de Servicios de Salud - IPS,SI,1
Cundinamarca,UBAQUE,Profesional Independiente,NO,1
Cundinamarca,UNE,Instituciones Prestadoras de Servicios de Salud - IPS,SI,1
Cundinamarca,UNE,Profesional Independiente,NO,2
Cundinamarca,ÚTICA,Instituciones Prestadoras de Servicios de Salud - IPS,NO,1
Cundinamarca,ÚTICA,Instituciones Prestadoras de Servicios de Salud - IPS,SI,1
Cundinamarca,VENECIA,Instituciones Prestadoras de Servicios de Salud - IPS,SI,1
Cundinamarca,VERGARA,Instituciones Prestadoras de Servicios de Salud - IPS,NO,1
Cundinamarca,VERGARA,Instituciones Prestadoras de Servicios de Salud - IPS,SI,1
Cundinamarca,VIANÍ,Instituciones Prestadoras de Servicios de Salud - IPS,SI,1
Cundinamarca,VIANÍ,Profesional Independiente,NO,2
Cundinamarca,VILLA DE SAN DIEGO DE UBATE,Instituciones Prestadoras de Servicios de Salud - IPS,NO,25
Cundinamarca,VILLA DE SAN DIEGO DE UBATE,Instituciones Prestadoras de Servicios de Salud - IPS,SI,1
Cundinamarca,VILLA DE SAN DIEGO DE UBATE,Objeto Social Diferente a la Prestación de Servicios de Salud,NO,1
Cundinamarca,VILLA DE SAN DIEGO DE UBATE,Profesional Independiente,NO,76
Cundinamarca,VILLAGÓMEZ,Instituciones Prestadoras de Servicios de Salud - IPS,SI,1
Cundinamarca,VILLAPINZÓN,Instituciones Prestadoras de Servicios de Salud - IPS,SI,1
Cundinamarca,VILLAPINZÓN,Profesional Independiente,NO,13
Cundinamarca,VILLETA,Instituciones Prestadoras de Servicios de Salud - IPS,NO,10
Cundinamarca,VILLETA,Instituciones Prestadoras de Servicios de Salud - IPS,SI,2
Cundinamarca,VILLETA,Objeto Social Diferente a la Prestación de Servicios de Salud,NO,1
Cundinamarca,VILLETA,Profesional Independiente,NO,16
Cundinamarca,VIOTÁ,Instituciones Prestadoras de Servicios de Salud - IPS,SI,1
Cundinamarca,VIOTÁ,Profesional Independiente,NO,1
Cundinamarca,YACOPÍ,Instituciones Prestadoras de Servicios de Salud - IPS,NO,1
Cundinamarca,YACOPÍ,Instituciones Prestadoras de Servicios de Salud - IPS,SI,1
Cundinamarca,ZIPACÓN,Instituciones Prestadoras de Servicios de Salud - IPS,SI,2
Cundinamarca,ZIPAQUIRÁ,Instituciones Prestadoras de Servicios de Salud - IPS,NO,38
Cundinamarca,ZIPAQUIRÁ,Instituciones Prestadoras de Servicios de Salud - IPS,SI,2
Cundinamarca,ZIPAQUIRÁ,Objeto Social Diferente a la Prestación de Servicios de Salud,NO,6
Cundinamarca,ZIPAQUIRÁ,Profesional Independiente,NO,178
Cundinamarca,ZIPAQUIRÁ,Transporte Especial de Pacientes,NO,4
Guainía,BARRANCO MINAS,Instituciones Prestadoras de Servicios de Salud - IPS,NO,1
Guainía,BARRANCO MINAS,Instituciones Prestadoras de Servicios de Salud - IPS,SI,6
Guainía,CACAHUAL,Instituciones Prestadoras de Servicios de Salud - IPS,SI,1
Guainía,INÍRIDA,Instituciones Prestadoras de Servicios de Salud - IPS,NO,11
Guainía,INÍRIDA,Instituciones Prestadoras de Servicios de Salud - IPS,SI,11
Guainía,INÍRIDA,Profesional Independiente,NO,13
Guainía,LA GUADALUPE,Instituciones Prestadoras de Servicios de Salud - IPS,SI,1
Guainía,MORICHAL,Instituciones Prestadoras de Servicios de Salud - IPS,SI,1
Guainía,PANA PANA,Instituciones Prestadoras de Servicios de Salud - IPS,SI,1
Guainía,PUERTO COLOMBIA,Instituciones Prestadoras de Servicios de Salud - IPS,SI,2
Guainía,SAN FELIPE,Instituciones Prestadoras de Servicios de Salud - IPS,SI,1
Guaviare,CALAMAR,Instituciones Prestadoras de Servicios de Salud - IPS,NO,1
Guaviare,CALAMAR,Instituciones Prestadoras de Servicios de Salud - IPS,SI,1
Guaviare,CALAMAR,Profesional Independiente,NO,2
Guaviare,EL RETORNO,Instituciones Prestadoras de Servicios de Salud - IPS,NO,1
Guaviare,EL RETORNO,Instituciones Prestadoras de Servicios de Salud - IPS,SI,1
Guaviare,EL RETORNO,Profesional Independiente,NO,3
Guaviare,MIRAFLORES,Instituciones Prestadoras de Servicios de Salud - IPS,SI,1
Guaviare,SAN JOSÉ DEL GUAVIARE,Instituciones Prestadoras de Servicios de Salud - IPS,NO,22
Guaviare,SAN JOSÉ DEL GUAVIARE,Instituciones Prestadoras de Servicios de Salud - IPS,SI,9
Guaviare,SAN JOSÉ DEL GUAVIARE,Objeto Social Diferente a la Prestación de Servicios de Salud,NO,2
Guaviare,SAN JOSÉ DEL GUAVIARE,Profesional Independiente,NO,50
Guaviare,SAN JOSÉ DEL GUAVIARE,Transporte Especial de Pacientes,NO,3
Huila,ACEVEDO,Instituciones Prestadoras de Servicios de Salud - IPS,SI,2
Huila,ACEVEDO,Profesional Independiente,NO,5
Huila,AGRADO,Instituciones Prestadoras de Servicios de Salud - IPS,SI,1
Huila,AGRADO,Profesional Independiente,NO,1
Huila,AIPE,Instituciones Prestadoras de Servicios de Salud - IPS,SI,1
Huila,AIPE,Profesional Independiente,NO,4
Huila,AIPE,Transporte Especial de Pacientes,NO,1
Huila,ALGECIRAS,Instituciones Prestadoras de Servicios de Salud - IPS,SI,1
Huila,ALGECIRAS,Profesional Independiente,NO,11
Huila,ALTAMIRA,Instituciones Prestadoras de Servicios de Salud - IPS,SI,1
Huila,BARAYA,Instituciones Prestadoras de Servicios de Salud - IPS,SI,1
Huila,BARAYA,Profesional Independiente,NO,1
Huila,CAMPOALEGRE,Instituciones Prestadoras de Servicios de Salud - IPS,NO,3
Huila,CAMPOALEGRE,Instituciones Prestadoras de Servicios de Salud - IPS,SI,1
Huila,CAMPOALEGRE,Profesional Independiente,NO,16
Huila,COLOMBIA,Instituciones Prestadoras de Servicios de Salud - IPS,SI,1
Huila,COLOMBIA,Profesional Independiente,NO,1
Huila,ELÍAS,Instituciones Prestadoras de Servicios de Salud - IPS,SI,1
Huila,GARZÓN,Instituciones Prestadoras de Servicios de Salud - IPS,NO,12
Huila,GARZÓN,Instituciones Prestadoras de Servicios de Salud - IPS,SI,5
Huila,GARZÓN,Objeto Social Diferente a la Prestación de Servicios de Salud,NO,3
Huila,GARZÓN,Profesional Independiente,NO,70
Huila,GARZÓN,Transporte Especial de Pacientes,NO,1
Huila,GIGANTE,Instituciones Prestadoras de Servicios de Salud - IPS,NO,1
Huila,GIGANTE,Instituciones Prestadoras de Servicios de Salud - IPS,SI,1
Huila,GIGANTE,Profesional Independiente,NO,9
Huila,GIGANTE,Transporte Especial de Pacientes,NO,1
Huila,GUADALUPE,Instituciones Prestadoras de Servicios de Salud - IPS,NO,1
Huila,GUADALUPE,Instituciones Prestadoras de Servicios de Salud - IPS,SI,1
Huila,GUADALUPE,Profesional Independiente,NO,13
Huila,HOBO,Instituciones Prestadoras de Servicios de Salud - IPS,SI,1
Huila,HOBO,Profesional Independiente,NO,4
Huila,IQUIRA,Instituciones Prestadoras de Servicios de Salud - IPS,NO,1
Huila,IQUIRA,Instituciones Prestadoras de Servicios de Salud - IPS,SI,2
Huila,IQUIRA,Profesional Independiente,NO,2
Huila,ISNOS,Instituciones Prestadoras de Servicios de Salud - IPS,NO,1
Huila,ISNOS,Instituciones Prestadoras de Servicios de Salud - IPS,SI,1
Huila,ISNOS,Profesional Independiente,NO,14
Huila,LA ARGENTINA,Instituciones Prestadoras de Servicios de Salud - IPS,NO,1
Huila,LA ARGENTINA,Instituciones Prestadoras de Servicios de Salud - IPS,SI,2
Huila,LA ARGENTINA,Profesional Independiente,NO,10
Huila,LA PLATA,Instituciones Prestadoras de Servicios de Salud - IPS,NO,9
Huila,LA PLATA,Instituciones Prestadoras de Servicios de Salud - IPS,SI,6
Huila,LA PLATA,Objeto Social Diferente a la Prestación de Servicios de Salud,NO,1
Huila,LA PLATA,Profesional Independiente,NO,48
Huila,NÁTAGA,Instituciones Prestadoras de Servicios de Salud - IPS,SI,1
Huila,NEIVA,Instituciones Prestadoras de Servicios de Salud - IPS,NO,192
Huila,NEIVA,Instituciones Prestadoras de Servicios de Salud - IPS,SI,16
Huila,NEIVA,Objeto Social Diferente a la Prestación de Servicios de Salud,NO,19
Huila,NEIVA,Profesional Independiente,NO,578
Huila,NEIVA,Transporte Especial de Pacientes,NO,16
Huila,OPORAPA,Instituciones Prestadoras de Servicios de Salud - IPS,SI,1
Huila,OPORAPA,Profesional Independiente,NO,3
Huila,PAICOL,Instituciones Prestadoras de Servicios de Salud - IPS,SI,1
Huila,PAICOL,Profesional Independiente,NO,1
Huila,PAICOL,Transporte Especial de Pacientes,NO,1
Huila,PALERMO,Instituciones Prestadoras de Servicios de Salud - IPS,NO,1
Huila,PALERMO,Instituciones Prestadoras de Servicios de Salud - IPS,SI,1
Huila,PALERMO,Profesional Independiente,NO,6
Huila,PALERMO,Transporte Especial de Pacientes,NO,1
Huila,PALESTINA,Instituciones Prestadoras de Servicios de Salud - IPS,SI,3
Huila,PITAL,Instituciones Prestadoras de Servicios de Salud - IPS,SI,1
Huila,PITAL,Profesional Independiente,NO,12
Huila,PITALITO,Instituciones Prestadoras de Servicios de Salud - IPS,NO,45
Huila,PITALITO,Instituciones Prestadoras de Servicios de Salud - IPS,SI,6
Huila,PITALITO,Objeto Social Diferente a la Prestación de Servicios de Salud,NO,10
Huila,PITALITO,Profesional Independiente,NO,181
Huila,PITALITO,Transporte Especial de Pacientes,NO,4
Huila,RIVERA,Instituciones Prestadoras de Servicios de Salud - IPS,NO,3
Huila,RIVERA,Instituciones Prestadoras de Servicios de Salud - IPS,SI,1
Huila,RIVERA,Profesional Independiente,NO,12
Huila,RIVERA,Transporte Especial de Pacientes,NO,1
Huila,SALADOBLANCO,Instituciones Prestadoras de Servicios de Salud - IPS,SI,1
Huila,SALADOBLANCO,Profesional Independiente,NO,1
Huila,SAN AGUSTÍN,Instituciones Prestadoras de Servicios de Salud - IPS,NO,3
Huila,SAN AGUSTÍN,Instituciones Prestadoras de Servicios de Salud - IPS,SI,1
Huila,SAN AGUSTÍN,Profesional Independiente,NO,16
Huila,SANTA MARÍA,Instituciones Prestadoras de Servicios de Salud - IPS,SI,1
Huila,SANTA MARÍA,Profesional Independiente,NO,2
Huila,SUAZA,Instituciones Prestadoras de Servicios de Salud - IPS,SI,1
Huila,SUAZA,Profesional Independiente,NO,6
Huila,TARQUI,Instituciones Prestadoras de Servicios de Salud - IPS,SI,1
Huila,TARQUI,Profesional Independiente,NO,3
Huila,TELLO,Instituciones Prestadoras de Servicios de Salud - IPS,SI,3
Huila,TERUEL,Instituciones Prestadoras de Servicios de Salud - IPS,SI,1
Huila,TERUEL,Profesional Independiente,NO,3
Huila,TESALIA,Instituciones Prestadoras de Servicios de Salud - IPS,SI,2
Huila,TESALIA,Profesional Independiente,NO,6
Huila,TIMANÁ,Instituciones Prestadoras de Servicios de Salud - IPS,SI,1
Huila,TIMANÁ,Profesional Independiente,NO,12
Huila,TIMANÁ,Transporte Especial de Pacientes,NO,1
Huila,VILLAVIEJA,Instituciones Prestadoras de Servicios de Salud - IPS,SI,1
Huila,YAGUARÁ,Instituciones Prestadoras de Servicios de Salud - IPS,SI,1
Huila,YAGUARÁ,Profesional Independiente,NO,4
La Guajira,ALBANIA,Instituciones Prestadoras de Servicios de Salud - IPS,NO,11
La Guajira,ALBANIA,Instituciones Prestadoras de Servicios de Salud - IPS,SI,6
La Guajira,ALBANIA,Profesional Independiente,NO,1
La Guajira,BARRANCAS,Instituciones Prestadoras de Servicios de Salud - IPS,NO,16
La Guajira,BARRANCAS,Instituciones Prestadoras de Servicios de Salud - IPS,SI,5
La Guajira,BARRANCAS,Profesional Independiente,NO,8
La Guajira,DIBULLA,Instituciones Prestadoras de Servicios de Salud - IPS,NO,15
La Guajira,DIBULLA,Instituciones Prestadoras de Servicios de Salud - IPS,SI,8
La Guajira,DIBULLA,Profesional Independiente,NO,1
La Guajira,DISTRACCIÓN,Instituciones Prestadoras de Servicios de Salud - IPS,NO,4
La Guajira,DISTRACCIÓN,Instituciones Prestadoras de Servicios de Salud - IPS,SI,3
La Guajira,EL MOLINO,Instituciones Prestadoras de Servicios de Salud - IPS,NO,1
La Guajira,EL MOLINO,Instituciones Prestadoras de Servicios de Salud - IPS,SI,1
La Guajira,FONSECA,Instituciones Prestadoras de Servicios de Salud - IPS,NO,20
La Guajira,FONSECA,Instituciones Prestadoras de Servicios de Salud - IPS,SI,6
La Guajira,FONSECA,Profesional Independiente,NO,17
La Guajira,HATONUEVO,Instituciones Prestadoras de Servicios de Salud - IPS,NO,4
La Guajira,HATONUEVO,Instituciones Prestadoras de Servicios de Salud - IPS,SI,1
La Guajira,LA JAGUA DEL PILAR,Instituciones Prestadoras de Servicios de Salud - IPS,SI,2
La Guajira,MAICAO,Instituciones Prestadoras de Servicios de Salud - IPS,NO,55
La Guajira,MAICAO,Instituciones Prestadoras de Servicios de Salud - IPS,SI,3
La Guajira,MAICAO,Objeto Social Diferente a la Prestación de Servicios de Salud,NO,2
La Guajira,MAICAO,Profesional Independiente,NO,17
La Guajira,MAICAO,Transporte Especial de Pacientes,NO,2
La Guajira,MANAURE,Instituciones Prestadoras de Servicios de Salud - IPS,NO,10
La Guajira,MANAURE,Instituciones Prestadoras de Servicios de Salud - IPS,SI,4
La Guajira,MANAURE,Profesional Independiente,NO,2
La Guajira,RIOHACHA,Instituciones Prestadoras de Servicios de Salud - IPS,NO,134
La Guajira,RIOHACHA,Instituciones Prestadoras de Servicios de Salud - IPS,SI,7
La Guajira,RIOHACHA,Objeto Social Diferente a la Prestación de Servicios de Salud,NO,6
La Guajira,RIOHACHA,Profesional Independiente,NO,92
La Guajira,RIOHACHA,Transporte Especial de Pacientes,NO,4
La Guajira,SAN JUAN DEL CESAR,Instituciones Prestadoras de Servicios de Salud - IPS,NO,29
La Guajira,SAN JUAN DEL CESAR,Instituciones Prestadoras de Servicios de Salud - IPS,SI,23
La Guajira,SAN JUAN DEL CESAR,Profesional Independiente,NO,20
La Guajira,URIBIA,Instituciones Prestadoras de Servicios de Salud - IPS,NO,26
La Guajira,URIBIA,Instituciones Prestadoras de Servicios de Salud - IPS,SI,10
La Guajira,URIBIA,Objeto Social Diferente a la Prestación de Servicios de Salud,NO,1
La Guajira,URIBIA,Profesional Independiente,NO,5
La Guajira,URIBIA,Transporte Especial de Pacientes,NO,1
La Guajira,URUMITA,Instituciones Prestadoras de Servicios de Salud - IPS,SI,1
La Guajira,URUMITA,Profesional Independiente,NO,9
La Guajira,VILLANUEVA,Instituciones Prestadoras de Servicios de Salud - IPS,NO,7
La Guajira,VILLANUEVA,Instituciones Prestadoras de Servicios de Salud - IPS,SI,1
La Guajira,VILLANUEVA,Profesional Independiente,NO,9
Magdalena,ALGARROBO,Instituciones Prestadoras de Servicios de Salud - IPS,NO,2
Magdalena,ALGARROBO,Instituciones Prestadoras de Servicios de Salud - IPS,SI,3
Magdalena,ARACATACA,Instituciones Prestadoras de Servicios de Salud - IPS,NO,9
Magdalena,ARACATACA,Instituciones Prestadoras de Servicios de Salud - IPS,SI,6
Magdalena,ARACATACA,Profesional Independiente,NO,1
Magdalena,ARIGUANÍ,Instituciones Prestadoras de Servicios de Salud - IPS,NO,4
Magdalena,ARIGUANÍ,Instituciones Prestadoras de Servicios de Salud - IPS,SI,3
Magdalena,ARIGUANÍ,Profesional Independiente,NO,5
Magdalena,ARIGUANÍ,Transporte Especial de Pacientes,NO,1
Magdalena,CERRO SAN ANTONIO,Instituciones Prestadoras de Servicios de Salud - IPS,SI,5
Magdalena,CERRO SAN ANTONIO,Profesional Independiente,NO,1
Magdalena,CHIBOLO,Instituciones Prestadoras de Servicios de Salud - IPS,NO,1
Magdalena,CHIBOLO,Instituciones Prestadoras de Servicios de Salud - IPS,SI,4
Magdalena,CHIBOLO,Profesional Independiente,NO,3
Magdalena,CIÉNAGA,Instituciones Prestadoras de Servicios de Salud - IPS,NO,49
Magdalena,CIÉNAGA,Instituciones Prestadoras de Servicios de Salud - IPS,SI,8
Magdalena,CIÉNAGA,Objeto Social Diferente a la Prestación de Servicios de Salud,NO,3
Magdalena,CIÉNAGA,Profesional Independiente,NO,23
Magdalena,CIÉNAGA,Transporte Especial de Pacientes,NO,3
Magdalena,CONCORDIA,Instituciones Prestadoras de Servicios de Salud - IPS,NO,1
Magdalena,CONCORDIA,Instituciones Prestadoras de Servicios de Salud - IPS,SI,4
Magdalena,EL BANCO,Instituciones Prestadoras de Servicios de Salud - IPS,NO,23
Magdalena,EL BANCO,Instituciones Prestadoras de Servicios de Salud - IPS,SI,5
Magdalena,EL BANCO,Profesional Independiente,NO,15
Magdalena,EL PIÑON,Instituciones Prestadoras de Servicios de Salud - IPS,NO,1
Magdalena,EL PIÑON,Instituciones Prestadoras de Servicios de Salud - IPS,SI,4
Magdalena,EL PIÑON,Profesional Independiente,NO,1
Magdalena,EL RETÉN,Instituciones Prestadoras de Servicios de Salud - IPS,NO,5
Magdalena,EL RETÉN,Instituciones Prestadoras de Servicios de Salud - IPS,SI,1
Magdalena,EL RETÉN,Profesional Independiente,NO,1
Magdalena,FUNDACIÓN,Instituciones Prestadoras de Servicios de Salud - IPS,NO,41
Magdalena,FUNDACIÓN,Instituciones Prestadoras de Servicios de Salud - IPS,SI,8
Magdalena,FUNDACIÓN,Profesional Independiente,NO,12
Magdalena,GUAMAL,Instituciones Prestadoras de Servicios de Salud - IPS,NO,6
Magdalena,GUAMAL,Instituciones Prestadoras de Servicios de Salud - IPS,SI,3
Magdalena,GUAMAL,Profesional Independiente,NO,3
Magdalena,NUEVA GRANADA,Instituciones Prestadoras de Servicios de Salud - IPS,NO,2
Magdalena,NUEVA GRANADA,Instituciones Prestadoras de Servicios de Salud - IPS,SI,3
Magdalena,PEDRAZA,Instituciones Prestadoras de Servicios de Salud - IPS,SI,5
Magdalena,PIJIÑO DEL CARMEN,Instituciones Prestadoras de Servicios de Salud - IPS,NO,3
Magdalena,PIJIÑO DEL CARMEN,Instituciones Prestadoras de Servicios de Salud - IPS,SI,3
Magdalena,PIVIJAY,Instituciones Prestadoras de Servicios de Salud - IPS,NO,9
Magdalena,PIVIJAY,Instituciones Prestadoras de Servicios de Salud - IPS,SI,3
Magdalena,PIVIJAY,Profesional Independiente,NO,1
Magdalena,PLATO,Instituciones Prestadoras de Servicios de Salud - IPS,NO,18
Magdalena,PLATO,Instituciones Prestadoras de Servicios de Salud - IPS,SI,15
Magdalena,PLATO,Profesional Independiente,NO,6
Magdalena,PLATO,Transporte Especial de Pacientes,NO,1
Magdalena,PUEBLOVIEJO,Instituciones Prestadoras de Servicios de Salud - IPS,NO,1
Magdalena,PUEBLOVIEJO,Instituciones Prestadoras de Servicios de Salud - IPS,SI,4
Magdalena,PUEBLOVIEJO,Profesional Independiente,NO,1
Magdalena,REMOLINO,Instituciones Prestadoras de Servicios de Salud - IPS,SI,4
Magdalena,SABANAS DE SAN ANGEL,Instituciones Prestadoras de Servicios de Salud - IPS,NO,2
Magdalena,SABANAS DE SAN ANGEL,Instituciones Prestadoras de Servicios de Salud - IPS,SI,8
Magdalena,SABANAS DE SAN ANGEL,Transporte Especial de Pacientes,NO,1
Magdalena,SALAMINA,Instituciones Prestadoras de Servicios de Salud - IPS,NO,4
Magdalena,SALAMINA,Instituciones Prestadoras de Servicios de Salud - IPS,SI,2
Magdalena,SAN SEBASTIÁN DE BUENAVISTA,Instituciones Prestadoras de Servicios de Salud - IPS,NO,7
Magdalena,SAN SEBASTIÁN DE BUENAVISTA,Instituciones Prestadoras de Servicios de Salud - IPS,SI,4
Magdalena,SAN SEBASTIÁN DE BUENAVISTA,Profesional Independiente,NO,3
Magdalena,SANTA ANA,Instituciones Prestadoras de Servicios de Salud - IPS,NO,8
Magdalena,SANTA ANA,Instituciones Prestadoras de Servicios de Salud - IPS,SI,4
Magdalena,SANTA ANA,Profesional Independiente,NO,5
Magdalena,SANTA BÁRBARA DE PINTO,Instituciones Prestadoras de Servicios de Salud - IPS,SI,6
Magdalena,SANTA BÁRBARA DE PINTO,Profesional Independiente,NO,1
Magdalena,SANTA MARTA,Instituciones Prestadoras de Servicios de Salud - IPS,NO,337
Magdalena,SANTA MARTA,Instituciones Prestadoras de Servicios de Salud - IPS,SI,30
Magdalena,SANTA MARTA,Objeto Social Diferente a la Prestación de Servicios de Salud,NO,22
Magdalena,SANTA MARTA,Profesional Independiente,NO,356
Magdalena,SANTA MARTA,Transporte Especial de Pacientes,NO,6
Magdalena,SAN ZENÓN,Instituciones Prestadoras de Servicios de Salud - IPS,NO,1
Magdalena,SAN ZENÓN,Instituciones Prestadoras de Servicios de Salud - IPS,SI,5
Magdalena,SAN ZENÓN,Objeto Social Diferente a la Prestación de Servicios de Salud,NO,1
Magdalena,SAN ZENÓN,Profesional Independiente,NO,1
Magdalena,SITIONUEVO,Instituciones Prestadoras de Servicios de Salud - IPS,NO,3
Magdalena,SITIONUEVO,Instituciones Prestadoras de Servicios de Salud - IPS,SI,6
Magdalena,SITIONUEVO,Objeto Social Diferente a la Prestación de Servicios de Salud,NO,1
Magdalena,SITIONUEVO,Transporte Especial de Pacientes,NO,1
Magdalena,TENERIFE,Instituciones Prestadoras de Servicios de Salud - IPS,NO,1
Magdalena,TENERIFE,Instituciones Prestadoras de Servicios de Salud - IPS,SI,4
Magdalena,TENERIFE,Transporte Especial de Pacientes,NO,1
Magdalena,ZAPAYÁN,Instituciones Prestadoras de Servicios de Salud - IPS,SI,5
Magdalena,ZONA BANANERA,Instituciones Prestadoras de Servicios de Salud - IPS,NO,12
Magdalena,ZONA BANANERA,Instituciones Prestadoras de Servicios de Salud - IPS,SI,12
Meta,ACACÍAS,Instituciones Prestadoras de Servicios de Salud - IPS,NO,39
Meta,ACACÍAS,Instituciones Prestadoras de Servicios de Salud - IPS,SI,4
Meta,ACACÍAS,Profesional Independiente,NO,76
Meta,BARRANCA DE UPÍA,Instituciones Prestadoras de Servicios de Salud - IPS,SI,1
Meta,BARRANCA DE UPÍA,Profesional Independiente,NO,3
Meta,BARRANCA DE UPÍA,Transporte Especial de Pacientes,NO,1
Meta,CABUYARO,Instituciones Prestadoras de Servicios de Salud - IPS,NO,1
Meta,CABUYARO,Instituciones Prestadoras de Servicios de Salud - IPS,SI,1
Meta,CASTILLA LA NUEVA,Instituciones Prestadoras de Servicios de Salud - IPS,NO,2
Meta,CASTILLA LA NUEVA,Instituciones Prestadoras de Servicios de Salud - IPS,SI,3
Meta,CASTILLA LA NUEVA,Profesional Independiente,NO,3
Meta,CUBARRAL,Instituciones Prestadoras de Servicios de Salud - IPS,NO,1
Meta,CUBARRAL,Instituciones Prestadoras de Servicios de Salud - IPS,SI,1
Meta,CUMARAL,Instituciones Prestadoras de Servicios de Salud - IPS,NO,5
Meta,CUMARAL,Instituciones Prestadoras de Servicios de Salud - IPS,SI,1
Meta,CUMARAL,Profesional Independiente,NO,5
Meta,EL CALVARIO,Instituciones Prestadoras de Servicios de Salud - IPS,SI,1
Meta,EL CASTILLO,Instituciones Prestadoras de Servicios de Salud - IPS,SI,1
Meta,EL DORADO,Instituciones Prestadoras de Servicios de Salud - IPS,SI,1
Meta,FUENTE DE ORO,Instituciones Prestadoras de Servicios de Salud - IPS,NO,2
Meta,FUENTE DE ORO,Instituciones Prestadoras de Servicios de Salud - IPS,SI,1
Meta,FUENTE DE ORO,Profesional Independiente,NO,2
Meta,GRANADA,Instituciones Prestadoras de Servicios de Salud - IPS,NO,22
Meta,GRANADA,Instituciones Prestadoras de Servicios de Salud - IPS,SI,9
Meta,GRANADA,Objeto Social Diferente a la Prestación de Servicios de Salud,NO,3
Meta,GRANADA,Profesional Independiente,NO,39
Meta,GRANADA,Transporte Especial de Pacientes,NO,1
Meta,GUAMAL,Instituciones Prestadoras de Servicios de Salud - IPS,NO,2
Meta,GUAMAL,Instituciones Prestadoras de Servicios de Salud - IPS,SI,1
Meta,GUAMAL,Profesional Independiente,NO,4
Meta,LA MACARENA,Instituciones Prestadoras de Servicios de Salud - IPS,NO,1
Meta,LA MACARENA,Instituciones Prestadoras de Servicios de Salud - IPS,SI,2
Meta,LA MACARENA,Profesional Independiente,NO,1
Meta,LEJANÍAS,Instituciones Prestadoras de Servicios de Salud - IPS,SI,1
Meta,LEJANÍAS,Profesional Independiente,NO,2
Meta,MAPIRIPÁN,Instituciones Prestadoras de Servicios de Salud - IPS,NO,1
Meta,MAPIRIPÁN,Instituciones Prestadoras de Servicios de Salud - IPS,SI,2
Meta,MESETAS,Instituciones Prestadoras de Servicios de Salud - IPS,SI,1
Meta,PUERTO CONCORDIA,Instituciones Prestadoras de Servicios de Salud - IPS,SI,1
Meta,PUERTO GAITÁN,Instituciones Prestadoras de Servicios de Salud - IPS,NO,19
Meta,PUERTO GAITÁN,Instituciones Prestadoras de Servicios de Salud - IPS,SI,3
Meta,PUERTO GAITÁN,Objeto Social Diferente a la Prestación de Servicios de Salud,NO,1
Meta,PUERTO GAITÁN,Profesional Independiente,NO,7
Meta,PUERTO GAITÁN,Transporte Especial de Pacientes,NO,1
Meta,PUERTO LLERAS,Instituciones Prestadoras de Servicios de Salud - IPS,SI,1
Meta,PUERTO LLERAS,Profesional Independiente,NO,2
Meta,PUERTO LÓPEZ,Instituciones Prestadoras de Servicios de Salud - IPS,NO,9
Meta,PUERTO LÓPEZ,Instituciones Prestadoras de Servicios de Salud - IPS,SI,2
Meta,PUERTO LÓPEZ,Profesional Independiente,NO,6
Meta,PUERTO LÓPEZ,Transporte Especial de Pacientes,NO,1
Meta,PUERTO RICO,Instituciones Prestadoras de Servicios de Salud - IPS,SI,1
Meta,RESTREPO,Instituciones Prestadoras de Servicios de Salud - IPS,NO,2
Meta,RESTREPO,Instituciones Prestadoras de Servicios de Salud - IPS,SI,1
Meta,RESTREPO,Profesional Independiente,NO,12
Meta,SAN CARLOS DE GUAROA,Instituciones Prestadoras de Servicios de Salud - IPS,SI,1
Meta,SAN JUAN DE ARAMA,Instituciones Prestadoras de Servicios de Salud - IPS,NO,1
Meta,SAN JUAN DE ARAMA,Instituciones Prestadoras de Servicios de Salud - IPS,SI,1
Meta,SAN JUANITO,Instituciones Prestadoras de Servicios de Salud - IPS,SI,1
Meta,SAN MARTÍN,Instituciones Prestadoras de Servicios de Salud - IPS,NO,7
Meta,SAN MARTÍN,Instituciones Prestadoras de Servicios de Salud - IPS,SI,1
Meta,SAN MARTÍN,Profesional Independiente,NO,15
Meta,URIBE,Instituciones Prestadoras de Servicios de Salud - IPS,SI,2
Meta,VILLAVICENCIO,Instituciones Prestadoras de Servicios de Salud - IPS,NO,293
Meta,VILLAVICENCIO,Instituciones Prestadoras de Servicios de Salud - IPS,SI,20
Meta,VILLAVICENCIO,Objeto Social Diferente a la Prestación de Servicios de Salud,NO,18
Meta,VILLAVICENCIO,Profesional Independiente,NO,451
Meta,VILLAVICENCIO,Transporte Especial de Pacientes,NO,9
Meta,VISTAHERMOSA,Instituciones Prestadoras de Servicios de Salud - IPS,NO,1
Meta,VISTAHERMOSA,Instituciones Prestadoras de Servicios de Salud - IPS,SI,1
Meta,VISTAHERMOSA,Profesional Independiente,NO,1
Nariño,ALBÁN,Instituciones Prestadoras de Servicios de Salud - IPS,NO,5
Nariño,ALBÁN,Instituciones Prestadoras de Servicios de Salud - IPS,SI,4
Nariño,ALBÁN,Profesional Independiente,NO,9
Nariño,ALDANA,Instituciones Prestadoras de Servicios de Salud - IPS,NO,1
Nariño,ALDANA,Instituciones Prestadoras de Servicios de Salud - IPS,SI,1
Nariño,ALDANA,Profesional Independiente,NO,1
Nariño,ANCUYÁ,Instituciones Prestadoras de Servicios de Salud - IPS,NO,3
Nariño,ANCUYÁ,Instituciones Prestadoras de Servicios de Salud - IPS,SI,3
Nariño,ANCUYÁ,Profesional Independiente,NO,1
Nariño,ARBOLEDA,Instituciones Prestadoras de Servicios de Salud - IPS,NO,2
Nariño,ARBOLEDA,Instituciones Prestadoras de Servicios de Salud - IPS,SI,4
Nariño,ARBOLEDA,Profesional Independiente,NO,1
Nariño,BARBACOAS,Instituciones Prestadoras de Servicios de Salud - IPS,NO,4
Nariño,BARBACOAS,Instituciones Prestadoras de Servicios de Salud - IPS,SI,13
Nariño,BARBACOAS,Profesional Independiente,NO,13
Nariño,BELÉN,Instituciones Prestadoras de Servicios de Salud - IPS,SI,1
Nariño,BELÉN,Profesional Independiente,NO,2
Nariño,BUESACO,Instituciones Prestadoras de Servicios de Salud - IPS,NO,5
Nariño,BUESACO,Instituciones Prestadoras de Servicios de Salud - IPS,SI,8
Nariño,BUESACO,Profesional Independiente,NO,11
Nariño,CHACHAGÜÍ,Instituciones Prestadoras de Servicios de Salud - IPS,NO,5
Nariño,CHACHAGÜÍ,Instituciones Prestadoras de Servicios de Salud - IPS,SI,6
Nariño,CHACHAGÜÍ,Objeto Social Diferente a la Prestación de Servicios de Salud,NO,1
Nariño,CHACHAGÜÍ,Profesional Independiente,NO,8
Nariño,COLÓN,Instituciones Prestadoras de Servicios de Salud - IPS,NO,2
Nariño,COLÓN,Instituciones Prestadoras de Servicios de Salud - IPS,SI,4
Nariño,COLÓN,Profesional Independiente,NO,2
Nariño,CONSACA,Instituciones Prestadoras de Servicios de Salud - IPS,NO,1
Nariño,CONSACA,Instituciones Prestadoras de Servicios de Salud - IPS,SI,2
Nariño,CONSACA,Profesional Independiente,NO,5
Nariño,CONTADERO,Instituciones Prestadoras de Servicios de Salud - IPS,SI,1
Nariño,CONTADERO,Profesional Independiente,NO,9
Nariño,CÓRDOBA,Instituciones Prestadoras de Servicios de Salud - IPS,NO,4
Nariño,CÓRDOBA,Instituciones Prestadoras de Servicios de Salud - IPS,SI,5
Nariño,CÓRDOBA,Profesional Independiente,NO,7
Nariño,CUASPUD,Instituciones Prestadoras de Servicios de Salud - IPS,NO,1
Nariño,CUASPUD,Instituciones Prestadoras de Servicios de Salud - IPS,SI,1
Nariño,CUASPUD,Profesional Independiente,NO,2
Nariño,CUMBAL,Instituciones Prestadoras de Servicios de Salud - IPS,NO,8
Nariño,CUMBAL,Instituciones Prestadoras de Servicios de Salud - IPS,SI,11
Nariño,CUMBAL,Profesional Independiente,NO,26
Nariño,CUMBITARA,Instituciones Prestadoras de Servicios de Salud - IPS,SI,8
Nariño,EL CHARCO,Instituciones Prestadoras de Servicios de Salud - IPS,NO,4
Nariño,EL CHARCO,Instituciones Prestadoras de Servicios de Salud - IPS,SI,9
Nariño,EL CHARCO,Profesional Independiente,NO,7
Nariño,EL PEÑOL,Instituciones Prestadoras de Servicios de Salud - IPS,SI,1
Nariño,EL PEÑOL,Profesional Independiente,NO,2
Nariño,EL ROSARIO,Instituciones Prestadoras de Servicios de Salud - IPS,NO,2
Nariño,EL ROSARIO,Instituciones Prestadoras de Servicios de Salud - IPS,SI,5
Nariño,EL TABLÓN DE GÓMEZ,Instituciones Prestadoras de Servicios de Salud - IPS,NO,5
Nariño,EL TABLÓN DE GÓMEZ,Instituciones Prestadoras de Servicios de Salud - IPS,SI,3
Nariño,EL TABLÓN DE GÓMEZ,Profesional Independiente,NO,12
Nariño,EL TAMBO,Instituciones Prestadoras de Servicios de Salud - IPS,NO,4
Nariño,EL TAMBO,Instituciones Prestadoras de Servicios de Salud - IPS,SI,3
Nariño,EL TAMBO,Profesional Independiente,NO,5
Nariño,FRANCISCO PIZARRO,Instituciones Prestadoras de Servicios de Salud - IPS,NO,1
Nariño,FRANCISCO PIZARRO,Instituciones Prestadoras de Servicios de Salud - IPS,SI,5
Nariño,FRANCISCO PIZARRO,Profesional Independiente,NO,1
Nariño,FUNES,Instituciones Prestadoras de Servicios de Salud - IPS,SI,1
Nariño,FUNES,Profesional Independiente,NO,5
Nariño,GUACHUCAL,Instituciones Prestadoras de Servicios de Salud - IPS,NO,5
Nariño,GUACHUCAL,Instituciones Prestadoras de Servicios de Salud - IPS,SI,4
Nariño,GUACHUCAL,Profesional Independiente,NO,13
Nariño,GUAITARILLA,Instituciones Prestadoras de Servicios de Salud - IPS,NO,4
Nariño,GUAITARILLA,Instituciones Prestadoras de Servicios de Salud - IPS,SI,1
Nariño,GUAITARILLA,Profesional Independiente,NO,9
Nariño,GUALMATÁN,Instituciones Prestadoras de Servicios de Salud - IPS,SI,2
Nariño,GUALMATÁN,Profesional Independiente,NO,10
Nariño,ILES,Instituciones Prestadoras de Servicios de Salud - IPS,SI,1
Nariño,ILES,Profesional Independiente,NO,9
Nariño,IMUÉS,Instituciones Prestadoras de Servicios de Salud - IPS,NO,1
Nariño,IMUÉS,Instituciones Prestadoras de Servicios de Salud - IPS,SI,4
Nariño,IMUÉS,Profesional Independiente,NO,3
Nariño,IPIALES,Instituciones Prestadoras de Servicios de Salud - IPS,NO,62
Nariño,IPIALES,Instituciones Prestadoras de Servicios de Salud - IPS,SI,17
Nariño,IPIALES,Objeto Social Diferente a la Prestación de Servicios de Salud,NO,5
Nariño,IPIALES,Profesional Independiente,NO,250
Nariño,LA CRUZ,Instituciones Prestadoras de Servicios de Salud - IPS,NO,7
Nariño,LA CRUZ,Instituciones Prestadoras de Servicios de Salud - IPS,SI,7
Nariño,LA CRUZ,Profesional Independiente,NO,16
Nariño,LA FLORIDA,Instituciones Prestadoras de Servicios de Salud - IPS,NO,2
Nariño,LA FLORIDA,Instituciones Prestadoras de Servicios de Salud - IPS,SI,7
Nariño,LA FLORIDA,Profesional Independiente,NO,7
Nariño,LA LLANADA,Instituciones Prestadoras de Servicios de Salud - IPS,SI,1
Nariño,LA LLANADA,Profesional Independiente,NO,4
Nariño,LA TOLA,Instituciones Prestadoras de Servicios de Salud - IPS,NO,2
Nariño,LA TOLA,Instituciones Prestadoras de Servicios de Salud - IPS,SI,5
Nariño,LA TOLA,Profesional Independiente,NO,1
Nariño,LA UNIÓN,Instituciones Prestadoras de Servicios de Salud - IPS,NO,18
Nariño,LA UNIÓN,Instituciones Prestadoras de Servicios de Salud - IPS,SI,2
Nariño,LA UNIÓN,Objeto Social Diferente a la Prestación de Servicios de Salud,NO,1
Nariño,LA UNIÓN,Profesional Independiente,NO,39
Nariño,LEIVA,Instituciones Prestadoras de Servicios de Salud - IPS,SI,1
Nariño,LEIVA,Profesional Independiente,NO,3
Nariño,LINARES,Instituciones Prestadoras de Servicios de Salud - IPS,NO,4
Nariño,LINARES,Instituciones Prestadoras de Servicios de Salud - IPS,SI,2
Nariño,LINARES,Profesional Independiente,NO,6
Nariño,LOS ANDES,Instituciones Prestadoras de Servicios de Salud - IPS,NO,1
Nariño,LOS ANDES,Instituciones Prestadoras de Servicios de Salud - IPS,SI,1
Nariño,LOS ANDES,Profesional Independiente,NO,6
Nariño,MAGÜI,Instituciones Prestadoras de Servicios de Salud - IPS,SI,12
Nariño,MAGÜI,Profesional Independiente,NO,1
Nariño,MALLAMA,Instituciones Prestadoras de Servicios de Salud - IPS,NO,1
Nariño,MALLAMA,Instituciones Prestadoras de Servicios de Salud - IPS,SI,9
Nariño,MALLAMA,Profesional Independiente,NO,1
Nariño,MOSQUERA,Instituciones Prestadoras de Servicios de Salud - IPS,NO,2
Nariño,MOSQUERA,Instituciones Prestadoras de Servicios de Salud - IPS,SI,1
Nariño,MOSQUERA,Profesional Independiente,NO,1
Nariño,NARIÑO,Instituciones Prestadoras de Servicios de Salud - IPS,SI,1
Nariño,NARIÑO,Profesional Independiente,NO,1
Nariño,OLAYA HERRERA,Instituciones Prestadoras de Servicios de Salud - IPS,NO,4
Nariño,OLAYA HERRERA,Instituciones Prestadoras de Servicios de Salud - IPS,SI,7
Nariño,OLAYA HERRERA,Profesional Independiente,NO,7
Nariño,OSPINA,Instituciones Prestadoras de Servicios de Salud - IPS,SI,1
Nariño,OSPINA,Profesional Independiente,NO,2
Nariño,PASTO,Instituciones Prestadoras de Servicios de Salud - IPS,NO,234
Nariño,PASTO,Instituciones Prestadoras de Servicios de Salud - IPS,SI,24
Nariño,PASTO,Objeto Social Diferente a la Prestación de Servicios de Salud,NO,23
Nariño,PASTO,Profesional Independiente,NO,775
Nariño,PASTO,Transporte Especial de Pacientes,NO,4
Nariño,POLICARPA,Instituciones Prestadoras de Servicios de Salud - IPS,NO,2
Nariño,POLICARPA,Instituciones Prestadoras de Servicios de Salud - IPS,SI,9
Nariño,POLICARPA,Profesional Independiente,NO,2
Nariño,POTOSÍ,Instituciones Prestadoras de Servicios de Salud - IPS,NO,1
Nariño,POTOSÍ,Instituciones Prestadoras de Servicios de Salud - IPS,SI,10
Nariño,POTOSÍ,Profesional Independiente,NO,6
Nariño,PROVIDENCIA,Instituciones Prestadoras de Servicios de Salud - IPS,SI,1
Nariño,PROVIDENCIA,Profesional Independiente,NO,2
Nariño,PUERRES,Instituciones Prestadoras de Servicios de Salud - IPS,SI,6
Nariño,PUERRES,Profesional Independiente,NO,4
Nariño,PUPIALES,Instituciones Prestadoras de Servicios de Salud - IPS,NO,2
Nariño,PUPIALES,Instituciones Prestadoras de Servicios de Salud - IPS,SI,3
Nariño,PUPIALES,Profesional Independiente,NO,26
Nariño,RICAURTE,Instituciones Prestadoras de Servicios de Salud - IPS,NO,1
Nariño,RICAURTE,Instituciones Prestadoras de Servicios de Salud - IPS,SI,11
Nariño,RICAURTE,Profesional Independiente,NO,11
Nariño,ROBERTO PAYÁN,Instituciones Prestadoras de Servicios de Salud - IPS,SI,9
Nariño,SAMANIEGO,Instituciones Prestadoras de Servicios de Salud - IPS,NO,7
Nariño,SAMANIEGO,Instituciones Prestadoras de Servicios de Salud - IPS,SI,1
Nariño,SAMANIEGO,Profesional Independiente,NO,16
Nariño,SAN BERNARDO,Instituciones Prestadoras de Servicios de Salud - IPS,NO,1
Nariño,SAN BERNARDO,Instituciones Prestadoras de Servicios de Salud - IPS,SI,1
Nariño,SAN BERNARDO,Profesional Independiente,NO,5
Nariño,SANDONÁ,Instituciones Prestadoras de Servicios de Salud - IPS,NO,8
Nariño,SANDONÁ,Instituciones Prestadoras de Servicios de Salud - IPS,SI,2
Nariño,SANDONÁ,Profesional Independiente,NO,16
Nariño,SAN LORENZO,Instituciones Prestadoras de Servicios de Salud - IPS,NO,4
Nariño,SAN LORENZO,Instituciones Prestadoras de Servicios de Salud - IPS,SI,5
Nariño,SAN LORENZO,Profesional Independiente,NO,5
Nariño,SAN PABLO,Instituciones Prestadoras de Servicios de Salud - IPS,NO,4
Nariño,SAN PABLO,Instituciones Prestadoras de Servicios de Salud - IPS,SI,2
Nariño,SAN PABLO,Profesional Independiente,NO,7
Nariño,SAN PEDRO DE CARTAGO,Instituciones Prestadoras de Servicios de Salud - IPS,SI,1
Nariño,SAN PEDRO DE CARTAGO,Profesional Independiente,NO,1
Nariño,SANTA BÁRBARA,Instituciones Prestadoras de Servicios de Salud - IPS,NO,3
Nariño,SANTA BÁRBARA,Instituciones Prestadoras de Servicios de Salud - IPS,SI,6
Nariño,SANTACRUZ,Instituciones Prestadoras de Servicios de Salud - IPS,NO,1
Nariño,SANTACRUZ,Instituciones Prestadoras de Servicios de Salud - IPS,SI,6
Nariño,SANTACRUZ,Profesional Independiente,NO,3
Nariño,SAPUYES,Instituciones Prestadoras de Servicios de Salud - IPS,NO,1
Nariño,SAPUYES,Instituciones Prestadoras de Servicios de Salud - IPS,SI,3
Nariño,TAMINANGO,Instituciones Prestadoras de Servicios de Salud - IPS,NO,5
Nariño,TAMINANGO,Instituciones Prestadoras de Servicios de Salud - IPS,SI,6
Nariño,TAMINANGO,Profesional Independiente,NO,10
Nariño,TANGUA,Instituciones Prestadoras de Servicios de Salud - IPS,NO,3
Nariño,TANGUA,Instituciones Prestadoras de Servicios de Salud - IPS,SI,3
Nariño,TANGUA,Transporte Especial de Pacientes,NO,1
Nariño,TUMACO,Instituciones Prestadoras de Servicios de Salud - IPS,NO,38
Nariño,TUMACO,Instituciones Prestadoras de Servicios de Salud - IPS,SI,36
Nariño,TUMACO,Objeto Social Diferente a la Prestación de Servicios de Salud,NO,3
Nariño,TUMACO,Profesional Independiente,NO,81
Nariño,TÚQUERRES,Instituciones Prestadoras de Servicios de Salud - IPS,NO,17
Nariño,TÚQUERRES,Objeto Social Diferente a la Prestación de Servicios de Salud,NO,1
Nariño,TÚQUERRES,Profesional Independiente,NO,23
Nariño,YACUANQUER,Instituciones Prestadoras de Servicios de Salud - IPS,NO,2
Nariño,YACUANQUER,Instituciones Prestadoras de Servicios de Salud - IPS,SI,4
Nariño,YACUANQUER,Profesional Independiente,NO,4
Norte de Santander,ABREGO,Instituciones Prestadoras de Servicios de Salud - IPS,NO,4
Norte de Santander,ABREGO,Instituciones Prestadoras de Servicios de Salud - IPS,SI,4
Norte de Santander,ABREGO,Profesional Independiente,NO,9
Norte de Santander,ARBOLEDAS,Instituciones Prestadoras de Servicios de Salud - IPS,SI,3
Norte de Santander,ARBOLEDAS,Profesional Independiente,NO,6
Norte de Santander,BOCHALEMA,Instituciones Prestadoras de Servicios de Salud - IPS,SI,2
Norte de Santander,BOCHALEMA,Profesional Independiente,NO,1
Norte de Santander,BUCARASICA,Instituciones Prestadoras de Servicios de Salud - IPS,SI,3
Norte de Santander,CACHIRÁ,Instituciones Prestadoras de Servicios de Salud - IPS,SI,2
Norte de Santander,CACHIRÁ,Profesional Independiente,NO,3
Norte de Santander,CÁCOTA,Instituciones Prestadoras de Servicios de Salud - IPS,SI,1
Norte de Santander,CHINÁCOTA,Instituciones Prestadoras de Servicios de Salud - IPS,NO,1
Norte de Santander,CHINÁCOTA,Instituciones Prestadoras de Servicios de Salud - IPS,SI,1
Norte de Santander,CHINÁCOTA,Objeto Social Diferente a la Prestación de Servicios de Salud,NO,1
Norte de Santander,CHINÁCOTA,Profesional Independiente,NO,15
Norte de Santander,CHITAGÁ,Instituciones Prestadoras de Servicios de Salud - IPS,NO,1
Norte de Santander,CHITAGÁ,Instituciones Prestadoras de Servicios de Salud - IPS,SI,1
Norte de Santander,CHITAGÁ,Profesional Independiente,NO,5
Norte de Santander,CONVENCIÓN,Instituciones Prestadoras de Servicios de Salud - IPS,NO,1
Norte de Santander,CONVENCIÓN,Instituciones Prestadoras de Servicios de Salud - IPS,SI,3
Norte de Santander,CONVENCIÓN,Profesional Independiente,NO,1
Norte de Santander,CÚCUTA,Instituciones Prestadoras de Servicios de Salud - IPS,NO,275
Norte de Santander,CÚCUTA,Instituciones Prestadoras de Servicios de Salud - IPS,SI,40
Norte de Santander,CÚCUTA,Objeto Social Diferente a la Prestación de Servicios de Salud,NO,26
Norte de Santander,CÚCUTA,Profesional Independiente,NO,1071
Norte de Santander,CÚCUTA,Transporte Especial de Pacientes,NO,5
Norte de Santander,CUCUTILLA,Instituciones Prestadoras de Servicios de Salud - IPS,NO,1
Norte de Santander,CUCUTILLA,Instituciones Prestadoras de Servicios de Salud - IPS,SI,1
Norte de Santander,DURANIA,Instituciones Prestadoras de Servicios de Salud - IPS,SI,1
Norte de Santander,EL CARMEN,Instituciones Prestadoras de Servicios de Salud - IPS,NO,1
Norte de Santander,EL CARMEN,Instituciones Prestadoras de Servicios de Salud - IPS,SI,2
Norte de Santander,EL TARRA,Instituciones Prestadoras de Servicios de Salud - IPS,SI,4
Norte de Santander,EL TARRA,Profesional Independiente,NO,5
Norte de Santander,EL ZULIA,Instituciones Prestadoras de Servicios de Salud - IPS,NO,2
Norte de Santander,EL ZULIA,Instituciones Prestadoras de Servicios de Salud - IPS,SI,2
Norte de Santander,EL ZULIA,Profesional Independiente,NO,10
Norte de Santander,GRAMALOTE,Instituciones Prestadoras de Servicios de Salud - IPS,SI,1
Norte de Santander,GRAMALOTE,Profesional Independiente,NO,3
Norte de Santander,HACARÍ,Instituciones Prestadoras de Servicios de Salud - IPS,SI,1
Norte de Santander,HERRÁN,Instituciones Prestadoras de Servicios de Salud - IPS,SI,1
Norte de Santander,LABATECA,Instituciones Prestadoras de Servicios de Salud - IPS,SI,1
Norte de Santander,LABATECA,Profesional Independiente,NO,1
Norte de Santander,LA ESPERANZA,Instituciones Prestadoras de Servicios de Salud - IPS,SI,2
Norte de Santander,LA PLAYA,Instituciones Prestadoras de Servicios de Salud - IPS,NO,1
Norte de Santander,LA PLAYA,Instituciones Prestadoras de Servicios de Salud - IPS,SI,3
Norte de Santander,LA PLAYA,Profesional Independiente,NO,1
Norte de Santander,LOS PATIOS,Instituciones Prestadoras de Servicios de Salud - IPS,NO,7
Norte de Santander,LOS PATIOS,Instituciones Prestadoras de Servicios de Salud - IPS,SI,3
Norte de Santander,LOS PATIOS,Objeto Social Diferente a la Prestación de Servicios de Salud,NO,2
Norte de Santander,LOS PATIOS,Profesional Independiente,NO,48
Norte de Santander,LOS PATIOS,Transporte Especial de Pacientes,NO,1
Norte de Santander,LOURDES,Instituciones Prestadoras de Servicios de Salud - IPS,SI,1
Norte de Santander,LOURDES,Profesional Independiente,NO,2
Norte de Santander,MUTISCUA,Instituciones Prestadoras de Servicios de Salud - IPS,SI,1
Norte de Santander,OCAÑA,Instituciones Prestadoras de Servicios de Salud - IPS,NO,52
Norte de Santander,OCAÑA,Instituciones Prestadoras de Servicios de Salud - IPS,SI,10
Norte de Santander,OCAÑA,Objeto Social Diferente a la Prestación de Servicios de Salud,NO,4
Norte de Santander,OCAÑA,Profesional Independiente,NO,153
Norte de Santander,OCAÑA,Transporte Especial de Pacientes,NO,2
Norte de Santander,PAMPLONA,Instituciones Prestadoras de Servicios de Salud - IPS,NO,23
Norte de Santander,PAMPLONA,Instituciones Prestadoras de Servicios de Salud - IPS,SI,1
Norte de Santander,PAMPLONA,Objeto Social Diferente a la Prestación de Servicios de Salud,NO,2
Norte de Santander,PAMPLONA,Profesional Independiente,NO,77
Norte de Santander,PAMPLONITA,Instituciones Prestadoras de Servicios de Salud - IPS,SI,1
Norte de Santander,PUERTO SANTANDER,Instituciones Prestadoras de Servicios de Salud - IPS,SI,1
Norte de Santander,PUERTO SANTANDER,Profesional Independiente,NO,3
Norte de Santander,RAGONVALIA,Instituciones Prestadoras de Servicios de Salud - IPS,SI,1
Norte de Santander,RAGONVALIA,Profesional Independiente,NO,2
Norte de Santander,SALAZAR,Instituciones Prestadoras de Servicios de Salud - IPS,SI,3
Norte de Santander,SALAZAR,Profesional Independiente,NO,7
Norte de Santander,SAN CALIXTO,Instituciones Prestadoras de Servicios de Salud - IPS,SI,1
Norte de Santander,SAN CAYETANO,Instituciones Prestadoras de Servicios de Salud - IPS,SI,2
Norte de Santander,SAN CAYETANO,Profesional Independiente,NO,1
Norte de Santander,SANTIAGO,Instituciones Prestadoras de Servicios de Salud - IPS,SI,1
Norte de Santander,SANTIAGO,Profesional Independiente,NO,1
Norte de Santander,SARDINATA,Instituciones Prestadoras de Servicios de Salud - IPS,NO,2
Norte de Santander,SARDINATA,Instituciones Prestadoras de Servicios de Salud - IPS,SI,5
Norte de Santander,SARDINATA,Profesional Independiente,NO,5
Norte de Santander,SILOS,Instituciones Prestadoras de Servicios de Salud - IPS,SI,1
Norte de Santander,TEORAMA,Instituciones Prestadoras de Servicios de Salud - IPS,NO,1
Norte de Santander,TEORAMA,Instituciones Prestadoras de Servicios de Salud - IPS,SI,3
Norte de Santander,TEORAMA,Profesional Independiente,NO,1
Norte de Santander,TIBÚ,Instituciones Prestadoras de Servicios de Salud - IPS,NO,5
Norte de Santander,TIBÚ,Instituciones Prestadoras de Servicios de Salud - IPS,SI,6
Norte de Santander,TIBÚ,Profesional Independiente,NO,8
Norte de Santander,TIBÚ,Transporte Especial de Pacientes,NO,1
Norte de Santander,TOLEDO,Instituciones Prestadoras de Servicios de Salud - IPS,NO,2
Norte de Santander,TOLEDO,Instituciones Prestadoras de Servicios de Salud - IPS,SI,4
Norte de Santander,TOLEDO,Profesional Independiente,NO,6
Norte de Santander,VILLA CARO,Instituciones Prestadoras de Servicios de Salud - IPS,SI,1
Norte de Santander,VILLA CARO,Profesional Independiente,NO,1
Norte de Santander,VILLA DEL ROSARIO,Instituciones Prestadoras de Servicios de Salud - IPS,NO,8
Norte de Santander,VILLA DEL ROSARIO,Instituciones Prestadoras de Servicios de Salud - IPS,SI,7
Norte de Santander,VILLA DEL ROSARIO,Objeto Social Diferente a la Prestación de Servicios de Salud,NO,2
Norte de Santander,VILLA DEL ROSARIO,Profesional Independiente,NO,26
Putumayo,COLÓN,Instituciones Prestadoras de Servicios de Salud - IPS,NO,1
Putumayo,COLÓN,Instituciones Prestadoras de Servicios de Salud - IPS,SI,2
Putumayo,COLÓN,Profesional Independiente,NO,2
Putumayo,LEGUÍZAMO,Instituciones Prestadoras de Servicios de Salud - IPS,NO,1
Putumayo,LEGUÍZAMO,Instituciones Prestadoras de Servicios de Salud - IPS,SI,3
Putumayo,LEGUÍZAMO,Profesional Independiente,NO,5
Putumayo,MOCOA,Instituciones Prestadoras de Servicios de Salud - IPS,NO,37
Putumayo,MOCOA,Instituciones Prestadoras de Servicios de Salud - IPS,SI,2
Putumayo,MOCOA,Objeto Social Diferente a la Prestación de Servicios de Salud,NO,2
Putumayo,MOCOA,Profesional Independiente,NO,47
Putumayo,MOCOA,Transporte Especial de Pacientes,NO,5
Putumayo,ORITO,Instituciones Prestadoras de Servicios de Salud - IPS,NO,11
Putumayo,ORITO,Instituciones Prestadoras de Servicios de Salud - IPS,SI,4
Putumayo,ORITO,Profesional Independiente,NO,12
Putumayo,PUERTO ASÍS,Instituciones Prestadoras de Servicios de Salud - IPS,NO,16
Putumayo,PUERTO ASÍS,Instituciones Prestadoras de Servicios de Salud - IPS,SI,5
Putumayo,PUERTO ASÍS,Objeto Social Diferente a la Prestación de Servicios de Salud,NO,1
Putumayo,PUERTO ASÍS,Profesional Independiente,NO,25
Putumayo,PUERTO ASÍS,Transporte Especial de Pacientes,NO,3
Putumayo,PUERTO CAICEDO,Instituciones Prestadoras de Servicios de Salud - IPS,NO,2
Putumayo,PUERTO CAICEDO,Instituciones Prestadoras de Servicios de Salud - IPS,SI,2
Putumayo,PUERTO CAICEDO,Profesional Independiente,NO,4
Putumayo,PUERTO GUZMÁN,Instituciones Prestadoras de Servicios de Salud - IPS,NO,1
Putumayo,PUERTO GUZMÁN,Instituciones Prestadoras de Servicios de Salud - IPS,SI,1
Putumayo,PUERTO GUZMÁN,Profesional Independiente,NO,2
Putumayo,SAN FRANCISCO,Instituciones Prestadoras de Servicios de Salud - IPS,NO,1
Putumayo,SAN FRANCISCO,Instituciones Prestadoras de Servicios de Salud - IPS,SI,1
Putumayo,SAN FRANCISCO,Profesional Independiente,NO,1
Putumayo,SAN MIGUEL,Instituciones Prestadoras de Servicios de Salud - IPS,NO,1
Putumayo,SAN MIGUEL,Instituciones Prestadoras de Servicios de Salud - IPS,SI,2
Putumayo,SAN MIGUEL,Profesional Independiente,NO,5
Putumayo,SANTIAGO,Instituciones Prestadoras de Servicios de Salud - IPS,NO,2
Putumayo,SANTIAGO,Instituciones Prestadoras de Servicios de Salud - IPS,SI,1
Putumayo,SIBUNDOY,Instituciones Prestadoras de Servicios de Salud - IPS,NO,10
Putumayo,SIBUNDOY,Instituciones Prestadoras de Servicios de Salud - IPS,SI,1
Putumayo,SIBUNDOY,Profesional Independiente,NO,13
Putumayo,VALLE DEL GUAMUEZ,Instituciones Prestadoras de Servicios de Salud - IPS,NO,11
Putumayo,VALLE DEL GUAMUEZ,Instituciones Prestadoras de Servicios de Salud - IPS,SI,4
Putumayo,VALLE DEL GUAMUEZ,Objeto Social Diferente a la Prestación de Servicios de Salud,NO,2
Putumayo,VALLE DEL GUAMUEZ,Profesional Independiente,NO,24
Putumayo,VALLE DEL GUAMUEZ,Transporte Especial de Pacientes,NO,1
Putumayo,VILLAGARZÓN,Instituciones Prestadoras de Servicios de Salud - IPS,NO,3
Putumayo,VILLAGARZÓN,Instituciones Prestadoras de Servicios de Salud - IPS,SI,3
Putumayo,VILLAGARZÓN,Objeto Social Diferente a la Prestación de Servicios de Salud,NO,1
Putumayo,VILLAGARZÓN,Profesional Independiente,NO,12
Quindío,ARMENIA,Instituciones Prestadoras de Servicios de Salud - IPS,NO,189
Quindío,ARMENIA,Instituciones Prestadoras de Servicios de Salud - IPS,SI,11
Quindío,ARMENIA,Objeto Social Diferente a la Prestación de Servicios de Salud,NO,20
Quindío,ARMENIA,Profesional Independiente,NO,833
Quindío,ARMENIA,Transporte Especial de Pacientes,NO,9
Quindío,BUENAVISTA,Instituciones Prestadoras de Servicios de Salud - IPS,SI,1
Quindío,CALARCA,Instituciones Prestadoras de Servicios de Salud - IPS,NO,5
Quindío,CALARCA,Instituciones Prestadoras de Servicios de Salud - IPS,SI,6
Quindío,CALARCA,Objeto Social Diferente a la Prestación de Servicios de Salud,NO,3
Quindío,CALARCA,Profesional Independiente,NO,38
Quindío,CALARCA,Transporte Especial de Pacientes,NO,1
Quindío,CIRCASIA,Instituciones Prestadoras de Servicios de Salud - IPS,NO,2
Quindío,CIRCASIA,Instituciones Prestadoras de Servicios de Salud - IPS,SI,1
Quindío,CIRCASIA,Profesional Independiente,NO,24
Quindío,CIRCASIA,Transporte Especial de Pacientes,NO,1
Quindío,CÓRDOBA,Instituciones Prestadoras de Servicios de Salud - IPS,SI,1
Quindío,FILANDIA,Instituciones Prestadoras de Servicios de Salud - IPS,SI,3
Quindío,FILANDIA,Objeto Social Diferente a la Prestación de Servicios de Salud,NO,2
Quindío,FILANDIA,Profesional Independiente,NO,10
Quindío,GÉNOVA,Instituciones Prestadoras de Servicios de Salud - IPS,SI,1
Quindío,GÉNOVA,Profesional Independiente,NO,2
Quindío,LA TEBAIDA,Instituciones Prestadoras de Servicios de Salud - IPS,NO,3
Quindío,LA TEBAIDA,Instituciones Prestadoras de Servicios de Salud - IPS,SI,1
Quindío,LA TEBAIDA,Profesional Independiente,NO,17
Quindío,LA TEBAIDA,Transporte Especial de Pacientes,NO,1
Quindío,MONTENEGRO,Instituciones Prestadoras de Servicios de Salud - IPS,NO,2
Quindío,MONTENEGRO,Instituciones Prestadoras de Servicios de Salud - IPS,SI,2
Quindío,MONTENEGRO,Profesional Independiente,NO,12
Quindío,PIJAO,Instituciones Prestadoras de Servicios de Salud - IPS,SI,1
Quindío,QUIMBAYA,Instituciones Prestadoras de Servicios de Salud - IPS,NO,1
Quindío,QUIMBAYA,Instituciones Prestadoras de Servicios de Salud - IPS,SI,1
Quindío,QUIMBAYA,Objeto Social Diferente a la Prestación de Servicios de Salud,NO,1
Quindío,QUIMBAYA,Profesional Independiente,NO,33
Quindío,SALENTO,Instituciones Prestadoras de Servicios de Salud - IPS,SI,2
Quindío,SALENTO,Profesional Independiente,NO,1
Risaralda,APÍA,Instituciones Prestadoras de Servicios de Salud - IPS,SI,2
Risaralda,APÍA,Profesional Independiente,NO,2
Risaralda,BALBOA,Instituciones Prestadoras de Servicios de Salud - IPS,SI,1
Risaralda,BELÉN DE UMBRÍA,Instituciones Prestadoras de Servicios de Salud - IPS,SI,1
Risaralda,BELÉN DE UMBRÍA,Profesional Independiente,NO,11
Risaralda,DOSQUEBRADAS,Instituciones Prestadoras de Servicios de Salud - IPS,NO,30
Risaralda,DOSQUEBRADAS,Instituciones Prestadoras de Servicios de Salud - IPS,SI,6
Risaralda,DOSQUEBRADAS,Objeto Social Diferente a la Prestación de Servicios de Salud,NO,4
Risaralda,DOSQUEBRADAS,Profesional Independiente,NO,68
Risaralda,DOSQUEBRADAS,Transporte Especial de Pacientes,NO,2
Risaralda,GUÁTICA,Instituciones Prestadoras de Servicios de Salud - IPS,SI,1
Risaralda,GUÁTICA,Profesional Independiente,NO,4
Risaralda,LA CELIA,Instituciones Prestadoras de Servicios de Salud - IPS,SI,1
Risaralda,LA CELIA,Profesional Independiente,NO,1
Risaralda,LA VIRGINIA,Instituciones Prestadoras de Servicios de Salud - IPS,NO,5
Risaralda,LA VIRGINIA,Instituciones Prestadoras de Servicios de Salud - IPS,SI,1
Risaralda,LA VIRGINIA,Objeto Social Diferente a la Prestación de Servicios de Salud,NO,1
Risaralda,LA VIRGINIA,Profesional Independiente,NO,18
Risaralda,MARSELLA,Instituciones Prestadoras de Servicios de Salud - IPS,SI,1
Risaralda,MARSELLA,Profesional Independiente,NO,7
Risaralda,MISTRATÓ,Instituciones Prestadoras de Servicios de Salud - IPS,SI,6
Risaralda,MISTRATÓ,Profesional Independiente,NO,2
Risaralda,PEREIRA,Instituciones Prestadoras de Servicios de Salud - IPS,NO,287
Risaralda,PEREIRA,Instituciones Prestadoras de Servicios de Salud - IPS,SI,23
Risaralda,PEREIRA,Objeto Social Diferente a la Prestación de Servicios de Salud,NO,26
Risaralda,PEREIRA,Profesional Independiente,NO,1195
Risaralda,PEREIRA,Transporte Especial de Pacientes,NO,9
Risaralda,PUEBLO RICO,Instituciones Prestadoras de Servicios de Salud - IPS,SI,3
Risaralda,PUEBLO RICO,Profesional Independiente,NO,1
Risaralda,QUINCHÍA,Instituciones Prestadoras de Servicios de Salud - IPS,SI,2
Risaralda,QUINCHÍA,Profesional Independiente,NO,11
Risaralda,SANTA ROSA DE CABAL,Instituciones Prestadoras de Servicios de Salud - IPS,NO,2
Risaralda,SANTA ROSA DE CABAL,Instituciones Prestadoras de Servicios de Salud - IPS,SI,1
Risaralda,SANTA ROSA DE CABAL,Objeto Social Diferente a la Prestación de Servicios de Salud,NO,1
Risaralda,SANTA ROSA DE CABAL,Profesional Independiente,NO,61
Risaralda,SANTA ROSA DE CABAL,Transporte Especial de Pacientes,NO,1
Risaralda,SANTUARIO,Instituciones Prestadoras de Servicios de Salud - IPS,SI,1
Risaralda,SANTUARIO,Profesional Independiente,NO,3
San Andrés y Providencia,PROVIDENCIA,Instituciones Prestadoras de Servicios de Salud - IPS,SI,1
San Andrés y Providencia,PROVIDENCIA,Objeto Social Diferente a la Prestación de Servicios de Salud,NO,1
San Andrés y Providencia,PROVIDENCIA,Profesional Independiente,NO,3
San Andrés y Providencia,SAN ANDRÉS,Instituciones Prestadoras de Servicios de Salud - IPS,NO,22
San Andrés y Providencia,SAN ANDRÉS,Instituciones Prestadoras de Servicios de Salud - IPS,SI,3
San Andrés y Providencia,SAN ANDRÉS,Objeto Social Diferente a la Prestación de Servicios de Salud,NO,1
San Andrés y Providencia,SAN ANDRÉS,Profesional Independiente,NO,62
Santander,AGUADA,Instituciones Prestadoras de Servicios de Salud - IPS,SI,1
Santander,ALBANIA,Instituciones Prestadoras de Servicios de Salud - IPS,SI,1
Santander,ARATOCA,Instituciones Prestadoras de Servicios de Salud - IPS,SI,1
Santander,ARATOCA,Profesional Independiente,NO,1
Santander,BARBOSA,Instituciones Prestadoras de Servicios de Salud - IPS,NO,19
Santander,BARBOSA,Instituciones Prestadoras de Servicios de Salud - IPS,SI,1
Santander,BARBOSA,Objeto Social Diferente a la Prestación de Servicios de Salud,NO,2
Santander,BARBOSA,Profesional Independiente,NO,42
Santander,BARICHARA,Instituciones Prestadoras de Servicios de Salud - IPS,NO,2
Santander,BARICHARA,Instituciones Prestadoras de Servicios de Salud - IPS,SI,1
Santander,BARICHARA,Objeto Social Diferente a la Prestación de Servicios de Salud,NO,1
Santander,BARICHARA,Profesional Independiente,NO,1
Santander,BARRANCABERMEJA,Instituciones Prestadoras de Servicios de Salud - IPS,NO,108
Santander,BARRANCABERMEJA,Instituciones Prestadoras de Servicios de Salud - IPS,SI,12
Santander,BARRANCABERMEJA,Objeto Social Diferente a la Prestación de Servicios de Salud,NO,6
Santander,BARRANCABERMEJA,Profesional Independiente,NO,191
Santander,BARRANCABERMEJA,Transporte Especial de Pacientes,NO,3
Santander,BETULIA,Instituciones Prestadoras de Servicios de Salud - IPS,NO,1
Santander,BETULIA,Instituciones Prestadoras de Servicios de Salud - IPS,SI,2
Santander,BOLÍVAR,Instituciones Prestadoras de Servicios de Salud - IPS,SI,1
Santander,BOLÍVAR,Profesional Independiente,NO,5
Santander,BUCARAMANGA,Instituciones Prestadoras de Servicios de Salud - IPS,NO,445
Santander,BUCARAMANGA,Instituciones Prestadoras de Servicios de Salud - IPS,SI,27
Santander,BUCARAMANGA,Objeto Social Diferente a la Prestación de Servicios de Salud,NO,32
Santander,BUCARAMANGA,Profesional Independiente,NO,1024
Santander,BUCARAMANGA,Transporte Especial de Pacientes,NO,7
Santander,CABRERA,Instituciones Prestadoras de Servicios de Salud - IPS,SI,1
Santander,CALIFORNIA,Instituciones Prestadoras de Servicios de Salud - IPS,SI,1
Santander,CALIFORNIA,Objeto Social Diferente a la Prestación de Servicios de Salud,NO,1
Santander,CAPITANEJO,Instituciones Prestadoras de Servicios de Salud - IPS,SI,1
Santander,CAPITANEJO,Profesional Independiente,NO,3
Santander,CARCASÍ,Instituciones Prestadoras de Servicios de Salud - IPS,SI,1
Santander,CEPITÁ,Instituciones Prestadoras de Servicios de Salud - IPS,SI,1
Santander,CERRITO,Instituciones Prestadoras de Servicios de Salud - IPS,NO,1
Santander,CERRITO,Instituciones Prestadoras de Servicios de Salud - IPS,SI,1
Santander,CHARALÁ,Instituciones Prestadoras de Servicios de Salud - IPS,SI,2
Santander,CHARALÁ,Profesional Independiente,NO,5
Santander,CHARTA,Instituciones Prestadoras de Servicios de Salud - IPS,SI,1
Santander,CHIMA,Instituciones Prestadoras de Servicios de Salud - IPS,SI,1
Santander,CHIPATÁ,Instituciones Prestadoras de Servicios de Salud - IPS,SI,1
Santander,CIMITARRA,Instituciones Prestadoras de Servicios de Salud - IPS,NO,5
Santander,CIMITARRA,Instituciones Prestadoras de Servicios de Salud - IPS,SI,3
Santander,CIMITARRA,Profesional Independiente,NO,14
Santander,CONCEPCIÓN,Instituciones Prestadoras de Servicios de Salud - IPS,SI,1
Santander,CONFINES,Instituciones Prestadoras de Servicios de Salud - IPS,SI,1
Santander,CONTRATACIÓN,Instituciones Prestadoras de Servicios de Salud - IPS,SI,3
Santander,CONTRATACIÓN,Profesional Independiente,NO,2
Santander,COROMORO,Instituciones Prestadoras de Servicios de Salud - IPS,SI,2
Santander,CURITÍ,Instituciones Prestadoras de Servicios de Salud - IPS,SI,1
Santander,EL CARMEN DE CHUCURÍ,Instituciones Prestadoras de Servicios de Salud - IPS,NO,1
Santander,EL CARMEN DE CHUCURÍ,Instituciones Prestadoras de Servicios de Salud - IPS,SI,9
Santander,EL CARMEN DE CHUCURÍ,Profesional Independiente,NO,4
Santander,EL GUACAMAYO,Instituciones Prestadoras de Servicios de Salud - IPS,SI,1
Santander,EL PEÑÓN,Instituciones Prestadoras de Servicios de Salud - IPS,SI,1
Santander,EL PLAYÓN,Instituciones Prestadoras de Servicios de Salud - IPS,NO,2
Santander,EL PLAYÓN,Instituciones Prestadoras de Servicios de Salud - IPS,SI,6
Santander,ENCINO,Instituciones Prestadoras de Servicios de Salud - IPS,SI,1
Santander,ENCISO,Instituciones Prestadoras de Servicios de Salud - IPS,SI,1
Santander,FLORIÁN,Instituciones Prestadoras de Servicios de Salud - IPS,SI,1
Santander,FLORIDABLANCA,Instituciones Prestadoras de Servicios de Salud - IPS,NO,134
Santander,FLORIDABLANCA,Instituciones Prestadoras de Servicios de Salud - IPS,SI,8
Santander,FLORIDABLANCA,Objeto Social Diferente a la Prestación de Servicios de Salud,NO,10
Santander,FLORIDABLANCA,Profesional Independiente,NO,378
Santander,FLORIDABLANCA,Transporte Especial de Pacientes,NO,2
Santander,GALÁN,Instituciones Prestadoras de Servicios de Salud - IPS,SI,1
Santander,GAMBITA,Instituciones Prestadoras de Servicios de Salud - IPS,SI,1
Santander,GIRÓN,Instituciones Prestadoras de Servicios de Salud - IPS,NO,31
Santander,GIRÓN,Instituciones Prestadoras de Servicios de Salud - IPS,SI,4
Santander,GIRÓN,Objeto Social Diferente a la Prestación de Servicios de Salud,NO,3
Santander,GIRÓN,Profesional Independiente,NO,41
Santander,GIRÓN,Transporte Especial de Pacientes,NO,1
Santander,GUACA,Instituciones Prestadoras de Servicios de Salud - IPS,SI,1
Santander,GUACA,Profesional Independiente,NO,2
Santander,GUADALUPE,Instituciones Prestadoras de Servicios de Salud - IPS,SI,1
Santander,GUAPOTÁ,Instituciones Prestadoras de Servicios de Salud - IPS,SI,1
Santander,GUAVATÁ,Instituciones Prestadoras de Servicios de Salud - IPS,SI,1
Santander,GUAVATÁ,Profesional Independiente,NO,1
Santander,GÜEPSA,Instituciones Prestadoras de Servicios de Salud - IPS,NO,1
Santander,GÜEPSA,Instituciones Prestadoras de Servicios de Salud - IPS,SI,1
Santander,GÜEPSA,Profesional Independiente,NO,1
Santander,HATO,Instituciones Prestadoras de Servicios de Salud - IPS,SI,1
Santander,JESÚS MARÍA,Instituciones Prestadoras de Servicios de Salud - IPS,SI,1
Santander,JESÚS MARÍA,Profesional Independiente,NO,2
Santander,JORDÁN,Instituciones Prestadoras de Servicios de Salud - IPS,SI,1
Santander,LA BELLEZA,Instituciones Prestadoras de Servicios de Salud - IPS,SI,1
Santander,LA BELLEZA,Profesional Independiente,NO,1
Santander,LANDÁZURI,Instituciones Prestadoras de Servicios de Salud - IPS,NO,1
Santander,LANDÁZURI,Instituciones Prestadoras de Servicios de Salud - IPS,SI,1
Santander,LANDÁZURI,Profesional Independiente,NO,2
Santander,LA PAZ,Instituciones Prestadoras de Servicios de Salud - IPS,SI,1
Santander,LEBRÍJA,Instituciones Prestadoras de Servicios de Salud - IPS,NO,6
Santander,LEBRÍJA,Instituciones Prestadoras de Servicios de Salud - IPS,SI,1
Santander,LEBRÍJA,Objeto Social Diferente a la Prestación de Servicios de Salud,NO,2
Santander,LEBRÍJA,Profesional Independiente,NO,13
Santander,LOS SANTOS,Instituciones Prestadoras de Servicios de Salud - IPS,NO,1
Santander,LOS SANTOS,Instituciones Prestadoras de Servicios de Salud - IPS,SI,2
Santander,LOS SANTOS,Profesional Independiente,NO,5
Santander,MACARAVITA,Instituciones Prestadoras de Servicios de Salud - IPS,SI,1
Santander,MÁLAGA,Instituciones Prestadoras de Servicios de Salud - IPS,NO,8
Santander,MÁLAGA,Instituciones Prestadoras de Servicios de Salud - IPS,SI,1
Santander,MÁLAGA,Objeto Social Diferente a la Prestación de Servicios de Salud,NO,1
Santander,MÁLAGA,Profesional Independiente,NO,24
Santander,MATANZA,Instituciones Prestadoras de Servicios de Salud - IPS,SI,1
Santander,MATANZA,Profesional Independiente,NO,1
Santander,MOGOTES,Instituciones Prestadoras de Servicios de Salud - IPS,SI,1
Santander,MOGOTES,Profesional Independiente,NO,2
Santander,MOLAGAVITA,Instituciones Prestadoras de Servicios de Salud - IPS,SI,1
Santander,OCAMONTE,Instituciones Prestadoras de Servicios de Salud - IPS,SI,1
Santander,OIBA,Instituciones Prestadoras de Servicios de Salud - IPS,NO,1
Santander,OIBA,Instituciones Prestadoras de Servicios de Salud - IPS,SI,1
Santander,OIBA,Profesional Independiente,NO,11
Santander,ONZAGA,Instituciones Prestadoras de Servicios de Salud - IPS,SI,1
Santander,PALMAR,Instituciones Prestadoras de Servicios de Salud - IPS,SI,1
Santander,PALMAS DEL SOCORRO,Instituciones Prestadoras de Servicios de Salud - IPS,SI,1
Santander,PÁRAMO,Instituciones Prestadoras de Servicios de Salud - IPS,SI,1
Santander,PÁRAMO,Profesional Independiente,NO,1
Santander,PIEDECUESTA,Instituciones Prestadoras de Servicios de Salud - IPS,NO,77
Santander,PIEDECUESTA,Instituciones Prestadoras de Servicios de Salud - IPS,SI,2
Santander,PIEDECUESTA,Objeto Social Diferente a la Prestación de Servicios de Salud,NO,5
Santander,PIEDECUESTA,Profesional Independiente,NO,298
Santander,PINCHOTE,Instituciones Prestadoras de Servicios de Salud - IPS,SI,1
Santander,PUENTE NACIONAL,Instituciones Prestadoras de Servicios de Salud - IPS,NO,2
Santander,PUENTE NACIONAL,Instituciones Prestadoras de Servicios de Salud - IPS,SI,1
Santander,PUENTE NACIONAL,Profesional Independiente,NO,15
Santander,PUERTO PARRA,Instituciones Prestadoras de Servicios de Salud - IPS,SI,1
Santander,PUERTO PARRA,Profesional Independiente,NO,2
Santander,PUERTO WILCHES,Instituciones Prestadoras de Servicios de Salud - IPS,NO,6
Santander,PUERTO WILCHES,Instituciones Prestadoras de Servicios de Salud - IPS,SI,1
Santander,PUERTO WILCHES,Profesional Independiente,NO,10
Santander,RIONEGRO,Instituciones Prestadoras de Servicios de Salud - IPS,NO,1
Santander,RIONEGRO,Instituciones Prestadoras de Servicios de Salud - IPS,SI,2
Santander,RIONEGRO,Objeto Social Diferente a la Prestación de Servicios de Salud,NO,1
Santander,RIONEGRO,Profesional Independiente,NO,5
Santander,SABANA DE TORRES,Instituciones Prestadoras de Servicios de Salud - IPS,NO,5
Santander,SABANA DE TORRES,Instituciones Prestadoras de Servicios de Salud - IPS,SI,1
Santander,SABANA DE TORRES,Objeto Social Diferente a la Prestación de Servicios de Salud,NO,1
Santander,SABANA DE TORRES,Profesional Independiente,NO,12
Santander,SAN ANDRÉS,Instituciones Prestadoras de Servicios de Salud - IPS,SI,1
Santander,SAN ANDRÉS,Profesional Independiente,NO,5
Santander,SAN BENITO,Instituciones Prestadoras de Servicios de Salud - IPS,SI,1
Santander,SAN GIL,Instituciones Prestadoras de Servicios de Salud - IPS,NO,38
Santander,SAN GIL,Instituciones Prestadoras de Servicios de Salud - IPS,SI,2
Santander,SAN GIL,Objeto Social Diferente a la Prestación de Servicios de Salud,NO,1
Santander,SAN GIL,Profesional Independiente,NO,98
Santander,SAN JOAQUÍN,Instituciones Prestadoras de Servicios de Salud - IPS,SI,1
Santander,SAN JOSÉ DE MIRANDA,Instituciones Prestadoras de Servicios de Salud - IPS,SI,1
Santander,SAN MIGUEL,Instituciones Prestadoras de Servicios de Salud - IPS,SI,1
Santander,SANTA BÁRBARA,Instituciones Prestadoras de Servicios de Salud - IPS,SI,1
Santander,SANTA HELENA DEL OPÓN,Instituciones Prestadoras de Servicios de Salud - IPS,SI,1
Santander,SAN VICENTE DE CHUCURÍ,Instituciones Prestadoras de Servicios de Salud - IPS,NO,4
Santander,SAN VICENTE DE CHUCURÍ,Instituciones Prestadoras de Servicios de Salud - IPS,SI,2
Santander,SAN VICENTE DE CHUCURÍ,Profesional Independiente,NO,5
Santander,SIMACOTA,Instituciones Prestadoras de Servicios de Salud - IPS,SI,3
Santander,SIMACOTA,Profesional Independiente,NO,1
Santander,SOCORRO,Instituciones Prestadoras de Servicios de Salud - IPS,NO,11
Santander,SOCORRO,Instituciones Prestadoras de Servicios de Salud - IPS,SI,1
Santander,SOCORRO,Objeto Social Diferente a la Prestación de Servicios de Salud,NO,4
Santander,SOCORRO,Profesional Independiente,NO,34
Santander,SOCORRO,Transporte Especial de Pacientes,NO,1
Santander,SUAITA,Instituciones Prestadoras de Servicios de Salud - IPS,NO,1
Santander,SUAITA,Instituciones Prestadoras de Servicios de Salud - IPS,SI,1
Santander,SUAITA,Profesional Independiente,NO,2
Santander,SUCRE,Instituciones Prestadoras de Servicios de Salud - IPS,SI,4
Santander,SUCRE,Profesional Independiente,NO,1
Santander,SURATÁ,Instituciones Prestadoras de Servicios de Salud - IPS,SI,1
Santander,TONA,Instituciones Prestadoras de Servicios de Salud - IPS,SI,2
Santander,VALLE DE SAN JOSÉ,Instituciones Prestadoras de Servicios de Salud - IPS,SI,1
Santander,VALLE DE SAN JOSÉ,Profesional Independiente,NO,2
Santander,VÉLEZ,Instituciones Prestadoras de Servicios de Salud - IPS,NO,8
Santander,VÉLEZ,Instituciones Prestadoras de Servicios de Salud - IPS,SI,1
Santander,VÉLEZ,Profesional Independiente,NO,10
Santander,VETAS,Instituciones Prestadoras de Servicios de Salud - IPS,SI,1
Santander,VILLANUEVA,Instituciones Prestadoras de Servicios de Salud - IPS,SI,1
Santander,VILLANUEVA,Profesional Independiente,NO,4
Santander,ZAPATOCA,Instituciones Prestadoras de Servicios de Salud - IPS,NO,2
Santander,ZAPATOCA,Instituciones Prestadoras de Servicios de Salud - IPS,SI,1
Santander,ZAPATOCA,Profesional Independiente,NO,3
Sucre,BUENAVISTA,Instituciones Prestadoras de Servicios de Salud - IPS,NO,5
Sucre,BUENAVISTA,Instituciones Prestadoras de Servicios de Salud - IPS,SI,1
Sucre,BUENAVISTA,Profesional Independiente,NO,3
Sucre,CAIMITO,Instituciones Prestadoras de Servicios de Salud - IPS,NO,2
Sucre,CAIMITO,Instituciones Prestadoras de Servicios de Salud - IPS,SI,1
Sucre,CAIMITO,Profesional Independiente,NO,1
Sucre,CHALÁN,Instituciones Prestadoras de Servicios de Salud - IPS,NO,3
Sucre,CHALÁN,Profesional Independiente,NO,1
Sucre,COLOSO,Instituciones Prestadoras de Servicios de Salud - IPS,NO,1
Sucre,COLOSO,Instituciones Prestadoras de Servicios de Salud - IPS,SI,1
Sucre,COLOSO,Profesional Independiente,NO,1
Sucre,COROZAL,Instituciones Prestadoras de Servicios de Salud - IPS,NO,29
Sucre,COROZAL,Instituciones Prestadoras de Servicios de Salud - IPS,SI,4
Sucre,COROZAL,Objeto Social Diferente a la Prestación de Servicios de Salud,NO,3
Sucre,COROZAL,Profesional Independiente,NO,31
Sucre,COROZAL,Transporte Especial de Pacientes,NO,1
Sucre,COVEÑAS,Instituciones Prestadoras de Servicios de Salud - IPS,NO,8
Sucre,COVEÑAS,Profesional Independiente,NO,7
Sucre,COVEÑAS,Transporte Especial de Pacientes,NO,1
Sucre,EL ROBLE,Instituciones Prestadoras de Servicios de Salud - IPS,NO,3
Sucre,EL ROBLE,Instituciones Prestadoras de Servicios de Salud - IPS,SI,1
Sucre,GALERAS,Instituciones Prestadoras de Servicios de Salud - IPS,NO,5
Sucre,GALERAS,Instituciones Prestadoras de Servicios de Salud - IPS,SI,1
Sucre,GALERAS,Profesional Independiente,NO,2
Sucre,GUARANDA,Instituciones Prestadoras de Servicios de Salud - IPS,NO,4
Sucre,GUARANDA,Instituciones Prestadoras de Servicios de Salud - IPS,SI,1
Sucre,GUARANDA,Profesional Independiente,NO,2
Sucre,LA UNIÓN,Instituciones Prestadoras de Servicios de Salud - IPS,NO,2
Sucre,LA UNIÓN,Instituciones Prestadoras de Servicios de Salud - IPS,SI,1
Sucre,LA UNIÓN,Profesional Independiente,NO,2
Sucre,LOS PALMITOS,Instituciones Prestadoras de Servicios de Salud - IPS,NO,4
Sucre,LOS PALMITOS,Instituciones Prestadoras de Servicios de Salud - IPS,SI,1
Sucre,LOS PALMITOS,Profesional Independiente,NO,3
Sucre,MAJAGUAL,Instituciones Prestadoras de Servicios de Salud - IPS,NO,9
Sucre,MAJAGUAL,Instituciones Prestadoras de Servicios de Salud - IPS,SI,1
Sucre,MAJAGUAL,Profesional Independiente,NO,3
Sucre,MORROA,Instituciones Prestadoras de Servicios de Salud - IPS,NO,4
Sucre,MORROA,Instituciones Prestadoras de Servicios de Salud - IPS,SI,4
Sucre,MORROA,Profesional Independiente,NO,2
Sucre,OVEJAS,Instituciones Prestadoras de Servicios de Salud - IPS,NO,7
Sucre,OVEJAS,Instituciones Prestadoras de Servicios de Salud - IPS,SI,6
Sucre,OVEJAS,Objeto Social Diferente a la Prestación de Servicios de Salud,NO,1
Sucre,OVEJAS,Profesional Independiente,NO,2
Sucre,PALMITO,Instituciones Prestadoras de Servicios de Salud - IPS,NO,4
Sucre,PALMITO,Instituciones Prestadoras de Servicios de Salud - IPS,SI,1
Sucre,SAMPUÉS,Instituciones Prestadoras de Servicios de Salud - IPS,NO,11
Sucre,SAMPUÉS,Instituciones Prestadoras de Servicios de Salud - IPS,SI,2
Sucre,SAMPUÉS,Profesional Independiente,NO,6
Sucre,SAN BENITO ABAD,Instituciones Prestadoras de Servicios de Salud - IPS,NO,7
Sucre,SAN BENITO ABAD,Instituciones Prestadoras de Servicios de Salud - IPS,SI,4
Sucre,SAN BENITO ABAD,Profesional Independiente,NO,5
Sucre,SAN JUAN DE BETULIA,Instituciones Prestadoras de Servicios de Salud - IPS,NO,1
Sucre,SAN JUAN DE BETULIA,Instituciones Prestadoras de Servicios de Salud - IPS,SI,1
Sucre,SAN JUAN DE BETULIA,Profesional Independiente,NO,2
Sucre,SAN MARCOS,Instituciones Prestadoras de Servicios de Salud - IPS,NO,19
Sucre,SAN MARCOS,Instituciones Prestadoras de Servicios de Salud - IPS,SI,3
Sucre,SAN MARCOS,Profesional Independiente,NO,9
Sucre,SAN MARCOS,Transporte Especial de Pacientes,NO,2
Sucre,SAN ONOFRE,Instituciones Prestadoras de Servicios de Salud - IPS,NO,12
Sucre,SAN ONOFRE,Instituciones Prestadoras de Servicios de Salud - IPS,SI,7
Sucre,SAN ONOFRE,Profesional Independiente,NO,6
Sucre,SAN PEDRO,Instituciones Prestadoras de Servicios de Salud - IPS,NO,6
Sucre,SAN PEDRO,Instituciones Prestadoras de Servicios de Salud - IPS,SI,1
Sucre,SAN PEDRO,Profesional Independiente,NO,7
Sucre,SANTIAGO DE TOLÚ,Instituciones Prestadoras de Servicios de Salud - IPS,NO,9
Sucre,SANTIAGO DE TOLÚ,Instituciones Prestadoras de Servicios de Salud - IPS,SI,1
Sucre,SANTIAGO DE TOLÚ,Profesional Independiente,NO,10
Sucre,SINCÉ,Instituciones Prestadoras de Servicios de Salud - IPS,NO,8
Sucre,SINCÉ,Instituciones Prestadoras de Servicios de Salud - IPS,SI,5
Sucre,SINCÉ,Profesional Independiente,NO,8
Sucre,SINCELEJO,Instituciones Prestadoras de Servicios de Salud - IPS,NO,238
Sucre,SINCELEJO,Instituciones Prestadoras de Servicios de Salud - IPS,SI,22
Sucre,SINCELEJO,Objeto Social Diferente a la Prestación de Servicios de Salud,NO,15
Sucre,SINCELEJO,Profesional Independiente,NO,235
Sucre,SINCELEJO,Transporte Especial de Pacientes,NO,3
Sucre,SUCRE,Instituciones Prestadoras de Servicios de Salud - IPS,NO,5
Sucre,SUCRE,Instituciones Prestadoras de Servicios de Salud - IPS,SI,1
Sucre,SUCRE,Profesional Independiente,NO,3
Sucre,TOLÚ VIEJO,Instituciones Prestadoras de Servicios de Salud - IPS,NO,6
Sucre,TOLÚ VIEJO,Instituciones Prestadoras de Servicios de Salud - IPS,SI,1
Sucre,TOLÚ VIEJO,Profesional Independiente,NO,2
Tolima,ALPUJARRA,Instituciones Prestadoras de Servicios de Salud - IPS,SI,1
Tolima,ALVARADO,Instituciones Prestadoras de Servicios de Salud - IPS,SI,1
Tolima,ALVARADO,Transporte Especial de Pacientes,NO,1
Tolima,AMBALEMA,Instituciones Prestadoras de Servicios de Salud - IPS,SI,1
Tolima,AMBALEMA,Profesional Independiente,NO,1
Tolima,ANZOÁTEGUI,Instituciones Prestadoras de Servicios de Salud - IPS,SI,1
Tolima,ARMERO,Instituciones Prestadoras de Servicios de Salud - IPS,SI,1
Tolima,ARMERO,Profesional Independiente,NO,5
Tolima,ARMERO,Transporte Especial de Pacientes,NO,1
Tolima,ATACO,Instituciones Prestadoras de Servicios de Salud - IPS,SI,6
Tolima,CAJAMARCA,Instituciones Prestadoras de Servicios de Salud - IPS,SI,2
Tolima,CAJAMARCA,Profesional Independiente,NO,4
Tolima,CARMEN DE APICALÁ,Instituciones Prestadoras de Servicios de Salud - IPS,SI,1
Tolima,CARMEN DE APICALÁ,Profesional Independiente,NO,4
Tolima,CASABIANCA,Instituciones Prestadoras de Servicios de Salud - IPS,SI,2
Tolima,CHAPARRAL,Instituciones Prestadoras de Servicios de Salud - IPS,NO,9
Tolima,CHAPARRAL,Instituciones Prestadoras de Servicios de Salud - IPS,SI,2
Tolima,CHAPARRAL,Profesional Independiente,NO,25
Tolima,COELLO,Instituciones Prestadoras de Servicios de Salud - IPS,SI,1
Tolima,COYAIMA,Instituciones Prestadoras de Servicios de Salud - IPS,NO,1
Tolima,COYAIMA,Instituciones Prestadoras de Servicios de Salud - IPS,SI,2
Tolima,COYAIMA,Profesional Independiente,NO,2
Tolima,CUNDAY,Instituciones Prestadoras de Servicios de Salud - IPS,SI,3
Tolima,DOLORES,Instituciones Prestadoras de Servicios de Salud - IPS,SI,5
Tolima,DOLORES,Profesional Independiente,NO,6
Tolima,ESPINAL,Instituciones Prestadoras de Servicios de Salud - IPS,NO,32
Tolima,ESPINAL,Instituciones Prestadoras de Servicios de Salud - IPS,SI,3
Tolima,ESPINAL,Objeto Social Diferente a la Prestación de Servicios de Salud,NO,6
Tolima,ESPINAL,Profesional Independiente,NO,65
Tolima,ESPINAL,Transporte Especial de Pacientes,NO,1
Tolima,FALAN,Instituciones Prestadoras de Servicios de Salud - IPS,SI,1
Tolima,FLANDES,Instituciones Prestadoras de Servicios de Salud - IPS,SI,1
Tolima,FLANDES,Profesional Independiente,NO,1
Tolima,FLANDES,Transporte Especial de Pacientes,NO,1
Tolima,FRESNO,Instituciones Prestadoras de Servicios de Salud - IPS,NO,2
Tolima,FRESNO,Instituciones Prestadoras de Servicios de Salud - IPS,SI,1
Tolima,FRESNO,Profesional Independiente,NO,23
Tolima,GUAMO,Instituciones Prestadoras de Servicios de Salud - IPS,NO,4
Tolima,GUAMO,Instituciones Prestadoras de Servicios de Salud - IPS,SI,1
Tolima,GUAMO,Objeto Social Diferente a la Prestación de Servicios de Salud,NO,1
Tolima,GUAMO,Profesional Independiente,NO,15
Tolima,GUAMO,Transporte Especial de Pacientes,NO,1
Tolima,HERVEO,Instituciones Prestadoras de Servicios de Salud - IPS,SI,5
Tolima,HERVEO,Profesional Independiente,NO,3
Tolima,HONDA,Instituciones Prestadoras de Servicios de Salud - IPS,NO,8
Tolima,HONDA,Instituciones Prestadoras de Servicios de Salud - IPS,SI,1
Tolima,HONDA,Profesional Independiente,NO,8
Tolima,IBAGUÉ,Instituciones Prestadoras de Servicios de Salud - IPS,NO,323
Tolima,IBAGUÉ,Instituciones Prestadoras de Servicios de Salud - IPS,SI,35
Tolima,IBAGUÉ,Objeto Social Diferente a la Prestación de Servicios de Salud,NO,22
Tolima,IBAGUÉ,Profesional Independiente,NO,746
Tolima,IBAGUÉ,Transporte Especial de Pacientes,NO,19
Tolima,ICONONZO,Instituciones Prestadoras de Servicios de Salud - IPS,SI,6
Tolima,ICONONZO,Profesional Independiente,NO,5
Tolima,LÉRIDA,Instituciones Prestadoras de Servicios de Salud - IPS,NO,1
Tolima,LÉRIDA,Instituciones Prestadoras de Servicios de Salud - IPS,SI,2
Tolima,LÉRIDA,Profesional Independiente,NO,11
Tolima,LÍBANO,Instituciones Prestadoras de Servicios de Salud - IPS,NO,5
Tolima,LÍBANO,Instituciones Prestadoras de Servicios de Salud - IPS,SI,4
Tolima,LÍBANO,Profesional Independiente,NO,19
Tolima,MARIQUITA,Instituciones Prestadoras de Servicios de Salud - IPS,NO,7
Tolima,MARIQUITA,Instituciones Prestadoras de Servicios de Salud - IPS,SI,1
Tolima,MARIQUITA,Objeto Social Diferente a la Prestación de Servicios de Salud,NO,1
Tolima,MARIQUITA,Profesional Independiente,NO,43
Tolima,MELGAR,Instituciones Prestadoras de Servicios de Salud - IPS,NO,8
Tolima,MELGAR,Instituciones Prestadoras de Servicios de Salud - IPS,SI,1
Tolima,MELGAR,Objeto Social Diferente a la Prestación de Servicios de Salud,NO,2
Tolima,MELGAR,Profesional Independiente,NO,23
Tolima,MURILLO,Instituciones Prestadoras de Servicios de Salud - IPS,SI,1
Tolima,NATAGAIMA,Instituciones Prestadoras de Servicios de Salud - IPS,NO,1
Tolima,NATAGAIMA,Instituciones Prestadoras de Servicios de Salud - IPS,SI,1
Tolima,NATAGAIMA,Profesional Independiente,NO,3
Tolima,ORTEGA,Instituciones Prestadoras de Servicios de Salud - IPS,NO,4
Tolima,ORTEGA,Instituciones Prestadoras de Servicios de Salud - IPS,SI,1
Tolima,PALOCABILDO,Instituciones Prestadoras de Servicios de Salud - IPS,SI,1
Tolima,PALOCABILDO,Profesional Independiente,NO,2
Tolima,PIEDRAS,Instituciones Prestadoras de Servicios de Salud - IPS,SI,2
Tolima,PLANADAS,Instituciones Prestadoras de Servicios de Salud - IPS,SI,3
Tolima,PLANADAS,Profesional Independiente,NO,8
Tolima,PRADO,Instituciones Prestadoras de Servicios de Salud - IPS,SI,1
Tolima,PRADO,Profesional Independiente,NO,2
Tolima,PURIFICACIÓN,Instituciones Prestadoras de Servicios de Salud - IPS,NO,4
Tolima,PURIFICACIÓN,Instituciones Prestadoras de Servicios de Salud - IPS,SI,1
Tolima,PURIFICACIÓN,Profesional Independiente,NO,6
Tolima,RIOBLANCO,Instituciones Prestadoras de Servicios de Salud - IPS,NO,2
Tolima,RIOBLANCO,Instituciones Prestadoras de Servicios de Salud - IPS,SI,12
Tolima,RIOBLANCO,Profesional Independiente,NO,1
Tolima,RONCESVALLES,Instituciones Prestadoras de Servicios de Salud - IPS,SI,1
Tolima,ROVIRA,Instituciones Prestadoras de Servicios de Salud - IPS,NO,1
Tolima,ROVIRA,Instituciones Prestadoras de Servicios de Salud - IPS,SI,2
Tolima,ROVIRA,Profesional Independiente,NO,10
Tolima,SALDAÑA,Instituciones Prestadoras de Servicios de Salud - IPS,NO,1
Tolima,SALDAÑA,Instituciones Prestadoras de Servicios de Salud - IPS,SI,1
Tolima,SALDAÑA,Profesional Independiente,NO,8
Tolima,SAN ANTONIO,Instituciones Prestadoras de Servicios de Salud - IPS,NO,1
Tolima,SAN ANTONIO,Instituciones Prestadoras de Servicios de Salud - IPS,SI,2
Tolima,SAN ANTONIO,Profesional Independiente,NO,1
Tolima,SAN LUIS,Instituciones Prestadoras de Servicios de Salud - IPS,NO,1
Tolima,SAN LUIS,Instituciones Prestadoras de Servicios de Salud - IPS,SI,2
Tolima,SANTA ISABEL,Instituciones Prestadoras de Servicios de Salud - IPS,SI,1
Tolima,SUÁREZ,Instituciones Prestadoras de Servicios de Salud - IPS,SI,1
Tolima,VALLE DE SAN JUAN,Instituciones Prestadoras de Servicios de Salud - IPS,SI,1
Tolima,VENADILLO,Instituciones Prestadoras de Servicios de Salud - IPS,SI,1
Tolima,VENADILLO,Profesional Independiente,NO,5
Tolima,VILLAHERMOSA,Instituciones Prestadoras de Servicios de Salud - IPS,SI,1
Tolima,VILLARRICA,Instituciones Prestadoras de Servicios de Salud - IPS,SI,1
Tolima,VILLARRICA,Profesional Independiente,NO,1
Valle del cauca,ALCALÁ,Instituciones Prestadoras de Servicios de Salud - IPS,SI,1
Valle del cauca,ALCALÁ,Objeto Social Diferente a la Prestación de Servicios de Salud,NO,1
Valle del cauca,ALCALÁ,Profesional Independiente,NO,3
Valle del cauca,ANDALUCÍA,Instituciones Prestadoras de Servicios de Salud - IPS,NO,5
Valle del cauca,ANDALUCÍA,Instituciones Prestadoras de Servicios de Salud - IPS,SI,5
Valle del cauca,ANDALUCÍA,Profesional Independiente,NO,4
Valle del cauca,ANDALUCÍA,Transporte Especial de Pacientes,NO,1
Valle del cauca,ANSERMANUEVO,Instituciones Prestadoras de Servicios de Salud - IPS,NO,1
Valle del cauca,ANSERMANUEVO,Instituciones Prestadoras de Servicios de Salud - IPS,SI,1
Valle del cauca,ANSERMANUEVO,Profesional Independiente,NO,1
Valle del cauca,ARGELIA,Instituciones Prestadoras de Servicios de Salud - IPS,SI,1
Valle del cauca,BOLÍVAR,Instituciones Prestadoras de Servicios de Salud - IPS,SI,10
Valle del cauca,BOLÍVAR,Profesional Independiente,NO,3
Valle del cauca,BUENAVENTURA,Instituciones Prestadoras de Servicios de Salud - IPS,NO,76
Valle del cauca,BUENAVENTURA,Instituciones Prestadoras de Servicios de Salud - IPS,SI,20
Valle del cauca,BUENAVENTURA,Objeto Social Diferente a la Prestación de Servicios de Salud,NO,8
Valle del cauca,BUENAVENTURA,Profesional Independiente,NO,78
Valle del cauca,BUENAVENTURA,Transporte Especial de Pacientes,NO,1
Valle del cauca,BUGALAGRANDE,Instituciones Prestadoras de Servicios de Salud - IPS,NO,6
Valle del cauca,BUGALAGRANDE,Instituciones Prestadoras de Servicios de Salud - IPS,SI,2
Valle del cauca,BUGALAGRANDE,Objeto Social Diferente a la Prestación de Servicios de Salud,NO,1
Valle del cauca,BUGALAGRANDE,Profesional Independiente,NO,6
Valle del cauca,BUGALAGRANDE,Transporte Especial de Pacientes,NO,1
Valle del cauca,CAICEDONIA,Instituciones Prestadoras de Servicios de Salud - IPS,NO,3
Valle del cauca,CAICEDONIA,Instituciones Prestadoras de Servicios de Salud - IPS,SI,11
Valle del cauca,CAICEDONIA,Objeto Social Diferente a la Prestación de Servicios de Salud,NO,2
Valle del cauca,CAICEDONIA,Profesional Independiente,NO,16
Valle del cauca,CALI,Instituciones Prestadoras de Servicios de Salud - IPS,NO,951
Valle del cauca,CALI,Instituciones Prestadoras de Servicios de Salud - IPS,SI,105
Valle del cauca,CALI,Objeto Social Diferente a la Prestación de Servicios de Salud,NO,99
Valle del cauca,CALI,Profesional Independiente,NO,3793
Valle del cauca,CALI,Transporte Especial de Pacientes,NO,85
Valle del cauca,CALIMA,Instituciones Prestadoras de Servicios de Salud - IPS,NO,2
Valle del cauca,CALIMA,Instituciones Prestadoras de Servicios de Salud - IPS,SI,1
Valle del cauca,CALIMA,Profesional Independiente,NO,4
Valle del cauca,CANDELARIA,Instituciones Prestadoras de Servicios de Salud - IPS,NO,10
Valle del cauca,CANDELARIA,Instituciones Prestadoras de Servicios de Salud - IPS,SI,7
Valle del cauca,CANDELARIA,Objeto Social Diferente a la Prestación de Servicios de Salud,NO,4
Valle del cauca,CANDELARIA,Profesional Independiente,NO,38
Valle del cauca,CANDELARIA,Transporte Especial de Pacientes,NO,3
Valle del cauca,CARTAGO,Instituciones Prestadoras de Servicios de Salud - IPS,NO,52
Valle del cauca,CARTAGO,Instituciones Prestadoras de Servicios de Salud - IPS,SI,11
Valle del cauca,CARTAGO,Objeto Social Diferente a la Prestación de Servicios de Salud,NO,6
Valle del cauca,CARTAGO,Profesional Independiente,NO,198
Valle del cauca,CARTAGO,Transporte Especial de Pacientes,NO,8
Valle del cauca,DAGUA,Instituciones Prestadoras de Servicios de Salud - IPS,NO,8
Valle del cauca,DAGUA,Instituciones Prestadoras de Servicios de Salud - IPS,SI,5
Valle del cauca,DAGUA,Profesional Independiente,NO,10
Valle del cauca,EL ÁGUILA,Instituciones Prestadoras de Servicios de Salud - IPS,SI,1
Valle del cauca,EL CAIRO,Instituciones Prestadoras de Servicios de Salud - IPS,SI,1
Valle del cauca,EL CAIRO,Profesional Independiente,NO,1
Valle del cauca,EL CERRITO,Instituciones Prestadoras de Servicios de Salud - IPS,NO,13
Valle del cauca,EL CERRITO,Instituciones Prestadoras de Servicios de Salud - IPS,SI,12
Valle del cauca,EL CERRITO,Objeto Social Diferente a la Prestación de Servicios de Salud,NO,1
Valle del cauca,EL CERRITO,Profesional Independiente,NO,26
Valle del cauca,EL CERRITO,Transporte Especial de Pacientes,NO,4
Valle del cauca,EL DOVIO,Instituciones Prestadoras de Servicios de Salud - IPS,SI,1
Valle del cauca,FLORIDA,Instituciones Prestadoras de Servicios de Salud - IPS,NO,7
Valle del cauca,FLORIDA,Instituciones Prestadoras de Servicios de Salud - IPS,SI,4
Valle del cauca,FLORIDA,Objeto Social Diferente a la Prestación de Servicios de Salud,NO,1
Valle del cauca,FLORIDA,Profesional Independiente,NO,37
Valle del cauca,FLORIDA,Transporte Especial de Pacientes,NO,1
Valle del cauca,GINEBRA,Instituciones Prestadoras de Servicios de Salud - IPS,NO,1
Valle del cauca,GINEBRA,Instituciones Prestadoras de Servicios de Salud - IPS,SI,1
Valle del cauca,GINEBRA,Objeto Social Diferente a la Prestación de Servicios de Salud,NO,1
Valle del cauca,GINEBRA,Profesional Independiente,NO,6
Valle del cauca,GINEBRA,Transporte Especial de Pacientes,NO,1
Valle del cauca,GUACARÍ,Instituciones Prestadoras de Servicios de Salud - IPS,NO,8
Valle del cauca,GUACARÍ,Instituciones Prestadoras de Servicios de Salud - IPS,SI,5
Valle del cauca,GUACARÍ,Objeto Social Diferente a la Prestación de Servicios de Salud,NO,1
Valle del cauca,GUACARÍ,Profesional Independiente,NO,11
Valle del cauca,GUACARÍ,Transporte Especial de Pacientes,NO,1
Valle del cauca,GUADALAJARA DE BUGA,Instituciones Prestadoras de Servicios de Salud - IPS,NO,53
Valle del cauca,GUADALAJARA DE BUGA,Instituciones Prestadoras de Servicios de Salud - IPS,SI,8
Valle del cauca,GUADALAJARA DE BUGA,Objeto Social Diferente a la Prestación de Servicios de Salud,NO,2
Valle del cauca,GUADALAJARA DE BUGA,Profesional Independiente,NO,155
Valle del cauca,GUADALAJARA DE BUGA,Transporte Especial de Pacientes,NO,2
Valle del cauca,JAMUNDÍ,Instituciones Prestadoras de Servicios de Salud - IPS,NO,30
Valle del cauca,JAMUNDÍ,Instituciones Prestadoras de Servicios de Salud - IPS,SI,1
Valle del cauca,JAMUNDÍ,Objeto Social Diferente a la Prestación de Servicios de Salud,NO,6
Valle del cauca,JAMUNDÍ,Profesional Independiente,NO,123
Valle del cauca,JAMUNDÍ,Transporte Especial de Pacientes,NO,3
Valle del cauca,LA CUMBRE,Instituciones Prestadoras de Servicios de Salud - IPS,NO,1
Valle del cauca,LA CUMBRE,Instituciones Prestadoras de Servicios de Salud - IPS,SI,1
Valle del cauca,LA CUMBRE,Profesional Independiente,NO,2
Valle del cauca,LA UNIÓN,Instituciones Prestadoras de Servicios de Salud - IPS,NO,4
Valle del cauca,LA UNIÓN,Instituciones Prestadoras de Servicios de Salud - IPS,SI,1
Valle del cauca,LA UNIÓN,Objeto Social Diferente a la Prestación de Servicios de Salud,NO,1
Valle del cauca,LA UNIÓN,Profesional Independiente,NO,35
Valle del cauca,LA VICTORIA,Instituciones Prestadoras de Servicios de Salud - IPS,SI,1
Valle del cauca,LA VICTORIA,Profesional Independiente,NO,5
Valle del cauca,OBANDO,Instituciones Prestadoras de Servicios de Salud - IPS,NO,1
Valle del cauca,OBANDO,Instituciones Prestadoras de Servicios de Salud - IPS,SI,1
Valle del cauca,PALMIRA,Instituciones Prestadoras de Servicios de Salud - IPS,NO,121
Valle del cauca,PALMIRA,Instituciones Prestadoras de Servicios de Salud - IPS,SI,36
Valle del cauca,PALMIRA,Objeto Social Diferente a la Prestación de Servicios de Salud,NO,21
Valle del cauca,PALMIRA,Profesional Independiente,NO,354
Valle del cauca,PALMIRA,Transporte Especial de Pacientes,NO,5
Valle del cauca,PRADERA,Instituciones Prestadoras de Servicios de Salud - IPS,NO,6
Valle del cauca,PRADERA,Instituciones Prestadoras de Servicios de Salud - IPS,SI,2
Valle del cauca,PRADERA,Objeto Social Diferente a la Prestación de Servicios de Salud,NO,2
Valle del cauca,PRADERA,Profesional Independiente,NO,18
Valle del cauca,RESTREPO,Instituciones Prestadoras de Servicios de Salud - IPS,NO,1
Valle del cauca,RESTREPO,Instituciones Prestadoras de Servicios de Salud - IPS,SI,2
Valle del cauca,RESTREPO,Profesional Independiente,NO,6
Valle del cauca,RIOFRÍO,Instituciones Prestadoras de Servicios de Salud - IPS,SI,2
Valle del cauca,RIOFRÍO,Profesional Independiente,NO,2
Valle del cauca,ROLDANILLO,Instituciones Prestadoras de Servicios de Salud - IPS,NO,10
Valle del cauca,ROLDANILLO,Instituciones Prestadoras de Servicios de Salud - IPS,SI,9
Valle del cauca,ROLDANILLO,Objeto Social Diferente a la Prestación de Servicios de Salud,NO,2
Valle del cauca,ROLDANILLO,Profesional Independiente,NO,48
Valle del cauca,ROLDANILLO,Transporte Especial de Pacientes,NO,1
Valle del cauca,SAN PEDRO,Instituciones Prestadoras de Servicios de Salud - IPS,NO,1
Valle del cauca,SAN PEDRO,Instituciones Prestadoras de Servicios de Salud - IPS,SI,1
Valle del cauca,SAN PEDRO,Profesional Independiente,NO,2
Valle del cauca,SEVILLA,Instituciones Prestadoras de Servicios de Salud - IPS,NO,4
Valle del cauca,SEVILLA,Instituciones Prestadoras de Servicios de Salud - IPS,SI,2
Valle del cauca,SEVILLA,Profesional Independiente,NO,24
Valle del cauca,SEVILLA,Transporte Especial de Pacientes,NO,1
Valle del cauca,TORO,Instituciones Prestadoras de Servicios de Salud - IPS,SI,1
Valle del cauca,TORO,Profesional Independiente,NO,4
Valle del cauca,TRUJILLO,Instituciones Prestadoras de Servicios de Salud - IPS,SI,1
Valle del cauca,TRUJILLO,Profesional Independiente,NO,3
Valle del cauca,TULUÁ,Instituciones Prestadoras de Servicios de Salud - IPS,NO,92
Valle del cauca,TULUÁ,Instituciones Prestadoras de Servicios de Salud - IPS,SI,19
Valle del cauca,TULUÁ,Objeto Social Diferente a la Prestación de Servicios de Salud,NO,10
Valle del cauca,TULUÁ,Profesional Independiente,NO,255
Valle del cauca,TULUÁ,Transporte Especial de Pacientes,NO,7
Valle del cauca,ULLOA,Instituciones Prestadoras de Servicios de Salud - IPS,SI,1
Valle del cauca,VERSALLES,Instituciones Prestadoras de Servicios de Salud - IPS,SI,1
Valle del cauca,VIJES,Instituciones Prestadoras de Servicios de Salud - IPS,SI,2
Valle del cauca,VIJES,Profesional Independiente,NO,2
Valle del cauca,YOTOCO,Instituciones Prestadoras de Servicios de Salud - IPS,NO,1
Valle del cauca,YOTOCO,Instituciones Prestadoras de Servicios de Salud - IPS,SI,6
Valle del cauca,YOTOCO,Objeto Social Diferente a la Prestación de Servicios de Salud,NO,1
Valle del cauca,YOTOCO,Profesional Independiente,NO,1
Valle del cauca,YUMBO,Instituciones Prestadoras de Servicios de Salud - IPS,NO,25
Valle del cauca,YUMBO,Instituciones Prestadoras de Servicios de Salud - IPS,SI,9
Valle del cauca,YUMBO,Objeto Social Diferente a la Prestación de Servicios de Salud,NO,14
Valle del cauca,YUMBO,Profesional Independiente,NO,52
Valle del cauca,YUMBO,Transporte Especial de Pacientes,NO,2
Valle del cauca,ZARZAL,Instituciones Prestadoras de Servicios de Salud - IPS,NO,13
Valle del cauca,ZARZAL,Instituciones Prestadoras de Servicios de Salud - IPS,SI,6
Valle del cauca,ZARZAL,Objeto Social Diferente a la Prestación de Servicios de Salud,NO,2
Valle del cauca,ZARZAL,Profesional Independiente,NO,36
Valle del cauca,ZARZAL,Transporte Especial de Pacientes,NO,1
Vaupés,CARURU,Instituciones Prestadoras de Servicios de Salud - IPS,SI,5
Vaupés,MITÚ,Instituciones Prestadoras de Servicios de Salud - IPS,NO,3
Vaupés,MITÚ,Instituciones Prestadoras de Servicios de Salud - IPS,SI,30
Vaupés,MITÚ,Objeto Social Diferente a la Prestación de Servicios de Salud,NO,1
Vaupés,MITÚ,Profesional Independiente,NO,2
Vaupés,MITÚ,Transporte Especial de Pacientes,NO,1
Vaupés,PACOA,Instituciones Prestadoras de Servicios de Salud - IPS,SI,10
Vaupés,PAPUNAUA,Instituciones Prestadoras de Servicios de Salud - IPS,SI,1
Vaupés,TARAIRA,Instituciones Prestadoras de Servicios de Salud - IPS,SI,4
Vaupés,YAVARATÉ,Instituciones Prestadoras de Servicios de Salud - IPS,SI,5
Vichada,CUMARIBO,Instituciones Prestadoras de Servicios de Salud - IPS,NO,2
Vichada,CUMARIBO,Instituciones Prestadoras de Servicios de Salud - IPS,SI,1
Vichada,CUMARIBO,Profesional Independiente,NO,1
Vichada,LA PRIMAVERA,Instituciones Prestadoras de Servicios de Salud - IPS,SI,1
Vichada,LA PRIMAVERA,Profesional Independiente,NO,4
Vichada,PUERTO CARREÑO,Instituciones Prestadoras de Servicios de Salud - IPS,NO,3
Vichada,PUERTO CARREÑO,Instituciones Prestadoras de Servicios de Salud - IPS,SI,1
Vichada,PUERTO CARREÑO,Profesional Independiente,NO,20
Vichada,SANTA ROSALÍA,Instituciones Prestadoras de Servicios de Salud - IPS,SI,1
Vichada,SANTA ROSALÍA,Profesional Independiente,NO,1
