cod_mpio,capitulo,atenciones,pct
-1,A,730642,1.461
-1,B,1118197,2.2359
-1,C,378372,0.7566
-1,D,589569,1.1789
-1,E,3236656,6.4718
-1,F,1675441,3.3501
-1,G,1488337,2.976
-1,H,2617267,5.2333
-1,I,3088421,6.1754
-1,J,2758358,5.5155
-1,K,5680333,11.3581
-1,L,1284168,2.5678
-1,M,2973324,5.9453
-1,N,2147768,4.2946
-1,O,347626,0.6951
-1,P,69711,0.1394
-1,Q,199333,0.3986
-1,R,4278529,8.5551
-1,S,1309580,2.6186
-1,T,425712,0.8512
-1,U,1992216,3.9835
-1,V,14845,0.0297
-1,W,37315,0.0746
-1,X,10227,0.0204
-1,Y,79704,0.1594
-1,Z,11479741,22.9543
05001,A,1239284,1.9724
05001,B,1214880,1.9336
05001,C,835503,1.3298
05001,D,648952,1.0328
05001,E,3389660,5.3949
05001,F,1710790,2.7228
05001,G,1516919,2.4143
05001,H,2974893,4.7347
05001,I,4272254,6.7996
05001,J,3827514,6.0917
05001,K,5732318,9.1234
05001,L,1836719,2.9233
05001,M,5615087,8.9368
05001,N,3408749,5.4252
05001,O,568765,0.9052
05001,P,100411,0.1598
05001,Q,189558,0.3017
05001,R,8148736,12.9692
05001,S,1862921,2.965
05001,T,558023,0.8881
05001,U,812618,1.2933
05001,V,10500,0.0167
05001,W,38932,0.062
05001,X,13775,0.0219
05001,Y,356300,0.5671
05001,Z,11947146,19.0147
05002,A,612,0.5755
05002,B,9214,8.6638
05002,C,1636,1.5383
05002,D,806,0.7579
05002,E,3419,3.2149
05002,F,2358,2.2172
05002,G,1585,1.4904
05002,H,3537,3.3258
05002,I,15507,14.5811
05002,J,3699,3.4781
05002,K,13675,12.8585
05002,L,2453,2.3065
05002,M,8604,8.0903
05002,N,6607,6.2125
05002,O,1301,1.2233
05002,P,168,0.158
05002,Q,215,0.2022
05002,R,7785,7.3202
05002,S,4284,4.0282
05002,T,1032,0.9704
05002,U,27,0.0254
05002,V,10,0.0094
05002,W,85,0.0799
05002,X,73,0.0686
05002,Y,105,0.0987
05002,Z,17553,16.5049
05004,A,55,0.6357
05004,B,113,1.3061
05004,C,111,1.2829
05004,D,92,1.0633
05004,E,343,3.9644
05004,F,87,1.0055
05004,G,93,1.0749
05004,H,350,4.0453
05004,I,1600,18.4928
05004,J,343,3.9644
05004,K,868,10.0324
05004,L,180,2.0804
05004,M,396,4.577
05004,N,446,5.1549
05004,O,140,1.6181
05004,P,9,0.104
05004,Q,40,0.4623
05004,R,839,9.6972
05004,S,409,4.7272
05004,T,82,0.9478
05004,U,12,0.1387
05004,V,1,0.0116
05004,W,20,0.2312
05004,X,12,0.1387
05004,Y,5,0.0578
05004,Z,2006,23.1854
05021,A,133,0.7092
05021,B,264,1.4078
05021,C,501,2.6716
05021,D,275,1.4664
05021,E,796,4.2447
05021,F,385,2.053
05021,G,310,1.6531
05021,H,924,4.9272
05021,I,1649,8.7933
05021,J,1238,6.6016
05021,K,1228,6.5483
05021,L,489,2.6076
05021,M,1344,7.1669
05021,N,1491,7.9507
05021,O,487,2.5969
05021,P,33,0.176
05021,Q,40,0.2133
05021,R,1799,9.5931
05021,S,929,4.9539
05021,T,272,1.4504
05021,U,60,0.3199
05021,W,38,0.2026
05021,X,15,0.08
05021,Y,21,0.112
05021,Z,4032,21.5006
05030,A,2703,1.1629
05030,B,4027,1.7325
05030,C,3723,1.6017
05030,D,2533,1.0898
05030,E,15042,6.4714
05030,F,6606,2.842
05030,G,5619,2.4174
05030,H,7565,3.2546
05030,I,38270,16.4646
05030,J,11337,4.8774
05030,K,18188,7.8249
05030,L,4177,1.797
05030,M,17878,7.6915
05030,N,8454,3.6371
05030,O,2849,1.2257
05030,P,659,0.2835
05030,Q,501,0.2155
05030,R,22390,9.6327
05030,S,10024,4.3125
05030,T,2876,1.2373
05030,U,817,0.3515
05030,V,44,0.0189
05030,W,367,0.1579
05030,X,92,0.0396
05030,Y,245,0.1054
05030,Z,45452,19.5545
05031,A,804,0.9794
05031,B,1963,2.3911
05031,C,1407,1.7139
05031,D,924,1.1255
05031,E,3212,3.9125
05031,F,1892,2.3046
05031,G,1388,1.6907
05031,H,2350,2.8625
05031,I,14070,17.1387
05031,J,3986,4.8554
05031,K,4883,5.948
05031,L,1668,2.0318
05031,M,4138,5.0405
05031,N,3890,4.7384
05031,O,1631,1.9867
05031,P,395,0.4811
05031,Q,172,0.2095
05031,R,10427,12.7011
05031,S,3836,4.6726
05031,T,1198,1.4593
05031,U,1229,1.497
05031,V,8,0.0097
05031,W,126,0.1535
05031,X,100,0.1218
05031,Y,100,0.1218
05031,Z,16298,19.8526
05034,A,2166,1.2275
05034,B,2358,1.3363
05034,C,2772,1.5709
05034,D,2262,1.2819
05034,E,7557,4.2825
05034,F,4692,2.6589
05034,G,3765,2.1336
05034,H,5323,3.0165
05034,I,23168,13.1291
05034,J,8061,4.5681
05034,K,15292,8.6658
05034,L,3707,2.1007
05034,M,12389,7.0207
05034,N,11411,6.4665
05034,O,3595,2.0373
05034,P,311,0.1762
05034,Q,783,0.4437
05034,R,17157,9.7227
05034,S,9122,5.1694
05034,T,2031,1.1509
05034,U,996,0.5644
05034,V,56,0.0317
05034,W,401,0.2272
05034,X,145,0.0822
05034,Y,138,0.0782
05034,Z,36805,20.8571
05036,A,372,1.7651
05036,B,395,1.8743
05036,C,203,0.9632
05036,D,167,0.7924
05036,E,865,4.1044
05036,F,286,1.3571
05036,G,449,2.1305
05036,H,669,3.1744
05036,I,3541,16.8019
05036,J,939,4.4555
05036,K,1805,8.5647
05036,L,473,2.2444
05036,M,1384,6.567
05036,N,1077,5.1103
05036,O,345,1.637
05036,P,46,0.2183
05036,Q,53,0.2515
05036,R,2588,12.28
05036,S,1523,7.2266
05036,T,337,1.5991
05036,U,144,0.6833
05036,V,19,0.0902
05036,W,78,0.3701
05036,X,12,0.0569
05036,Y,40,0.1898
05036,Z,3265,15.4923
05038,A,974,0.9923
05038,B,1163,1.1848
05038,C,1538,1.5668
05038,D,952,0.9699
05038,E,5784,5.8925
05038,F,2986,3.042
05038,G,2944,2.9992
05038,H,2256,2.2983
05038,I,14011,14.2738
05038,J,4025,4.1005
05038,K,9300,9.4744
05038,L,2123,2.1628
05038,M,6531,6.6535
05038,N,5123,5.2191
05038,O,2422,2.4674
05038,P,781,0.7956
05038,Q,494,0.5033
05038,R,10027,10.2151
05038,S,3893,3.966
05038,T,1046,1.0656
05038,U,3170,3.2295
05038,V,17,0.0173
05038,W,125,0.1273
05038,X,56,0.0571
05038,Y,85,0.0866
05038,Z,16333,16.6393
05040,A,997,0.7435
05040,B,2892,2.1567
05040,C,1674,1.2484
05040,D,876,0.6533
05040,E,4715,3.5162
05040,F,3828,2.8548
05040,G,2353,1.7548
05040,H,2672,1.9927
05040,I,16890,12.5958
05040,J,5583,4.1636
05040,K,12694,9.4666
05040,L,2332,1.7391
05040,M,7141,5.3254
05040,N,7048,5.2561
05040,O,3775,2.8152
05040,P,797,0.5944
05040,Q,648,0.4833
05040,R,13159,9.8134
05040,S,7284,5.4321
05040,T,1581,1.179
05040,U,435,0.3244
05040,V,16,0.0119
05040,W,205,0.1529
05040,X,168,0.1253
05040,Y,165,0.123
05040,Z,34164,25.478
05042,A,4622,1.087
05042,B,6603,1.5529
05042,C,5282,1.2422
05042,D,5861,1.3784
05042,E,19476,4.5803
05042,F,8770,2.0625
05042,G,8871,2.0862
05042,H,18748,4.4091
05042,I,37755,8.879
05042,J,19864,4.6715
05042,K,46301,10.8888
05042,L,11445,2.6916
05042,M,32540,7.6526
05042,N,29060,6.8342
05042,O,6003,1.4118
05042,P,1255,0.2951
05042,Q,1514,0.3561
05042,R,47093,11.0751
05042,S,17835,4.1943
05042,T,11843,2.7852
05042,U,13738,3.2308
05042,V,75,0.0176
05042,W,804,0.1891
05042,X,255,0.06
05042,Y,1406,0.3307
05042,Z,68197,16.0382
05044,A,263,1.1044
05044,B,306,1.285
05044,C,214,0.8987
05044,D,170,0.7139
05044,E,1109,4.6571
05044,F,285,1.1968
05044,G,347,1.4572
05044,H,499,2.0955
05044,I,6786,28.497
05044,J,535,2.2467
05044,K,2272,9.541
05044,L,319,1.3396
05044,M,933,3.918
05044,N,881,3.6997
05044,O,471,1.9779
05044,P,87,0.3653
05044,Q,47,0.1974
05044,R,2522,10.5909
05044,S,885,3.7165
05044,T,251,1.054
05044,U,16,0.0672
05044,V,4,0.0168
05044,W,18,0.0756
05044,X,28,0.1176
05044,Y,4,0.0168
05044,Z,4561,19.1534
05045,A,37887,1.2925
05045,B,79109,2.6988
05045,C,20742,0.7076
05045,D,40781,1.3912
05045,E,172622,5.889
05045,F,42008,1.4331
05045,G,46811,1.597
05045,H,125354,4.2764
05045,I,219064,7.4734
05045,J,137591,4.6939
05045,K,318906,10.8795
05045,L,96972,3.3082
05045,M,232534,7.9329
05045,N,207316,7.0726
05045,O,35373,1.2067
05045,P,5103,0.1741
05045,Q,9778,0.3336
05045,R,305565,10.4243
05045,S,96716,3.2995
05045,T,26867,0.9166
05045,U,24708,0.8429
05045,V,202,0.0069
05045,W,1909,0.0651
05045,X,953,0.0325
05045,Y,5373,0.1833
05045,Z,641025,21.8685
05051,A,1397,1.353
05051,B,3074,2.9772
05051,C,685,0.6634
05051,D,2324,2.2508
05051,E,4993,4.8357
05051,F,799,0.7738
05051,G,1492,1.445
05051,H,3108,3.0101
05051,I,9953,9.6395
05051,J,5756,5.5747
05051,K,7851,7.6037
05051,L,2643,2.5598
05051,M,6298,6.0996
05051,N,8409,8.1442
05051,O,2085,2.0193
05051,P,193,0.1869
05051,Q,196,0.1898
05051,R,12087,11.7063
05051,S,2450,2.3728
05051,T,1135,1.0993
05051,U,405,0.3922
05051,V,8,0.0077
05051,W,41,0.0397
05051,X,27,0.0261
05051,Y,77,0.0746
05051,Z,25766,24.9545
05055,A,427,1.5572
05055,B,276,1.0065
05055,C,400,1.4587
05055,D,130,0.4741
05055,E,782,2.8518
05055,F,492,1.7942
05055,G,583,2.1261
05055,H,983,3.5848
05055,I,592,2.1589
05055,J,1503,5.4812
05055,K,2053,7.487
05055,L,523,1.9073
05055,M,1732,6.3163
05055,N,1788,6.5205
05055,O,403,1.4697
05055,P,16,0.0583
05055,Q,171,0.6236
05055,R,1971,7.1879
05055,S,854,3.1144
05055,T,323,1.1779
05055,U,19,0.0693
05055,V,13,0.0474
05055,W,20,0.0729
05055,X,24,0.0875
05055,Y,9,0.0328
05055,Z,11334,41.3333
05059,A,617,1.2818
05059,B,622,1.2921
05059,C,1580,3.2823
05059,D,658,1.3669
05059,E,2105,4.3729
05059,F,1342,2.7879
05059,G,833,1.7305
05059,H,1882,3.9097
05059,I,10145,21.0753
05059,J,1551,3.2221
05059,K,4640,9.6392
05059,L,1021,2.121
05059,M,2594,5.3888
05059,N,3077,6.3922
05059,O,618,1.2838
05059,P,144,0.2991
05059,Q,138,0.2867
05059,R,4087,8.4904
05059,S,1571,3.2636
05059,T,590,1.2257
05059,U,1357,2.819
05059,V,4,0.0083
05059,W,64,0.133
05059,X,19,0.0395
05059,Y,24,0.0499
05059,Z,6854,14.2385
05079,A,15299,1.6682
05079,B,17137,1.8686
05079,C,12398,1.3519
05079,D,9629,1.0499
05079,E,65233,7.113
05079,F,19965,2.177
05079,G,21073,2.2978
05079,H,37458,4.0844
05079,I,71914,7.8414
05079,J,51199,5.5827
05079,K,67443,7.3539
05079,L,23737,2.5883
05079,M,84003,9.1596
05079,N,51011,5.5622
05079,O,8504,0.9273
05079,P,1286,0.1402
05079,Q,2861,0.312
05079,R,91015,9.9242
05079,S,34871,3.8023
05079,T,11161,1.217
05079,U,4117,0.4489
05079,V,194,0.0212
05079,W,777,0.0847
05079,X,177,0.0193
05079,Y,886,0.0966
05079,Z,213753,23.3075
05086,A,516,1.3922
05086,B,443,1.1952
05086,C,423,1.1413
05086,D,464,1.2519
05086,E,1920,5.1802
05086,F,757,2.0424
05086,G,1183,3.1918
05086,H,1363,3.6774
05086,I,1338,3.61
05086,J,2097,5.6578
05086,K,5187,13.9947
05086,L,1038,2.8006
05086,M,3401,9.176
05086,N,2291,6.1812
05086,O,836,2.2556
05086,P,79,0.2131
05086,Q,216,0.5828
05086,R,3537,9.543
05086,S,1606,4.333
05086,T,442,1.1925
05086,U,409,1.1035
05086,V,22,0.0594
05086,W,68,0.1835
05086,X,14,0.0378
05086,Y,43,0.116
05086,Z,7371,19.8872
05088,A,153657,1.8385
05088,B,104880,1.2549
05088,C,98431,1.1777
05088,D,89661,1.0728
05088,E,470584,5.6306
05088,F,235704,2.8202
05088,G,257321,3.0789
05088,H,329850,3.9467
05088,I,1295096,15.4959
05088,J,439652,5.2605
05088,K,519883,6.2204
05088,L,218630,2.6159
05088,M,705667,8.4434
05088,N,470241,5.6265
05088,O,59243,0.7088
05088,P,9942,0.119
05088,Q,20698,0.2477
05088,R,664591,7.9519
05088,S,222735,2.665
05088,T,63311,0.7575
05088,U,120062,1.4366
05088,V,972,0.0116
05088,W,4887,0.0585
05088,X,1314,0.0157
05088,Y,31826,0.3808
05088,Z,1768805,21.1639
05091,A,565,0.8357
05091,B,941,1.3919
05091,C,784,1.1597
05091,D,690,1.0206
05091,E,3685,5.4509
05091,F,1856,2.7454
05091,G,1469,2.1729
05091,H,2122,3.1389
05091,I,8321,12.3084
05091,J,4699,6.9508
05091,K,5841,8.64
05091,L,1583,2.3416
05091,M,4016,5.9405
05091,N,3923,5.8029
05091,O,1315,1.9452
05091,P,81,0.1198
05091,Q,315,0.4659
05091,R,7803,11.5422
05091,S,3621,5.3562
05091,T,664,0.9822
05091,U,95,0.1405
05091,V,28,0.0414
05091,W,152,0.2248
05091,X,59,0.0873
05091,Y,87,0.1287
05091,Z,12889,19.0654
05093,A,2045,1.0776
05093,B,2247,1.1841
05093,C,2355,1.241
05093,D,1837,0.968
05093,E,8897,4.6884
05093,F,2966,1.563
05093,G,3566,1.8792
05093,H,4764,2.5105
05093,I,32045,16.8867
05093,J,12242,6.4511
05093,K,10389,5.4747
05093,L,3235,1.7047
05093,M,9616,5.0673
05093,N,11611,6.1186
05093,O,2653,1.398
05093,P,99,0.0522
05093,Q,604,0.3183
05093,R,14973,7.8903
05093,S,9256,4.8776
05093,T,1973,1.0397
05093,U,319,0.1681
05093,V,21,0.0111
05093,W,394,0.2076
05093,X,310,0.1634
05093,Y,186,0.098
05093,Z,51162,26.9607
05101,A,5541,0.95
05101,B,7642,1.3102
05101,C,7785,1.3347
05101,D,6349,1.0885
05101,E,35417,6.072
05101,F,16453,2.8208
05101,G,14915,2.5571
05101,H,19688,3.3754
05101,I,75246,12.9004
05101,J,30986,5.3123
05101,K,68673,11.7735
05101,L,12425,2.1302
05101,M,40085,6.8723
05101,N,30808,5.2818
05101,O,6918,1.186
05101,P,1165,0.1997
05101,Q,1518,0.2603
05101,R,63542,10.8939
05101,S,21129,3.6224
05101,T,5227,0.8961
05101,U,6117,1.0487
05101,V,80,0.0137
05101,W,821,0.1408
05101,X,467,0.0801
05101,Y,2307,0.3955
05101,Z,101979,17.4836
05107,A,922,1.1238
05107,B,1517,1.849
05107,C,984,1.1993
05107,D,1187,1.4468
05107,E,2265,2.7607
05107,F,1003,1.2225
05107,G,1711,2.0854
05107,H,1820,2.2183
05107,I,13980,17.0394
05107,J,2483,3.0264
05107,K,3520,4.2903
05107,L,1496,1.8234
05107,M,3272,3.9881
05107,N,5711,6.9608
05107,O,1455,1.7734
05107,P,356,0.4339
05107,Q,314,0.3827
05107,R,10056,12.2567
05107,S,3348,4.0807
05107,T,1010,1.231
05107,U,1977,2.4097
05107,V,4,0.0049
05107,W,122,0.1487
05107,X,140,0.1706
05107,Y,46,0.0561
05107,Z,21346,26.0174
05113,A,626,1.2384
05113,B,912,1.8042
05113,C,1070,2.1167
05113,D,538,1.0643
05113,E,1340,2.6508
05113,F,697,1.3788
05113,G,1161,2.2967
05113,H,1605,3.1751
05113,I,4096,8.1029
05113,J,3321,6.5697
05113,K,4629,9.1573
05113,L,1140,2.2552
05113,M,2945,5.8259
05113,N,3144,6.2196
05113,O,1103,2.182
05113,P,182,0.36
05113,Q,334,0.6607
05113,R,4958,9.8081
05113,S,3145,6.2216
05113,T,680,1.3452
05113,U,277,0.548
05113,V,7,0.0138
05113,W,74,0.1464
05113,X,25,0.0495
05113,Y,112,0.2216
05113,Z,12429,24.5875
05120,A,1952,0.7512
05120,B,9153,3.5223
05120,C,2657,1.0225
05120,D,4262,1.6401
05120,E,8843,3.403
05120,F,2552,0.9821
05120,G,3013,1.1595
05120,H,4467,1.719
05120,I,14441,5.5572
05120,J,8341,3.2098
05120,K,13937,5.3633
05120,L,5314,2.045
05120,M,10284,3.9575
05120,N,15214,5.8547
05120,O,7729,2.9743
05120,P,1568,0.6034
05120,Q,513,0.1974
05120,R,29637,11.405
05120,S,10003,3.8494
05120,T,2355,0.9063
05120,U,11602,4.4647
05120,V,64,0.0246
05120,W,330,0.127
05120,X,415,0.1597
05120,Y,290,0.1116
05120,Z,90923,34.9894
05125,A,355,0.4616
05125,B,796,1.035
05125,C,951,1.2366
05125,D,837,1.0883
05125,E,3209,4.1726
05125,F,1072,1.3939
05125,G,884,1.1495
05125,H,2382,3.0973
05125,I,15319,19.9191
05125,J,3884,5.0503
05125,K,6388,8.3062
05125,L,1453,1.8893
05125,M,3594,4.6732
05125,N,4814,6.2596
05125,O,1491,1.9387
05125,P,87,0.1131
05125,Q,313,0.407
05125,R,7939,10.323
05125,S,3818,4.9645
05125,T,933,1.2132
05125,U,289,0.3758
05125,V,18,0.0234
05125,W,74,0.0962
05125,X,63,0.0819
05125,Y,74,0.0962
05125,Z,15869,20.6343
05129,A,27686,1.7679
05129,B,27862,1.7792
05129,C,18097,1.1556
05129,D,15842,1.0116
05129,E,96541,6.1648
05129,F,42273,2.6994
05129,G,44267,2.8267
05129,H,75580,4.8263
05129,I,101300,6.4687
05129,J,105381,6.7293
05129,K,98068,6.2623
05129,L,47411,3.0275
05129,M,138445,8.8406
05129,N,99129,6.33
05129,O,11633,0.7428
05129,P,2369,0.1513
05129,Q,3960,0.2529
05129,R,107955,6.8936
05129,S,44801,2.8608
05129,T,17303,1.1049
05129,U,52812,3.3724
05129,V,158,0.0101
05129,W,1087,0.0694
05129,X,238,0.0152
05129,Y,1179,0.0753
05129,Z,384631,24.5612
05134,A,263,0.5665
05134,B,777,1.6736
05134,C,424,0.9133
05134,D,325,0.7
05134,E,2391,5.1501
05134,F,671,1.4453
05134,G,728,1.5681
05134,H,2453,5.2837
05134,I,9661,20.8095
05134,J,2974,6.4059
05134,K,4289,9.2384
05134,L,1096,2.3607
05134,M,2451,5.2794
05134,N,2075,4.4695
05134,O,672,1.4475
05134,P,116,0.2499
05134,Q,137,0.2951
05134,R,3161,6.8087
05134,S,2205,4.7495
05134,T,554,1.1933
05134,U,118,0.2542
05134,V,6,0.0129
05134,W,68,0.1465
05134,X,55,0.1185
05134,Y,73,0.1572
05134,Z,8683,18.7029
05138,A,1455,0.7789
05138,B,2618,1.4015
05138,C,2539,1.3592
05138,D,1891,1.0123
05138,E,5788,3.0985
05138,F,1929,1.0327
05138,G,3487,1.8667
05138,H,5694,3.0482
05138,I,29705,15.9022
05138,J,12010,6.4294
05138,K,11806,6.3202
05138,L,5271,2.8218
05138,M,13678,7.3223
05138,N,11499,6.1558
05138,O,2324,1.2441
05138,P,283,0.1515
05138,Q,533,0.2853
05138,R,20677,11.0692
05138,S,7904,4.2313
05138,T,2287,1.2243
05138,U,1807,0.9674
05138,V,35,0.0187
05138,W,394,0.2109
05138,X,119,0.0637
05138,Y,164,0.0878
05138,Z,40901,21.8958
05142,A,815,1.7305
05142,B,1055,2.2401
05142,C,1641,3.4844
05142,D,766,1.6265
05142,E,2143,4.5503
05142,F,700,1.4863
05142,G,733,1.5564
05142,H,2020,4.2891
05142,I,8634,18.3328
05142,J,1829,3.8836
05142,K,4783,10.1559
05142,L,1057,2.2444
05142,M,2483,5.2722
05142,N,2135,4.5333
05142,O,694,1.4736
05142,P,62,0.1316
05142,Q,116,0.2463
05142,R,4498,9.5507
05142,S,2126,4.5142
05142,T,436,0.9258
05142,U,250,0.5308
05142,V,10,0.0212
05142,W,106,0.2251
05142,X,18,0.0382
05142,Y,62,0.1316
05142,Z,7924,16.8252
05145,A,417,0.4952
05145,B,948,1.1257
05145,C,1579,1.875
05145,D,1024,1.216
05145,E,5780,6.8636
05145,F,1681,1.9962
05145,G,1592,1.8905
05145,H,2966,3.5221
05145,I,14508,17.2279
05145,J,6643,7.8884
05145,K,8808,10.4593
05145,L,2087,2.4783
05145,M,7285,8.6508
05145,N,5379,6.3875
05145,O,928,1.102
05145,P,47,0.0558
05145,Q,194,0.2304
05145,R,7805,9.2683
05145,S,3183,3.7797
05145,T,840,0.9975
05145,U,163,0.1936
05145,V,2,0.0024
05145,W,66,0.0784
05145,X,42,0.0499
05145,Y,53,0.0629
05145,Z,10192,12.1028
05147,A,9660,1.0397
05147,B,25389,2.7325
05147,C,7987,0.8596
05147,D,12262,1.3197
05147,E,47459,5.1079
05147,F,11977,1.2891
05147,G,15557,1.6744
05147,H,40211,4.3278
05147,I,64900,6.985
05147,J,50479,5.4329
05147,K,83046,8.938
05147,L,27173,2.9246
05147,M,72677,7.822
05147,N,62047,6.6779
05147,O,13319,1.4335
05147,P,1684,0.1812
05147,Q,2590,0.2788
05147,R,106787,11.4932
05147,S,30565,3.2896
05147,T,8039,0.8652
05147,U,3703,0.3985
05147,V,143,0.0154
05147,W,980,0.1055
05147,X,321,0.0345
05147,Y,1385,0.1491
05147,Z,228793,24.6244
05148,A,8577,1.7743
05148,B,5381,1.1131
05148,C,6773,1.4011
05148,D,5252,1.0865
05148,E,19779,4.0916
05148,F,14939,3.0904
05148,G,8698,1.7993
05148,H,20894,4.3222
05148,I,20311,4.2016
05148,J,27624,5.7145
05148,K,34815,7.202
05148,L,12774,2.6425
05148,M,42951,8.8851
05148,N,22096,4.5709
05148,O,11070,2.29
05148,P,1569,0.3246
05148,Q,1718,0.3554
05148,R,41981,8.6844
05148,S,22203,4.593
05148,T,5348,1.1063
05148,U,792,0.1638
05148,V,82,0.017
05148,W,654,0.1353
05148,X,215,0.0445
05148,Y,348,0.072
05148,Z,146562,30.3186
05150,A,122,0.2959
05150,B,718,1.7412
05150,C,618,1.4987
05150,D,599,1.4526
05150,E,2286,5.5436
05150,F,2183,5.2938
05150,G,1359,3.2956
05150,H,1386,3.3611
05150,I,8754,21.2285
05150,J,1968,4.7724
05150,K,3562,8.6379
05150,L,833,2.02
05150,M,2203,5.3423
05150,N,2419,5.8661
05150,O,311,0.7542
05150,P,12,0.0291
05150,Q,69,0.1673
05150,R,4752,11.5236
05150,S,1663,4.0328
05150,T,577,1.3992
05150,U,375,0.9094
05150,V,12,0.0291
05150,W,110,0.2668
05150,X,11,0.0267
05150,Y,31,0.0752
05150,Z,4304,10.4372
05154,A,21883,1.0711
05154,B,57663,2.8224
05154,C,18342,0.8978
05154,D,33404,1.635
05154,E,112077,5.4859
05154,F,28876,1.4134
05154,G,41277,2.0204
05154,H,66599,3.2598
05154,I,157779,7.7228
05154,J,96618,4.7292
05154,K,256275,12.5439
05154,L,55764,2.7295
05154,M,139446,6.8255
05154,N,141459,6.924
05154,O,31339,1.534
05154,P,5912,0.2894
05154,Q,6111,0.2991
05154,R,241222,11.8071
05154,S,65665,3.2141
05154,T,14913,0.7299
05154,U,22488,1.1007
05154,V,696,0.0341
05154,W,1760,0.0861
05154,X,1293,0.0633
05154,Y,6070,0.2971
05154,Z,418087,20.4642
05172,A,11479,1.2097
05172,B,18602,1.9603
05172,C,7011,0.7388
05172,D,10281,1.0834
05172,E,44150,4.6526
05172,F,12258,1.2918
05172,G,15046,1.5856
05172,H,46000,4.8476
05172,I,81444,8.5827
05172,J,43281,4.561
05172,K,83901,8.8417
05172,L,25844,2.7235
05172,M,68873,7.258
05172,N,61513,6.4824
05172,O,13292,1.4007
05172,P,1924,0.2028
05172,Q,3487,0.3675
05172,R,102493,10.8009
05172,S,39214,4.1324
05172,T,11821,1.2457
05172,U,4409,0.4646
05172,V,99,0.0104
05172,W,1437,0.1514
05172,X,668,0.0704
05172,Y,2223,0.2343
05172,Z,238179,25.0998
05190,A,1122,1.3856
05190,B,1111,1.372
05190,C,887,1.0954
05190,D,1045,1.2905
05190,E,3038,3.7516
05190,F,1775,2.192
05190,G,1278,1.5782
05190,H,2868,3.5417
05190,I,16786,20.7291
05190,J,4519,5.5805
05190,K,8612,10.635
05190,L,1505,1.8585
05190,M,5503,6.7957
05190,N,4826,5.9596
05190,O,846,1.0447
05190,P,52,0.0642
05190,Q,213,0.263
05190,R,12649,15.6203
05190,S,3031,3.743
05190,T,804,0.9929
05190,U,251,0.31
05190,V,57,0.0704
05190,W,86,0.1062
05190,X,49,0.0605
05190,Y,70,0.0864
05190,Z,7995,9.8731
05197,A,615,0.943
05197,B,541,0.8295
05197,C,2004,3.0727
05197,D,819,1.2557
05197,E,2814,4.3146
05197,F,1445,2.2156
05197,G,1139,1.7464
05197,H,3322,5.0935
05197,I,5373,8.2383
05197,J,2776,4.2564
05197,K,4701,7.2079
05197,L,1778,2.7262
05197,M,4483,6.8737
05197,N,3442,5.2775
05197,O,1172,1.797
05197,P,201,0.3082
05197,Q,228,0.3496
05197,R,9213,14.126
05197,S,2884,4.422
05197,T,661,1.0135
05197,U,533,0.8172
05197,V,28,0.0429
05197,W,99,0.1518
05197,X,132,0.2024
05197,Y,88,0.1349
05197,Z,14729,22.5836
05206,A,112,0.5396
05206,B,200,0.9636
05206,C,295,1.4213
05206,D,187,0.901
05206,E,1138,5.483
05206,F,463,2.2308
05206,G,279,1.3443
05206,H,922,4.4423
05206,I,2264,10.9082
05206,J,1058,5.0976
05206,K,2525,12.1657
05206,L,596,2.8716
05206,M,1546,7.4488
05206,N,934,4.5001
05206,O,285,1.3732
05206,P,16,0.0771
05206,Q,58,0.2795
05206,R,2405,11.5876
05206,S,910,4.3845
05206,T,192,0.9251
05206,U,83,0.3999
05206,V,3,0.0145
05206,W,37,0.1783
05206,X,1,0.0048
05206,Y,10,0.0482
05206,Z,4236,20.4095
05209,A,964,0.6573
05209,B,1482,1.0105
05209,C,2101,1.4325
05209,D,1759,1.1993
05209,E,4905,3.3444
05209,F,2490,1.6977
05209,G,2917,1.9889
05209,H,5666,3.8632
05209,I,38448,26.2148
05209,J,8076,5.5064
05209,K,9109,6.2108
05209,L,3431,2.3393
05209,M,6908,4.7101
05209,N,7419,5.0585
05209,O,2748,1.8737
05209,P,156,0.1064
05209,Q,565,0.3852
05209,R,15880,10.8274
05209,S,5971,4.0712
05209,T,1272,0.8673
05209,U,520,0.3545
05209,V,85,0.058
05209,W,255,0.1739
05209,X,139,0.0948
05209,Y,92,0.0627
05209,Z,23307,15.8913
05212,A,40055,2.5032
05212,B,22721,1.42
05212,C,21050,1.3155
05212,D,20289,1.268
05212,E,116044,7.2522
05212,F,48580,3.036
05212,G,38463,2.4038
05212,H,78807,4.9251
05212,I,142239,8.8893
05212,J,93257,5.8281
05212,K,116300,7.2682
05212,L,48170,3.0104
05212,M,135925,8.4947
05212,N,92971,5.8102
05212,O,10316,0.6447
05212,P,2188,0.1367
05212,Q,4742,0.2964
05212,R,131584,8.2234
05212,S,51807,3.2377
05212,T,15790,0.9868
05212,U,50253,3.1406
05212,V,209,0.0131
05212,W,1104,0.069
05212,X,333,0.0208
05212,Y,2411,0.1507
05212,Z,314515,19.6557
05234,A,3596,1.2484
05234,B,8008,2.7801
05234,C,3760,1.3053
05234,D,2700,0.9373
05234,E,12518,4.3458
05234,F,6670,2.3156
05234,G,5892,2.0455
05234,H,7427,2.5784
05234,I,18921,6.5687
05234,J,12262,4.2569
05234,K,12777,4.4357
05234,L,6427,2.2312
05234,M,15210,5.2804
05234,N,14914,5.1776
05234,O,6179,2.1451
05234,P,3943,1.3689
05234,Q,832,0.2888
05234,R,39612,13.7519
05234,S,12566,4.3625
05234,T,2747,0.9537
05234,U,7656,2.6579
05234,V,56,0.0194
05234,W,450,0.1562
05234,X,222,0.0771
05234,Y,167,0.058
05234,Z,82536,28.6536
05237,A,2349,0.9376
05237,B,3359,1.3407
05237,C,2997,1.1962
05237,D,2388,0.9532
05237,E,16599,6.6255
05237,F,5109,2.0393
05237,G,5271,2.1039
05237,H,8456,3.3752
05237,I,21500,8.5817
05237,J,11509,4.5938
05237,K,37976,15.1581
05237,L,5197,2.0744
05237,M,27265,10.8828
05237,N,16065,6.4123
05237,O,2074,0.8278
05237,P,554,0.2211
05237,Q,947,0.378
05237,R,18952,7.5647
05237,S,6534,2.608
05237,T,1656,0.661
05237,U,298,0.1189
05237,V,37,0.0148
05237,W,123,0.0491
05237,X,24,0.0096
05237,Y,142,0.0567
05237,Z,53152,21.2156
05240,A,381,1.1675
05240,B,403,1.2349
05240,C,758,2.3228
05240,D,390,1.1951
05240,E,1538,4.713
05240,F,558,1.7099
05240,G,934,2.8621
05240,H,1200,3.6773
05240,I,6932,21.2423
05240,J,1630,4.9949
05240,K,3036,9.3035
05240,L,624,1.9122
05240,M,1318,4.0389
05240,N,1339,4.1032
05240,O,421,1.2901
05240,P,76,0.2329
05240,Q,65,0.1992
05240,R,2363,7.2411
05240,S,1014,3.1073
05240,T,920,2.8192
05240,U,123,0.3769
05240,V,3,0.0092
05240,W,40,0.1226
05240,X,18,0.0552
05240,Y,21,0.0644
05240,Z,6528,20.0043
05250,A,11305,1.527
05250,B,14867,2.0082
05250,C,6636,0.8964
05250,D,13048,1.7625
05250,E,24772,3.3461
05250,F,9486,1.2813
05250,G,9254,1.25
05250,H,18053,2.4385
05250,I,31853,4.3026
05250,J,35581,4.8062
05250,K,45763,6.1815
05250,L,20877,2.82
05250,M,51097,6.902
05250,N,57000,7.6994
05250,O,16532,2.2331
05250,P,3845,0.5194
05250,Q,2614,0.3531
05250,R,121818,16.4548
05250,S,28485,3.8477
05250,T,8312,1.1228
05250,U,33026,4.461
05250,V,126,0.017
05250,W,819,0.1106
05250,X,884,0.1194
05250,Y,1314,0.1775
05250,Z,172952,23.3618
05264,A,3830,2.9838
05264,B,914,0.7121
05264,C,1849,1.4405
05264,D,1292,1.0065
05264,E,7498,5.8414
05264,F,3014,2.3481
05264,G,3427,2.6698
05264,H,4398,3.4263
05264,I,23597,18.3835
05264,J,6791,5.2906
05264,K,10707,8.3414
05264,L,2561,1.9952
05264,M,10440,8.1334
05264,N,6727,5.2407
05264,O,1950,1.5192
05264,P,532,0.4145
05264,Q,588,0.4581
05264,R,11228,8.7473
05264,S,4639,3.6141
05264,T,917,0.7144
05264,U,1526,1.1888
05264,V,22,0.0171
05264,W,113,0.088
05264,X,52,0.0405
05264,Y,193,0.1504
05264,Z,19555,15.2345
05266,A,39280,1.3891
05266,B,41323,1.4614
05266,C,41456,1.4661
05266,D,38224,1.3518
05266,E,169402,5.9908
05266,F,119430,4.2235
05266,G,75312,2.6633
05266,H,131707,4.6577
05266,I,222904,7.8828
05266,J,128410,4.5411
05266,K,245510,8.6823
05266,L,72396,2.5602
05266,M,228110,8.0669
05266,N,130399,4.6115
05266,O,13728,0.4855
05266,P,2579,0.0912
05266,Q,6508,0.2302
05266,R,342488,12.1118
05266,S,76064,2.6899
05266,T,16627,0.588
05266,U,47195,1.669
05266,V,222,0.0079
05266,W,1303,0.0461
05266,X,472,0.0167
05266,Y,9401,0.3325
05266,Z,627270,22.1829
05282,A,2006,0.5879
05282,B,3029,0.8877
05282,C,4588,1.3445
05282,D,5547,1.6256
05282,E,18911,5.542
05282,F,6889,2.0189
05282,G,6969,2.0423
05282,H,12584,3.6878
05282,I,74855,21.9368
05282,J,11938,3.4985
05282,K,49553,14.5218
05282,L,4751,1.3923
05282,M,17984,5.2703
05282,N,14283,4.1857
05282,O,2341,0.686
05282,P,383,0.1122
05282,Q,569,0.1667
05282,R,24656,7.2256
05282,S,13554,3.9721
05282,T,1663,0.4874
05282,U,2182,0.6394
05282,V,68,0.0199
05282,W,361,0.1058
05282,X,145,0.0425
05282,Y,1397,0.4094
05282,Z,60025,17.5907
05284,A,4042,1.0207
05284,B,7598,1.9187
05284,C,4656,1.1758
05284,D,3927,0.9917
05284,E,21613,5.458
05284,F,8940,2.2576
05284,G,6692,1.6899
05284,H,11441,2.8892
05284,I,64956,16.4034
05284,J,14980,3.7829
05284,K,34848,8.8002
05284,L,7697,1.9437
05284,M,24243,6.1221
05284,N,19165,4.8398
05284,O,5950,1.5026
05284,P,1338,0.3379
05284,Q,1136,0.2869
05284,R,36714,9.2714
05284,S,13718,3.4642
05284,T,3196,0.8071
05284,U,10154,2.5642
05284,V,23,0.0058
05284,W,453,0.1144
05284,X,244,0.0616
05284,Y,1005,0.2538
05284,Z,87261,22.0362
05306,A,685,1.5495
05306,B,505,1.1424
05306,C,673,1.5224
05306,D,497,1.1243
05306,E,2131,4.8205
05306,F,746,1.6875
05306,G,1144,2.5878
05306,H,1415,3.2009
05306,I,6660,15.0655
05306,J,2463,5.5715
05306,K,3165,7.1595
05306,L,1387,3.1375
05306,M,2553,5.7751
05306,N,2763,6.2501
05306,O,1464,3.3117
05306,P,159,0.3597
05306,Q,123,0.2782
05306,R,4638,10.4916
05306,S,2953,6.6799
05306,T,602,1.3618
05306,U,518,1.1718
05306,V,20,0.0452
05306,W,70,0.1583
05306,X,18,0.0407
05306,Y,76,0.1719
05306,Z,6779,15.3347
05308,A,9588,1.4651
05308,B,10188,1.5568
05308,C,7678,1.1733
05308,D,8031,1.2272
05308,E,29712,4.5402
05308,F,17391,2.6575
05308,G,15859,2.4234
05308,H,30502,4.661
05308,I,91163,13.9305
05308,J,34449,5.2641
05308,K,43511,6.6488
05308,L,19677,3.0068
05308,M,63153,9.6503
05308,N,34808,5.319
05308,O,3871,0.5915
05308,P,1154,0.1763
05308,Q,1919,0.2932
05308,R,65523,10.0125
05308,S,18553,2.8351
05308,T,10444,1.5959
05308,U,8004,1.2231
05308,V,101,0.0154
05308,W,626,0.0957
05308,X,115,0.0176
05308,Y,761,0.1163
05308,Z,127633,19.5034
05310,A,635,0.8304
05310,B,927,1.2123
05310,C,1303,1.704
05310,D,857,1.1207
05310,E,2318,3.0313
05310,F,1823,2.384
05310,G,1497,1.9577
05310,H,1949,2.5488
05310,I,18892,24.7058
05310,J,3403,4.4502
05310,K,6795,8.8861
05310,L,1265,1.6543
05310,M,5119,6.6943
05310,N,4273,5.588
05310,O,718,0.939
05310,P,60,0.0785
05310,Q,187,0.2445
05310,R,7420,9.7034
05310,S,3884,5.0792
05310,T,618,0.8082
05310,U,1574,2.0584
05310,V,17,0.0222
05310,W,106,0.1386
05310,X,114,0.1491
05310,Y,106,0.1386
05310,Z,10608,13.8725
05313,A,216,0.2994
05313,B,572,0.7929
05313,C,1050,1.4556
05313,D,499,0.6917
05313,E,2573,3.5669
05313,F,1766,2.4482
05313,G,741,1.0272
05313,H,2314,3.2078
05313,I,21358,29.608
05313,J,3693,5.1195
05313,K,5820,8.0681
05313,L,1154,1.5998
05313,M,2858,3.962
05313,N,3441,4.7702
05313,O,1068,1.4805
05313,P,109,0.1511
05313,Q,206,0.2856
05313,R,6065,8.4077
05313,S,2410,3.3409
05313,T,628,0.8706
05313,U,110,0.1525
05313,V,7,0.0097
05313,W,43,0.0596
05313,X,26,0.036
05313,Y,95,0.1317
05313,Z,13314,18.4568
05315,A,99,0.3073
05315,B,155,0.4812
05315,C,688,2.1358
05315,D,305,0.9468
05315,E,795,2.4679
05315,F,504,1.5646
05315,G,937,2.9088
05315,H,1617,5.0197
05315,I,3244,10.0705
05315,J,3314,10.2878
05315,K,2653,8.2358
05315,L,335,1.04
05315,M,1958,6.0783
05315,N,3002,9.3192
05315,O,526,1.6329
05315,P,120,0.3725
05315,Q,80,0.2483
05315,R,4400,13.6591
05315,S,1329,4.1257
05315,T,254,0.7885
05315,U,79,0.2452
05315,V,4,0.0124
05315,W,30,0.0931
05315,X,41,0.1273
05315,Y,44,0.1366
05315,Z,5700,17.6947
05318,A,9466,1.8411
05318,B,10531,2.0482
05318,C,8390,1.6318
05318,D,6887,1.3395
05318,E,23439,4.5587
05318,F,14625,2.8445
05318,G,14459,2.8122
05318,H,31125,6.0536
05318,I,50499,9.8217
05318,J,31319,6.0913
05318,K,37385,7.2711
05318,L,14776,2.8738
05318,M,53947,10.4923
05318,N,31219,6.0719
05318,O,6059,1.1784
05318,P,1694,0.3295
05318,Q,1907,0.3709
05318,R,39491,7.6807
05318,S,20363,3.9605
05318,T,3743,0.728
05318,U,3156,0.6138
05318,V,50,0.0097
05318,W,935,0.1819
05318,X,151,0.0294
05318,Y,397,0.0772
05318,Z,98143,19.0882
05321,A,455,0.7427
05321,B,433,0.7068
05321,C,2643,4.3143
05321,D,919,1.5001
05321,E,4296,7.0126
05321,F,1737,2.8354
05321,G,1258,2.0535
05321,H,3296,5.3803
05321,I,5661,9.2408
05321,J,3058,4.9918
05321,K,5300,8.6515
05321,L,1323,2.1596
05321,M,4474,7.3032
05321,N,3514,5.7361
05321,O,1027,1.6764
05321,P,242,0.395
05321,Q,203,0.3314
05321,R,7080,11.5571
05321,S,2652,4.329
05321,T,818,1.3353
05321,U,744,1.2145
05321,V,14,0.0229
05321,W,86,0.1404
05321,X,51,0.0833
05321,Y,104,0.1698
05321,Z,9873,16.1163
05347,A,408,0.9969
05347,B,516,1.2608
05347,C,730,1.7837
05347,D,488,1.1924
05347,E,2976,7.2715
05347,F,1013,2.4751
05347,G,941,2.2992
05347,H,1304,3.1862
05347,I,5367,13.1136
05347,J,2177,5.3192
05347,K,2892,7.0662
05347,L,795,1.9425
05347,M,2722,6.6509
05347,N,2820,6.8903
05347,O,1068,2.6095
05347,P,230,0.562
05347,Q,98,0.2395
05347,R,4299,10.5041
05347,S,2549,6.2282
05347,T,585,1.4294
05347,U,123,0.3005
05347,V,6,0.0147
05347,W,78,0.1906
05347,X,27,0.066
05347,Y,25,0.0611
05347,Z,6690,16.3462
05353,A,529,0.9133
05353,B,829,1.4313
05353,C,719,1.2413
05353,D,687,1.1861
05353,E,2678,4.6235
05353,F,1952,3.3701
05353,G,1278,2.2065
05353,H,1827,3.1543
05353,I,11863,20.4813
05353,J,2185,3.7724
05353,K,4041,6.9767
05353,L,1116,1.9268
05353,M,2957,5.1052
05353,N,2761,4.7668
05353,O,982,1.6954
05353,P,140,0.2417
05353,Q,153,0.2642
05353,R,5800,10.0136
05353,S,2692,4.6477
05353,T,517,0.8926
05353,U,3949,6.8179
05353,V,96,0.1657
05353,W,87,0.1502
05353,X,16,0.0276
05353,Y,34,0.0587
05353,Z,8033,13.8689
05360,A,182951,3.1246
05360,B,116566,1.9908
05360,C,74507,1.2725
05360,D,71620,1.2232
05360,E,268436,4.5845
05360,F,177134,3.0252
05360,G,176294,3.0109
05360,H,275977,4.7133
05360,I,282023,4.8166
05360,J,361458,6.1732
05360,K,641867,10.9622
05360,L,165415,2.8251
05360,M,532503,9.0944
05360,N,363649,6.2106
05360,O,48257,0.8242
05360,P,11381,0.1944
05360,Q,17696,0.3022
05360,R,515752,8.8083
05360,S,170035,2.904
05360,T,49131,0.8391
05360,U,83210,1.4211
05360,V,565,0.0096
05360,W,3116,0.0532
05360,X,717,0.0122
05360,Y,13653,0.2332
05360,Z,1251356,21.3715
05361,A,1568,0.8878
05361,B,2427,1.3742
05361,C,2424,1.3725
05361,D,1277,0.723
05361,E,6211,3.5166
05361,F,2451,1.3877
05361,G,3831,2.1691
05361,H,6601,3.7375
05361,I,19251,10.8999
05361,J,9476,5.3653
05361,K,17809,10.0834
05361,L,4445,2.5167
05361,M,11060,6.2621
05361,N,9894,5.602
05361,O,3453,1.9551
05361,P,211,0.1195
05361,Q,590,0.3341
05361,R,19440,11.0069
05361,S,8100,4.5862
05361,T,2099,1.1884
05361,U,1253,0.7094
05361,V,24,0.0136
05361,W,233,0.1319
05361,X,115,0.0651
05361,Y,178,0.1008
05361,Z,42196,23.8912
05364,A,1716,0.9165
05364,B,1982,1.0586
05364,C,2773,1.4811
05364,D,1290,0.689
05364,E,8890,4.7482
05364,F,5506,2.9408
05364,G,4831,2.5802
05364,H,7497,4.0042
05364,I,44974,24.0207
05364,J,9514,5.0815
05364,K,11962,6.3889
05364,L,3937,2.1028
05364,M,15620,8.3427
05364,N,7634,4.0773
05364,O,2093,1.1179
05364,P,243,0.1298
05364,Q,581,0.3103
05364,R,16426,8.7732
05364,S,9195,4.9111
05364,T,2097,1.12
05364,U,1081,0.5774
05364,V,60,0.032
05364,W,219,0.117
05364,X,96,0.0513
05364,Y,227,0.1212
05364,Z,26786,14.3065
05368,A,1572,1.1307
05368,B,1335,0.9603
05368,C,3142,2.26
05368,D,1470,1.0574
05368,E,5812,4.1805
05368,F,3823,2.7499
05368,G,2949,2.1212
05368,H,5147,3.7022
05368,I,32041,23.0469
05368,J,5989,4.3079
05368,K,11383,8.1877
05368,L,2516,1.8097
05368,M,9618,6.9182
05368,N,7393,5.3177
05368,O,1558,1.1207
05368,P,467,0.3359
05368,Q,270,0.1942
05368,R,15365,11.052
05368,S,6802,4.8926
05368,T,1737,1.2494
05368,U,717,0.5157
05368,V,26,0.0187
05368,W,328,0.2359
05368,X,138,0.0993
05368,Y,129,0.0928
05368,Z,17298,12.4424
05376,A,25504,1.6828
05376,B,20747,1.369
05376,C,17192,1.1344
05376,D,17670,1.1659
05376,E,97124,6.4085
05376,F,51053,3.3686
05376,G,36217,2.3897
05376,H,61130,4.0335
05376,I,167586,11.0578
05376,J,81426,5.3727
05376,K,113899,7.5154
05376,L,44593,2.9424
05376,M,129800,8.5646
05376,N,68711,4.5338
05376,O,13875,0.9155
05376,P,3817,0.2519
05376,Q,5955,0.3929
05376,R,107365,7.0843
05376,S,48996,3.2329
05376,T,11866,0.783
05376,U,15830,1.0445
05376,V,235,0.0155
05376,W,1260,0.0831
05376,X,300,0.0198
05376,Y,937,0.0618
05376,Z,372453,24.5756
05380,A,12157,1.4308
05380,B,11354,1.3363
05380,C,11344,1.3351
05380,D,10842,1.276
05380,E,51496,6.0606
05380,F,25722,3.0272
05380,G,26058,3.0668
05380,H,37388,4.4002
05380,I,108463,12.7651
05380,J,57018,6.7105
05380,K,50733,5.9708
05380,L,20896,2.4593
05380,M,73065,8.5991
05380,N,44606,5.2497
05380,O,5938,0.6988
05380,P,1260,0.1483
05380,Q,1892,0.2227
05380,R,78535,9.2428
05380,S,23092,2.7177
05380,T,6511,0.7663
05380,U,20463,2.4083
05380,V,133,0.0157
05380,W,494,0.0581
05380,X,131,0.0154
05380,Y,935,0.11
05380,Z,169160,19.9085
05390,A,294,1.2502
05390,B,317,1.348
05390,C,452,1.922
05390,D,261,1.1098
05390,E,1021,4.3415
05390,F,418,1.7774
05390,G,210,0.893
05390,H,729,3.0999
05390,I,4762,20.2492
05390,J,632,2.6874
05390,K,1783,7.5817
05390,L,378,1.6073
05390,M,1176,5.0006
05390,N,1003,4.265
05390,O,541,2.3005
05390,P,47,0.1999
05390,Q,67,0.2849
05390,R,1842,7.8326
05390,S,1511,6.4251
05390,T,328,1.3947
05390,U,320,1.3607
05390,V,15,0.0638
05390,W,60,0.2551
05390,X,26,0.1106
05390,Y,31,0.1318
05390,Z,5293,22.5071
05400,A,1279,0.901
05400,B,1440,1.0144
05400,C,1621,1.1419
05400,D,1320,0.9299
05400,E,9143,6.4409
05400,F,3455,2.4339
05400,G,2588,1.8232
05400,H,5886,4.1465
05400,I,12758,8.9875
05400,J,6381,4.4952
05400,K,14951,10.5324
05400,L,3206,2.2585
05400,M,10641,7.4962
05400,N,7214,5.082
05400,O,1941,1.3674
05400,P,441,0.3107
05400,Q,438,0.3086
05400,R,16024,11.2883
05400,S,5247,3.6963
05400,T,1546,1.0891
05400,U,966,0.6805
05400,V,88,0.062
05400,W,139,0.0979
05400,X,50,0.0352
05400,Y,366,0.2578
05400,Z,32823,23.1226
05411,A,129,0.4969
05411,B,445,1.7142
05411,C,681,2.6233
05411,D,291,1.121
05411,E,1154,4.4453
05411,F,490,1.8875
05411,G,496,1.9106
05411,H,975,3.7558
05411,I,3499,13.4784
05411,J,1654,6.3713
05411,K,3599,13.8636
05411,L,788,3.0354
05411,M,1651,6.3598
05411,N,1545,5.9515
05411,O,394,1.5177
05411,P,34,0.131
05411,Q,93,0.3582
05411,R,1651,6.3598
05411,S,955,3.6787
05411,T,1079,4.1564
05411,U,249,0.9592
05411,V,1,0.0039
05411,W,38,0.1464
05411,X,16,0.0616
05411,Y,19,0.0732
05411,Z,4034,15.5393
05425,A,427,0.9746
05425,B,761,1.7369
05425,C,619,1.4128
05425,D,497,1.1343
05425,E,1795,4.0969
05425,F,1107,2.5266
05425,G,830,1.8944
05425,H,1299,2.9648
05425,I,7205,16.4445
05425,J,1464,3.3414
05425,K,5396,12.3157
05425,L,1108,2.5289
05425,M,2688,6.135
05425,N,2365,5.3978
05425,O,652,1.4881
05425,P,95,0.2168
05425,Q,195,0.4451
05425,R,5036,11.494
05425,S,1966,4.4872
05425,T,347,0.792
05425,U,565,1.2895
05425,V,9,0.0205
05425,W,70,0.1598
05425,X,62,0.1415
05425,Y,44,0.1004
05425,Z,7212,16.4605
05440,A,10535,1.7244
05440,B,8898,1.4565
05440,C,8632,1.4129
05440,D,6925,1.1335
05440,E,37766,6.1818
05440,F,20246,3.314
05440,G,13332,2.1823
05440,H,27640,4.5243
05440,I,79780,13.0588
05440,J,34905,5.7134
05440,K,36497,5.974
05440,L,16463,2.6948
05440,M,53750,8.7981
05440,N,32109,5.2558
05440,O,9848,1.612
05440,P,1552,0.254
05440,Q,2407,0.394
05440,R,44887,7.3474
05440,S,20358,3.3323
05440,T,4607,0.7541
05440,U,9265,1.5165
05440,V,91,0.0149
05440,W,543,0.0889
05440,X,161,0.0264
05440,Y,696,0.1139
05440,Z,129034,21.121
05467,A,575,1.446
05467,B,459,1.1543
05467,C,358,0.9003
05467,D,348,0.8751
05467,E,2167,5.4494
05467,F,1179,2.9648
05467,G,746,1.876
05467,H,1188,2.9875
05467,I,7449,18.7321
05467,J,1759,4.4234
05467,K,3344,8.4092
05467,L,1053,2.648
05467,M,3623,9.1108
05467,N,1911,4.8056
05467,O,552,1.3881
05467,P,10,0.0251
05467,Q,165,0.4149
05467,R,4061,10.2122
05467,S,1276,3.2088
05467,T,471,1.1844
05467,U,24,0.0604
05467,V,6,0.0151
05467,W,40,0.1006
05467,X,20,0.0503
05467,Y,41,0.1031
05467,Z,6941,17.4546
05475,A,94,1.4665
05475,B,167,2.6053
05475,C,121,1.8877
05475,D,127,1.9813
05475,E,242,3.7754
05475,F,116,1.8097
05475,G,149,2.3245
05475,H,236,3.6817
05475,I,712,11.1076
05475,J,576,8.986
05475,K,679,10.5928
05475,L,267,4.1654
05475,M,372,5.8034
05475,N,352,5.4914
05475,O,147,2.2933
05475,P,4,0.0624
05475,Q,9,0.1404
05475,R,690,10.7644
05475,S,235,3.6661
05475,T,71,1.1076
05475,U,50,0.78
05475,V,1,0.0156
05475,W,22,0.3432
05475,X,5,0.078
05475,Y,8,0.1248
05475,Z,958,14.9454
05480,A,176,0.4033
05480,B,686,1.5721
05480,C,414,0.9488
05480,D,431,0.9877
05480,E,1224,2.805
05480,F,351,0.8044
05480,G,458,1.0496
05480,H,1053,2.4131
05480,I,526,1.2054
05480,J,1189,2.7248
05480,K,1490,3.4146
05480,L,884,2.0259
05480,M,1906,4.368
05480,N,2364,5.4175
05480,O,1269,2.9081
05480,P,161,0.369
05480,Q,163,0.3735
05480,R,8122,18.6131
05480,S,1659,3.8019
05480,T,511,1.1711
05480,U,244,0.5592
05480,V,8,0.0183
05480,W,54,0.1238
05480,X,53,0.1215
05480,Y,41,0.094
05480,Z,18199,41.7064
05483,A,524,1.323
05483,B,515,1.3003
05483,C,633,1.5982
05483,D,449,1.1336
05483,E,1791,4.5219
05483,F,512,1.2927
05483,G,1251,3.1585
05483,H,1851,4.6734
05483,I,7576,19.1279
05483,J,2923,7.38
05483,K,3394,8.5692
05483,L,1393,3.5171
05483,M,2425,6.1227
05483,N,1340,3.3832
05483,O,641,1.6184
05483,P,70,0.1767
05483,Q,116,0.2929
05483,R,2391,6.0368
05483,S,1548,3.9084
05483,T,503,1.27
05483,U,106,0.2676
05483,V,6,0.0151
05483,W,35,0.0884
05483,X,11,0.0278
05483,Y,18,0.0454
05483,Z,7585,19.1507
05490,A,1567,1.4393
05490,B,3968,3.6445
05490,C,913,0.8386
05490,D,1637,1.5035
05490,E,3266,2.9997
05490,F,1101,1.0112
05490,G,1639,1.5054
05490,H,4308,3.9568
05490,I,21160,19.435
05490,J,6217,5.7102
05490,K,4880,4.4822
05490,L,3567,3.2762
05490,M,7438,6.8316
05490,N,8837,8.1166
05490,O,3635,3.3387
05490,P,577,0.53
05490,Q,269,0.2471
05490,R,11035,10.1354
05490,S,3695,3.3938
05490,T,875,0.8037
05490,U,555,0.5098
05490,V,41,0.0377
05490,W,157,0.1442
05490,X,49,0.045
05490,Y,43,0.0395
05490,Z,17447,16.0247
05495,A,1863,0.7713
05495,B,5805,2.4033
05495,C,2078,0.8603
05495,D,4048,1.6759
05495,E,5429,2.2477
05495,F,2118,0.8769
05495,G,2676,1.1079
05495,H,3440,1.4242
05495,I,22184,9.1844
05495,J,7259,3.0053
05495,K,13595,5.6284
05495,L,4140,1.714
05495,M,7581,3.1386
05495,N,12998,5.3813
05495,O,6386,2.6439
05495,P,1839,0.7614
05495,Q,456,0.1888
05495,R,46369,19.1972
05495,S,6034,2.4981
05495,T,2147,0.8889
05495,U,6014,2.4898
05495,V,15,0.0062
05495,W,244,0.101
05495,X,145,0.06
05495,Y,154,0.0638
05495,Z,76524,31.6816
05501,A,131,0.6834
05501,B,427,2.2274
05501,C,219,1.1424
05501,D,235,1.2259
05501,E,1029,5.3678
05501,F,261,1.3615
05501,G,528,2.7543
05501,H,796,4.1523
05501,I,3129,16.3224
05501,J,990,5.1643
05501,K,1738,9.0662
05501,L,471,2.457
05501,M,1290,6.7293
05501,N,1049,5.4721
05501,O,227,1.1841
05501,P,17,0.0887
05501,Q,35,0.1826
05501,R,1869,9.7496
05501,S,794,4.1419
05501,T,604,3.1508
05501,U,18,0.0939
05501,V,48,0.2504
05501,W,56,0.2921
05501,X,27,0.1408
05501,Y,10,0.0522
05501,Z,3172,16.5467
05541,A,1387,0.9321
05541,B,1986,1.3346
05541,C,2221,1.4926
05541,D,2025,1.3608
05541,E,5329,3.5812
05541,F,4344,2.9193
05541,G,4358,2.9287
05541,H,7190,4.8318
05541,I,18515,12.4425
05541,J,7779,5.2276
05541,K,12327,8.284
05541,L,3027,2.0342
05541,M,9311,6.2572
05541,N,7873,5.2908
05541,O,2616,1.758
05541,P,384,0.2581
05541,Q,561,0.377
05541,R,14872,9.9943
05541,S,6972,4.6853
05541,T,1740,1.1693
05541,U,1113,0.748
05541,V,26,0.0175
05541,W,209,0.1405
05541,X,105,0.0706
05541,Y,160,0.1075
05541,Z,32375,21.7567
05543,A,1293,1.0316
05543,B,1463,1.1672
05543,C,2057,1.6412
05543,D,1115,0.8896
05543,E,3789,3.023
05543,F,2538,2.0249
05543,G,3345,2.6688
05543,H,4040,3.2233
05543,I,7549,6.0229
05543,J,6786,5.4142
05543,K,11416,9.1082
05543,L,3143,2.5076
05543,M,8412,6.7115
05543,N,6149,4.9059
05543,O,2415,1.9268
05543,P,379,0.3024
05543,Q,433,0.3455
05543,R,15769,12.5812
05543,S,6034,4.8142
05543,T,1983,1.5821
05543,U,4496,3.5871
05543,V,121,0.0965
05543,W,194,0.1548
05543,X,79,0.063
05543,Y,50,0.0399
05543,Z,30290,24.1667
05576,A,1958,0.9171
05576,B,2543,1.1911
05576,C,2139,1.0019
05576,D,2175,1.0187
05576,E,7398,3.4651
05576,F,6616,3.0988
05576,G,4086,1.9138
05576,H,6650,3.1147
05576,I,43645,20.4423
05576,J,8157,3.8206
05576,K,18985,8.8921
05576,L,4022,1.8838
05576,M,12003,5.6219
05576,N,13498,6.3222
05576,O,2400,1.1241
05576,P,647,0.303
05576,Q,607,0.2843
05576,R,24405,11.4308
05576,S,7071,3.3119
05576,T,1866,0.874
05576,U,5092,2.385
05576,V,42,0.0197
05576,W,230,0.1077
05576,X,261,0.1222
05576,Y,190,0.089
05576,Z,36817,17.2443
05579,A,9896,1.3744
05579,B,9284,1.2894
05579,C,9018,1.2524
05579,D,9016,1.2522
05579,E,36696,5.0965
05579,F,8868,1.2316
05579,G,9329,1.2956
05579,H,21572,2.996
05579,I,78687,10.9283
05579,J,29422,4.0862
05579,K,71051,9.8678
05579,L,16601,2.3056
05579,M,54506,7.57
05579,N,43911,6.0985
05579,O,6307,0.8759
05579,P,1397,0.194
05579,Q,2686,0.373
05579,R,77221,10.7247
05579,S,27726,3.8507
05579,T,5781,0.8029
05579,U,8060,1.1194
05579,V,64,0.0089
05579,W,680,0.0944
05579,X,393,0.0546
05579,Y,709,0.0985
05579,Z,181148,25.1584
05585,A,1194,1.502
05585,B,1817,2.2858
05585,C,1279,1.609
05585,D,1254,1.5775
05585,E,2552,3.2104
05585,F,1244,1.5649
05585,G,1695,2.1323
05585,H,3392,4.2671
05585,I,13202,16.608
05585,J,3001,3.7752
05585,K,6377,8.0222
05585,L,1941,2.4418
05585,M,5697,7.1668
05585,N,5012,6.305
05585,O,1207,1.5184
05585,P,92,0.1157
05585,Q,240,0.3019
05585,R,11304,14.2203
05585,S,3936,4.9514
05585,T,968,1.2177
05585,U,173,0.2176
05585,V,17,0.0214
05585,W,109,0.1371
05585,X,34,0.0428
05585,Y,76,0.0956
05585,Z,11679,14.692
05591,A,685,1.0157
05591,B,999,1.4813
05591,C,928,1.376
05591,D,894,1.3256
05591,E,3061,4.5388
05591,F,787,1.167
05591,G,1341,1.9884
05591,H,2352,3.4875
05591,I,9387,13.919
05591,J,3386,5.0208
05591,K,5850,8.6744
05591,L,1751,2.5964
05591,M,4466,6.6222
05591,N,5076,7.5267
05591,O,1441,2.1367
05591,P,187,0.2773
05591,Q,265,0.3929
05591,R,8912,13.2147
05591,S,3393,5.0311
05591,T,711,1.0543
05591,U,1097,1.6266
05591,V,90,0.1335
05591,W,146,0.2165
05591,X,76,0.1127
05591,Y,52,0.0771
05591,Z,10107,14.9867
05604,A,2318,1.4309
05604,B,3460,2.1358
05604,C,3470,2.142
05604,D,1815,1.1204
05604,E,4846,2.9914
05604,F,3868,2.3877
05604,G,2873,1.7735
05604,H,3248,2.005
05604,I,17687,10.9181
05604,J,8640,5.3334
05604,K,8343,5.1501
05604,L,4641,2.8649
05604,M,7077,4.3686
05604,N,6858,4.2334
05604,O,5736,3.5408
05604,P,981,0.6056
05604,Q,458,0.2827
05604,R,29802,18.3966
05604,S,11928,7.3631
05604,T,2173,1.3414
05604,U,3110,1.9198
05604,V,75,0.0463
05604,W,484,0.2988
05604,X,252,0.1556
05604,Y,201,0.1241
05604,Z,27653,17.0701
05607,A,1700,0.9774
05607,B,1516,0.8716
05607,C,3050,1.7536
05607,D,1849,1.0631
05607,E,9679,5.565
05607,F,6439,3.7022
05607,G,4923,2.8305
05607,H,8891,5.112
05607,I,26705,15.3543
05607,J,9648,5.5472
05607,K,10969,6.3067
05607,L,4271,2.4557
05607,M,17556,10.094
05607,N,8535,4.9073
05607,O,1537,0.8837
05607,P,280,0.161
05607,Q,493,0.2835
05607,R,12534,7.2066
05607,S,8331,4.79
05607,T,1407,0.809
05607,U,5446,3.1312
05607,V,59,0.0339
05607,W,285,0.1639
05607,X,77,0.0443
05607,Y,236,0.1357
05607,Z,27509,15.8166
05615,A,29528,1.5666
05615,B,31306,1.6609
05615,C,23454,1.2443
05615,D,24156,1.2816
05615,E,155311,8.2398
05615,F,73636,3.9067
05615,G,59868,3.1762
05615,H,89475,4.747
05615,I,146451,7.7698
05615,J,131207,6.961
05615,K,179389,9.5173
05615,L,57197,3.0345
05615,M,146895,7.7933
05615,N,127692,6.7745
05615,O,15083,0.8002
05615,P,6709,0.3559
05615,Q,6845,0.3632
05615,R,101245,5.3714
05615,S,54304,2.881
05615,T,16195,0.8592
05615,U,35611,1.8893
05615,V,225,0.0119
05615,W,1129,0.0599
05615,X,247,0.0131
05615,Y,3286,0.1743
05615,Z,368437,19.547
05628,A,74,0.3317
05628,B,744,3.335
05628,C,362,1.6227
05628,D,175,0.7844
05628,E,1177,5.2759
05628,F,264,1.1834
05628,G,711,3.1871
05628,H,602,2.6985
05628,I,4109,18.4186
05628,J,2011,9.0143
05628,K,1199,5.3745
05628,L,964,4.3211
05628,M,1166,5.2266
05628,N,775,3.4739
05628,O,472,2.1157
05628,P,41,0.1838
05628,Q,101,0.4527
05628,R,1254,5.621
05628,S,880,3.9446
05628,T,212,0.9503
05628,U,88,0.3945
05628,V,4,0.0179
05628,W,27,0.121
05628,X,37,0.1659
05628,Y,10,0.0448
05628,Z,4850,21.7401
05631,A,17223,3.1661
05631,B,14633,2.6899
05631,C,8062,1.482
05631,D,8535,1.569
05631,E,52473,9.646
05631,F,17244,3.1699
05631,G,18458,3.3931
05631,H,24820,4.5626
05631,I,84052,15.451
05631,J,45743,8.4088
05631,K,36303,6.6735
05631,L,15437,2.8377
05631,M,43201,7.9415
05631,N,25371,4.6639
05631,O,2311,0.4248
05631,P,692,0.1272
05631,Q,1011,0.1858
05631,R,46720,8.5884
05631,S,13001,2.3899
05631,T,2752,0.5059
05631,U,10003,1.8388
05631,V,47,0.0086
05631,W,326,0.0599
05631,X,61,0.0112
05631,Y,1138,0.2092
05631,Z,54372,9.9951
05642,A,59,0.4671
05642,B,182,1.4409
05642,C,205,1.623
05642,D,127,1.0055
05642,E,1358,10.7513
05642,F,276,2.1851
05642,G,229,1.813
05642,H,402,3.1826
05642,I,369,2.9214
05642,J,842,6.6661
05642,K,948,7.5053
05642,L,310,2.4543
05642,M,1426,11.2897
05642,N,605,4.7898
05642,O,347,2.7472
05642,P,25,0.1979
05642,Q,47,0.3721
05642,R,1772,14.029
05642,S,754,5.9694
05642,T,131,1.0371
05642,U,203,1.6072
05642,V,19,0.1504
05642,W,31,0.2454
05642,X,14,0.1108
05642,Y,28,0.2217
05642,Z,1922,15.2165
05647,A,28,0.5665
05647,B,106,2.1444
05647,C,48,0.9711
05647,D,70,1.4161
05647,E,77,1.5578
05647,F,104,2.104
05647,G,89,1.8005
05647,H,310,6.2715
05647,I,113,2.2861
05647,J,391,7.9102
05647,K,316,6.3929
05647,L,104,2.104
05647,M,458,9.2656
05647,N,91,1.841
05647,O,225,4.5519
05647,P,10,0.2023
05647,Q,17,0.3439
05647,R,839,16.9735
05647,S,280,5.6646
05647,T,58,1.1734
05647,U,28,0.5665
05647,W,9,0.1821
05647,X,6,0.1214
05647,Y,4,0.0809
05647,Z,1162,23.508
05649,A,165,0.4114
05649,B,323,0.8053
05649,C,511,1.274
05649,D,259,0.6457
05649,E,908,2.2638
05649,F,654,1.6306
05649,G,623,1.5533
05649,H,1274,3.1763
05649,I,1052,2.6229
05649,J,1737,4.3307
05649,K,7648,19.068
05649,L,816,2.0345
05649,M,2344,5.8441
05649,N,2418,6.0286
05649,O,746,1.8599
05649,P,44,0.1097
05649,Q,87,0.2169
05649,R,11029,27.4976
05649,S,1548,3.8595
05649,T,144,0.359
05649,U,422,1.0521
05649,V,7,0.0175
05649,W,25,0.0623
05649,X,49,0.1222
05649,Y,39,0.0972
05649,Z,5237,13.0569
05652,A,253,1.9529
05652,B,265,2.0455
05652,C,372,2.8715
05652,D,270,2.0841
05652,E,703,5.4265
05652,F,333,2.5704
05652,G,230,1.7754
05652,H,714,5.5114
05652,I,387,2.9873
05652,J,565,4.3613
05652,K,1084,8.3674
05652,L,551,4.2532
05652,M,602,4.6469
05652,N,717,5.5345
05652,O,495,3.8209
05652,P,30,0.2316
05652,Q,52,0.4014
05652,R,947,7.3099
05652,S,676,5.2181
05652,T,81,0.6252
05652,U,4,0.0309
05652,V,2,0.0154
05652,W,32,0.247
05652,X,10,0.0772
05652,Y,14,0.1081
05652,Z,3566,27.5261
05656,A,1752,1.3052
05656,B,1605,1.1957
05656,C,672,0.5006
05656,D,1039,0.774
05656,E,6415,4.7789
05656,F,2069,1.5413
05656,G,2477,1.8453
05656,H,5128,3.8202
05656,I,21785,16.229
05656,J,4654,3.4671
05656,K,17276,12.87
05656,L,2904,2.1634
05656,M,8785,6.5445
05656,N,9233,6.8782
05656,O,1472,1.0966
05656,P,139,0.1035
05656,Q,226,0.1684
05656,R,18728,13.9517
05656,S,5228,3.8947
05656,T,1637,1.2195
05656,U,648,0.4827
05656,V,34,0.0253
05656,W,112,0.0834
05656,X,49,0.0365
05656,Y,207,0.1542
05656,Z,19961,14.8702
05658,A,147,0.6389
05658,B,141,0.6129
05658,C,583,2.534
05658,D,221,0.9606
05658,E,677,2.9426
05658,F,364,1.5821
05658,G,801,3.4815
05658,H,681,2.96
05658,I,6558,28.5044
05658,J,1234,5.3636
05658,K,2450,10.6489
05658,L,385,1.6734
05658,M,935,4.064
05658,N,1592,6.9196
05658,O,195,0.8476
05658,P,18,0.0782
05658,Q,17,0.0739
05658,R,1932,8.3974
05658,S,727,3.1599
05658,T,325,1.4126
05658,U,204,0.8867
05658,V,2,0.0087
05658,W,24,0.1043
05658,X,11,0.0478
05658,Y,20,0.0869
05658,Z,2763,12.0094
05659,A,375,0.6976
05659,B,2037,3.7893
05659,C,558,1.038
05659,D,1779,3.3094
05659,E,1235,2.2974
05659,F,549,1.0213
05659,G,485,0.9022
05659,H,2100,3.9065
05659,I,990,1.8417
05659,J,8527,15.8624
05659,K,4323,8.0419
05659,L,2658,4.9446
05659,M,1236,2.2993
05659,N,3107,5.7798
05659,O,1495,2.7811
05659,P,116,0.2158
05659,Q,222,0.413
05659,R,6737,12.5326
05659,S,1416,2.6341
05659,T,470,0.8743
05659,U,6,0.0112
05659,V,10,0.0186
05659,W,118,0.2195
05659,X,6,0.0112
05659,Y,13,0.0242
05659,Z,13188,24.5331
05660,A,328,0.6045
05660,B,686,1.2643
05660,C,997,1.8375
05660,D,434,0.7999
05660,E,1740,3.2068
05660,F,977,1.8006
05660,G,1085,1.9997
05660,H,2462,4.5375
05660,I,4560,8.4041
05660,J,2777,5.118
05660,K,6136,11.3087
05660,L,1404,2.5876
05660,M,3246,5.9824
05660,N,2315,4.2666
05660,O,1240,2.2853
05660,P,136,0.2506
05660,Q,186,0.3428
05660,R,8135,14.9929
05660,S,3309,6.0985
05660,T,699,1.2883
05660,U,775,1.4283
05660,V,21,0.0387
05660,W,85,0.1567
05660,X,36,0.0663
05660,Y,57,0.1051
05660,Z,10433,19.2281
05664,A,1191,0.7206
05664,B,1925,1.1648
05664,C,2748,1.6627
05664,D,1659,1.0038
05664,E,8391,5.0772
05664,F,3285,1.9877
05664,G,4505,2.7259
05664,H,6570,3.9753
05664,I,28247,17.0915
05664,J,7660,4.6349
05664,K,12245,7.4091
05664,L,3819,2.3108
05664,M,14604,8.8365
05664,N,9803,5.9315
05664,O,2579,1.5605
05664,P,697,0.4217
05664,Q,623,0.377
05664,R,12863,7.7831
05664,S,9736,5.891
05664,T,2060,1.2465
05664,U,2536,1.5345
05664,V,29,0.0175
05664,W,326,0.1973
05664,X,134,0.0811
05664,Y,393,0.2378
05664,Z,26641,16.1198
05665,A,2977,0.9431
05665,B,9536,3.0209
05665,C,1606,0.5088
05665,D,3843,1.2174
05665,E,10897,3.4521
05665,F,2201,0.6973
05665,G,3889,1.232
05665,H,8275,2.6214
05665,I,25434,8.0573
05665,J,29742,9.422
05665,K,22202,7.0334
05665,L,6976,2.2099
05665,M,12589,3.9881
05665,N,28737,9.1036
05665,O,4724,1.4965
05665,P,666,0.211
05665,Q,735,0.2328
05665,R,48614,15.4005
05665,S,8283,2.624
05665,T,2641,0.8366
05665,U,420,0.1331
05665,V,77,0.0244
05665,W,315,0.0998
05665,X,184,0.0583
05665,Y,79,0.025
05665,Z,80024,25.3508
05667,A,900,0.9202
05667,B,1939,1.9825
05667,C,2482,2.5377
05667,D,1630,1.6666
05667,E,3086,3.1552
05667,F,1541,1.5756
05667,G,1657,1.6942
05667,H,4533,4.6347
05667,I,6573,6.7204
05667,J,6848,7.0016
05667,K,12918,13.2078
05667,L,3090,3.1593
05667,M,7910,8.0874
05667,N,5429,5.5508
05667,O,1544,1.5786
05667,P,209,0.2137
05667,Q,293,0.2996
05667,R,8718,8.9136
05667,S,4184,4.2779
05667,T,1004,1.0265
05667,U,25,0.0256
05667,V,9,0.0092
05667,W,193,0.1973
05667,X,64,0.0654
05667,Y,45,0.046
05667,Z,20982,21.4527
05670,A,520,0.5069
05670,B,1701,1.6582
05670,C,558,0.5439
05670,D,735,0.7165
05670,E,2916,2.8426
05670,F,1060,1.0333
05670,G,1359,1.3248
05670,H,3452,3.3651
05670,I,28243,27.5319
05670,J,6227,6.0702
05670,K,6061,5.9084
05670,L,2399,2.3386
05670,M,7906,7.7069
05670,N,5042,4.915
05670,O,1090,1.0626
05670,P,104,0.1014
05670,Q,311,0.3032
05670,R,8874,8.6506
05670,S,4744,4.6245
05670,T,842,0.8208
05670,U,1439,1.4028
05670,V,19,0.0185
05670,W,213,0.2076
05670,X,77,0.0751
05670,Y,97,0.0946
05670,Z,16594,16.1762
05674,A,964,0.7335
05674,B,937,0.713
05674,C,1937,1.4739
05674,D,1286,0.9785
05674,E,10875,8.2747
05674,F,4309,3.2787
05674,G,3903,2.9698
05674,H,5373,4.0883
05674,I,11112,8.4551
05674,J,6248,4.7541
05674,K,7850,5.973
05674,L,3206,2.4394
05674,M,8713,6.6297
05674,N,6354,4.8347
05674,O,1596,1.2144
05674,P,312,0.2374
05674,Q,498,0.3789
05674,R,7791,5.9281
05674,S,6216,4.7297
05674,T,2859,2.1754
05674,U,1507,1.1467
05674,V,28,0.0213
05674,W,177,0.1347
05674,X,49,0.0373
05674,Y,59,0.0449
05674,Z,37265,28.3548
05679,A,1794,1.3616
05679,B,1772,1.3449
05679,C,1878,1.4254
05679,D,1487,1.1286
05679,E,5643,4.2829
05679,F,2792,2.1191
05679,G,3817,2.897
05679,H,7229,5.4866
05679,I,19665,14.9252
05679,J,10760,8.1665
05679,K,12936,9.8181
05679,L,2963,2.2488
05679,M,9483,7.1973
05679,N,4733,3.5922
05679,O,837,0.6353
05679,P,116,0.088
05679,Q,293,0.2224
05679,R,16885,12.8153
05679,S,6655,5.051
05679,T,1045,0.7931
05679,U,114,0.0865
05679,V,22,0.0167
05679,W,223,0.1693
05679,X,49,0.0372
05679,Y,137,0.104
05679,Z,18429,13.9871
05686,A,451,0.2958
05686,B,870,0.5706
05686,C,1516,0.9942
05686,D,1126,0.7385
05686,E,6688,4.3861
05686,F,2710,1.7773
05686,G,2757,1.8081
05686,H,4363,2.8614
05686,I,16094,10.5548
05686,J,3769,2.4718
05686,K,7620,4.9974
05686,L,2317,1.5195
05686,M,6472,4.2445
05686,N,5439,3.567
05686,O,1524,0.9995
05686,P,528,0.3463
05686,Q,342,0.2243
05686,R,11413,7.4849
05686,S,4739,3.1079
05686,T,1004,0.6584
05686,U,27467,18.0135
05686,V,12,0.0079
05686,W,99,0.0649
05686,X,78,0.0512
05686,Y,218,0.143
05686,Z,42864,28.1112
05690,A,860,0.9311
05690,B,885,0.9582
05690,C,1030,1.1152
05690,D,721,0.7806
05690,E,4175,4.5203
05690,F,1873,2.0279
05690,G,1370,1.4833
05690,H,2836,3.0706
05690,I,20155,21.822
05690,J,4405,4.7693
05690,K,6116,6.6218
05690,L,1956,2.1178
05690,M,5329,5.7698
05690,N,4959,5.3691
05690,O,1141,1.2354
05690,P,158,0.1711
05690,Q,206,0.223
05690,R,10385,11.2439
05690,S,3852,4.1706
05690,T,873,0.9452
05690,U,379,0.4103
05690,V,22,0.0238
05690,W,199,0.2155
05690,X,93,0.1007
05690,Y,85,0.092
05690,Z,18298,19.8114
05697,A,1655,0.6042
05697,B,2796,1.0208
05697,C,4904,1.7903
05697,D,3209,1.1715
05697,E,16614,6.0654
05697,F,9464,3.4551
05697,G,6032,2.2021
05697,H,11709,4.2747
05697,I,38869,14.1901
05697,J,17190,6.2756
05697,K,28749,10.4956
05697,L,5972,2.1802
05697,M,16028,5.8514
05697,N,10813,3.9476
05697,O,4711,1.7199
05697,P,845,0.3085
05697,Q,1330,0.4856
05697,R,20568,7.5089
05697,S,8645,3.1561
05697,T,1840,0.6717
05697,U,738,0.2694
05697,V,128,0.0467
05697,W,258,0.0942
05697,X,135,0.0493
05697,Y,996,0.3636
05697,Z,59718,21.8016
05736,A,1997,1.2344
05736,B,4399,2.7191
05736,C,2521,1.5583
05736,D,2020,1.2486
05736,E,9615,5.9431
05736,F,3413,2.1096
05736,G,3562,2.2017
05736,H,4480,2.7691
05736,I,20613,12.7411
05736,J,6825,4.2186
05736,K,20810,12.8629
05736,L,3787,2.3408
05736,M,9519,5.8838
05736,N,8619,5.3275
05736,O,4146,2.5627
05736,P,732,0.4525
05736,Q,496,0.3066
05736,R,18850,11.6514
05736,S,8255,5.1025
05736,T,1939,1.1985
05736,U,3304,2.0422
05736,V,38,0.0235
05736,W,224,0.1385
05736,X,121,0.0748
05736,Y,214,0.1323
05736,Z,21284,13.1559
05756,A,1283,0.6037
05756,B,1831,0.8616
05756,C,2364,1.1124
05756,D,1635,0.7694
05756,E,8871,4.1745
05756,F,3339,1.5712
05756,G,5428,2.5543
05756,H,8458,3.9801
05756,I,36518,17.1844
05756,J,10923,5.1401
05756,K,17506,8.2378
05756,L,5105,2.4023
05756,M,16277,7.6595
05756,N,11221,5.2803
05756,O,2777,1.3068
05756,P,311,0.1463
05756,Q,579,0.2725
05756,R,14260,6.7104
05756,S,9228,4.3424
05756,T,3711,1.7463
05756,U,251,0.1181
05756,V,23,0.0108
05756,W,189,0.0889
05756,X,132,0.0621
05756,Y,101,0.0475
05756,Z,50186,23.6162
05761,A,1480,1.2178
05761,B,2065,1.6992
05761,C,2110,1.7362
05761,D,1732,1.4252
05761,E,7047,5.7985
05761,F,2551,2.0991
05761,G,2460,2.0242
05761,H,4135,3.4024
05761,I,14024,11.5394
05761,J,6385,5.2538
05761,K,9413,7.7453
05761,L,2955,2.4315
05761,M,11109,9.1409
05761,N,8000,6.5827
05761,O,1702,1.4005
05761,P,222,0.1827
05761,Q,378,0.311
05761,R,15776,12.9811
05761,S,5407,4.4491
05761,T,3104,2.5541
05761,U,1332,1.096
05761,V,111,0.0913
05761,W,199,0.1637
05761,X,73,0.0601
05761,Y,142,0.1168
05761,Z,17619,14.4975
05789,A,1639,1.0772
05789,B,3191,2.0973
05789,C,2915,1.9159
05789,D,1357,0.8919
05789,E,5524,3.6307
05789,F,4426,2.909
05789,G,3209,2.1091
05789,H,5083,3.3408
05789,I,17810,11.7058
05789,J,6450,4.2393
05789,K,12916,8.4892
05789,L,3551,2.3339
05789,M,10354,6.8053
05789,N,7546,4.9597
05789,O,2148,1.4118
05789,P,394,0.259
05789,Q,296,0.1945
05789,R,21011,13.8097
05789,S,9965,6.5496
05789,T,1717,1.1285
05789,U,11634,7.6466
05789,V,48,0.0315
05789,W,307,0.2018
05789,X,237,0.1558
05789,Y,154,0.1012
05789,Z,18265,12.0048
05790,A,4145,1.2029
05790,B,11728,3.4034
05790,C,3106,0.9014
05790,D,4192,1.2165
05790,E,9255,2.6858
05790,F,4948,1.4359
05790,G,5903,1.713
05790,H,6457,1.8738
05790,I,16339,4.7415
05790,J,18603,5.3986
05790,K,25932,7.5254
05790,L,7590,2.2026
05790,M,13610,3.9496
05790,N,20261,5.8797
05790,O,7721,2.2406
05790,P,1753,0.5087
05790,Q,858,0.249
05790,R,50309,14.5996
05790,S,12539,3.6388
05790,T,2950,0.8561
05790,U,10483,3.0421
05790,V,187,0.0543
05790,W,416,0.1207
05790,X,570,0.1654
05790,Y,317,0.092
05790,Z,104420,30.3025
05792,A,641,1.0708
05792,B,794,1.3264
05792,C,1092,1.8242
05792,D,728,1.2162
05792,E,3273,5.4677
05792,F,1392,2.3254
05792,G,1186,1.9813
05792,H,2307,3.8539
05792,I,9049,15.1167
05792,J,2666,4.4537
05792,K,2562,4.2799
05792,L,1445,2.4139
05792,M,4411,7.3687
05792,N,3676,6.1409
05792,O,809,1.3515
05792,P,184,0.3074
05792,Q,186,0.3107
05792,R,6496,10.8518
05792,S,2263,3.7804
05792,T,621,1.0374
05792,U,189,0.3157
05792,V,39,0.0652
05792,W,74,0.1236
05792,X,35,0.0585
05792,Y,39,0.0652
05792,Z,13704,22.893
05809,A,933,0.9204
05809,B,1563,1.5419
05809,C,1884,1.8586
05809,D,1051,1.0368
05809,E,4894,4.828
05809,F,3426,3.3798
05809,G,2593,2.5581
05809,H,3931,3.878
05809,I,19767,19.5006
05809,J,4810,4.7452
05809,K,8695,8.5778
05809,L,2459,2.4259
05809,M,7737,7.6327
05809,N,4499,4.4384
05809,O,896,0.8839
05809,P,74,0.073
05809,Q,232,0.2289
05809,R,14866,14.6657
05809,S,4584,4.5222
05809,T,996,0.9826
05809,U,578,0.5702
05809,V,10,0.0099
05809,W,200,0.1973
05809,X,42,0.0414
05809,Y,86,0.0848
05809,Z,10560,10.4177
05819,A,285,0.9518
05819,B,361,1.2056
05819,C,557,1.8602
05819,D,419,1.3993
05819,E,831,2.7753
05819,F,478,1.5964
05819,G,602,2.0105
05819,H,1333,4.4518
05819,I,4036,13.4789
05819,J,1345,4.4919
05819,K,3040,10.1526
05819,L,658,2.1975
05819,M,1557,5.1999
05819,N,1792,5.9847
05819,O,552,1.8435
05819,P,65,0.2171
05819,Q,127,0.4241
05819,R,2793,9.3277
05819,S,1709,5.7075
05819,T,403,1.3459
05819,U,645,2.1541
05819,V,6,0.02
05819,W,50,0.167
05819,X,26,0.0868
05819,Y,22,0.0735
05819,Z,6251,20.8763
05837,A,7692,0.8573
05837,B,16373,1.8248
05837,C,9649,1.0754
05837,D,9167,1.0217
05837,E,48832,5.4424
05837,F,12198,1.3595
05837,G,21171,2.3595
05837,H,41247,4.597
05837,I,73216,8.16
05837,J,48292,5.3822
05837,K,89891,10.0185
05837,L,24283,2.7064
05837,M,61591,6.8644
05837,N,59181,6.5958
05837,O,20870,2.326
05837,P,2830,0.3154
05837,Q,3124,0.3482
05837,R,91349,10.181
05837,S,30114,3.3562
05837,T,10302,1.1482
05837,U,6036,0.6727
05837,V,129,0.0144
05837,W,686,0.0765
05837,X,529,0.059
05837,Y,1319,0.147
05837,Z,207183,23.0908
05842,A,960,1.0343
05842,B,1831,1.9727
05842,C,1354,1.4588
05842,D,1085,1.169
05842,E,4519,4.8687
05842,F,2251,2.4252
05842,G,2764,2.9779
05842,H,2606,2.8077
05842,I,12069,13.003
05842,J,3554,3.829
05842,K,5143,5.541
05842,L,2021,2.1774
05842,M,5240,5.6455
05842,N,5583,6.0151
05842,O,2399,2.5847
05842,P,825,0.8888
05842,Q,542,0.5839
05842,R,10005,10.7793
05842,S,5226,5.6304
05842,T,1057,1.1388
05842,U,3170,3.4153
05842,V,14,0.0151
05842,W,68,0.0733
05842,X,43,0.0463
05842,Y,81,0.0873
05842,Z,18407,19.8315
05847,A,3961,1.4825
05847,B,4899,1.8335
05847,C,4758,1.7808
05847,D,2873,1.0753
05847,E,9547,3.5732
05847,F,5519,2.0656
05847,G,6825,2.5544
05847,H,21253,7.9544
05847,I,23998,8.9817
05847,J,8713,3.261
05847,K,19385,7.2552
05847,L,4716,1.7651
05847,M,11042,4.1327
05847,N,12140,4.5436
05847,O,3421,1.2804
05847,P,443,0.1658
05847,Q,777,0.2908
05847,R,31438,11.7663
05847,S,9618,3.5997
05847,T,2782,1.0412
05847,U,1203,0.4502
05847,V,39,0.0146
05847,W,486,0.1819
05847,X,134,0.0502
05847,Y,256,0.0958
05847,Z,76961,28.8042
05854,A,611,0.6169
05854,B,1059,1.0692
05854,C,1445,1.4589
05854,D,1017,1.0268
05854,E,4314,4.3556
05854,F,2348,2.3706
05854,G,1964,1.9829
05854,H,2381,2.4039
05854,I,9098,9.1856
05854,J,2633,2.6584
05854,K,9029,9.116
05854,L,2460,2.4837
05854,M,5136,5.1855
05854,N,4580,4.6241
05854,O,2486,2.5099
05854,P,861,0.8693
05854,Q,232,0.2342
05854,R,11582,11.6936
05854,S,5152,5.2016
05854,T,1283,1.2954
05854,U,4140,4.1799
05854,V,5,0.005
05854,W,158,0.1595
05854,X,352,0.3554
05854,Y,87,0.0878
05854,Z,24633,24.8703
05856,A,391,0.9406
05856,B,426,1.0248
05856,C,1118,2.6896
05856,D,385,0.9262
05856,E,1765,4.2461
05856,F,748,1.7995
05856,G,902,2.1699
05856,H,1612,3.878
05856,I,11052,26.5878
05856,J,1534,3.6903
05856,K,4400,10.5851
05856,L,701,1.6864
05856,M,2225,5.3527
05856,N,1628,3.9165
05856,O,482,1.1595
05856,P,226,0.5437
05856,Q,87,0.2093
05856,R,3316,7.9773
05856,S,1646,3.9598
05856,T,253,0.6086
05856,U,285,0.6856
05856,V,15,0.0361
05856,W,67,0.1612
05856,X,28,0.0674
05856,Y,46,0.1107
05856,Z,6230,14.9875
05858,A,2072,1.4152
05858,B,2272,1.5518
05858,C,1817,1.241
05858,D,1476,1.0081
05858,E,6587,4.4989
05858,F,2213,1.5115
05858,G,3346,2.2853
05858,H,3629,2.4786
05858,I,30833,21.0586
05858,J,5628,3.8439
05858,K,15419,10.531
05858,L,3767,2.5728
05858,M,6857,4.6833
05858,N,7411,5.0616
05858,O,2989,2.0415
05858,P,261,0.1783
05858,Q,666,0.4549
05858,R,14934,10.1998
05858,S,6188,4.2263
05858,T,1475,1.0074
05858,U,2089,1.4268
05858,V,14,0.0096
05858,W,210,0.1434
05858,X,220,0.1503
05858,Y,104,0.071
05858,Z,23938,16.3494
05861,A,1199,1.0661
05861,B,1865,1.6582
05861,C,2825,2.5118
05861,D,1615,1.4359
05861,E,5484,4.876
05861,F,2235,1.9872
05861,G,1976,1.7569
05861,H,4834,4.298
05861,I,13837,12.3028
05861,J,4702,4.1807
05861,K,9037,8.035
05861,L,2156,1.917
05861,M,7202,6.4035
05861,N,6751,6.0025
05861,O,1365,1.2137
05861,P,79,0.0702
05861,Q,306,0.2721
05861,R,21947,19.5136
05861,S,5289,4.7026
05861,T,1567,1.3933
05861,U,576,0.5121
05861,V,60,0.0533
05861,W,302,0.2685
05861,X,155,0.1378
05861,Y,274,0.2436
05861,Z,14832,13.1875
05873,A,312,0.7747
05873,B,1283,3.1857
05873,C,405,1.0056
05873,D,576,1.4302
05873,E,754,1.8722
05873,F,324,0.8045
05873,G,525,1.3036
05873,H,647,1.6065
05873,I,929,2.3067
05873,J,2398,5.9542
05873,K,3391,8.4198
05873,L,1301,3.2304
05873,M,1462,3.6301
05873,N,2784,6.9126
05873,O,1383,3.434
05873,P,22,0.0546
05873,Q,26,0.0646
05873,R,4824,11.978
05873,S,939,2.3315
05873,T,283,0.7027
05873,U,36,0.0894
05873,V,2,0.005
05873,W,68,0.1688
05873,X,29,0.072
05873,Y,109,0.2706
05873,Z,15462,38.392
05885,A,1575,1.7267
05885,B,1805,1.9789
05885,C,884,0.9691
05885,D,1199,1.3145
05885,E,4832,5.2974
05885,F,1186,1.3002
05885,G,1124,1.2323
05885,H,3583,3.9281
05885,I,13824,15.1556
05885,J,4719,5.1735
05885,K,7634,8.3693
05885,L,2780,3.0478
05885,M,5510,6.0407
05885,N,5239,5.7436
05885,O,1383,1.5162
05885,P,206,0.2258
05885,Q,228,0.25
05885,R,9695,10.6289
05885,S,3396,3.7231
05885,T,778,0.8529
05885,U,667,0.7312
05885,V,6,0.0066
05885,W,109,0.1195
05885,X,76,0.0833
05885,Y,60,0.0658
05885,Z,18716,20.5188
05887,A,5549,1.4541
05887,B,4024,1.0545
05887,C,3355,0.8792
05887,D,3355,0.8792
05887,E,21290,5.5789
05887,F,7990,2.0937
05887,G,7215,1.8906
05887,H,13341,3.4959
05887,I,78102,20.4661
05887,J,15091,3.9545
05887,K,27395,7.1787
05887,L,7207,1.8885
05887,M,24876,6.5186
05887,N,22646,5.9342
05887,O,4148,1.087
05887,P,1226,0.3213
05887,Q,1330,0.3485
05887,R,31599,8.2803
05887,S,11164,2.9255
05887,T,2663,0.6978
05887,U,2391,0.6265
05887,V,37,0.0097
05887,W,287,0.0752
05887,X,172,0.0451
05887,Y,399,0.1046
05887,Z,84764,22.2119
05890,A,430,0.846
05890,B,599,1.1785
05890,C,1160,2.2822
05890,D,392,0.7712
05890,E,2983,5.8688
05890,F,1956,3.8483
05890,G,1109,2.1819
05890,H,1670,3.2856
05890,I,5114,10.0614
05890,J,2280,4.4857
05890,K,4661,9.1701
05890,L,870,1.7117
05890,M,3354,6.5987
05890,N,3064,6.0282
05890,O,741,1.4579
05890,P,126,0.2479
05890,Q,248,0.4879
05890,R,8887,17.4845
05890,S,2795,5.4989
05890,T,797,1.568
05890,U,577,1.1352
05890,V,12,0.0236
05890,W,54,0.1062
05890,X,108,0.2125
05890,Y,64,0.1259
05890,Z,6777,13.3332
05893,A,786,1.28
05893,B,4161,6.7763
05893,C,492,0.8012
05893,D,901,1.4673
05893,E,1671,2.7213
05893,F,408,0.6644
05893,G,1179,1.92
05893,H,1917,3.1219
05893,I,4848,7.8951
05893,J,5753,9.3689
05893,K,3639,5.9262
05893,L,2275,3.7049
05893,M,4318,7.032
05893,N,2273,3.7017
05893,O,1351,2.2001
05893,P,71,0.1156
05893,Q,181,0.2948
05893,R,10122,16.484
05893,S,1919,3.1252
05893,T,1189,1.9363
05893,U,332,0.5407
05893,V,62,0.101
05893,W,58,0.0945
05893,X,29,0.0472
05893,Y,79,0.1287
05893,Z,11391,18.5506
05895,A,2338,0.9519
05895,B,7712,3.14
05895,C,2562,1.0431
05895,D,2906,1.1832
05895,E,7436,3.0276
05895,F,2373,0.9662
05895,G,3763,1.5321
05895,H,4741,1.9303
05895,I,20465,8.3325
05895,J,9068,3.6921
05895,K,22117,9.0051
05895,L,6646,2.706
05895,M,12414,5.0545
05895,N,18991,7.7323
05895,O,9513,3.8733
05895,P,2550,1.0383
05895,Q,856,0.3485
05895,R,41736,16.9931
05895,S,10967,4.4653
05895,T,2326,0.947
05895,U,10757,4.3798
05895,V,107,0.0436
05895,W,382,0.1555
05895,X,243,0.0989
05895,Y,172,0.07
05895,Z,42464,17.2896
05999,E,7,14.0
05999,G,8,16.0
05999,H,6,12.0
05999,K,2,4.0
05999,M,2,4.0
05999,R,23,46.0
05999,S,1,2.0
05999,Z,1,2.0
08001,A,519139,1.7947
08001,B,822288,2.8428
08001,C,205415,0.7102
08001,D,307005,1.0614
08001,E,1581079,5.466
08001,F,697340,2.4108
08001,G,565036,1.9534
08001,H,1417554,4.9007
08001,I,1046880,3.6192
08001,J,1282681,4.4344
08001,K,2945669,10.1836
08001,L,836834,2.8931
08001,M,1596891,5.5207
08001,N,2390313,8.2637
08001,O,307190,1.062
08001,P,39099,0.1352
08001,Q,103181,0.3567
08001,R,5322670,18.4013
08001,S,631271,2.1824
08001,T,261895,0.9054
08001,U,464413,1.6055
08001,V,5474,0.0189
08001,W,26399,0.0913
08001,X,9302,0.0322
08001,Y,44180,0.1527
08001,Z,5496322,19.0016
08078,A,9853,0.8519
08078,B,28616,2.4741
08078,C,5683,0.4913
08078,D,11883,1.0274
08078,E,50381,4.3558
08078,F,19203,1.6603
08078,G,16455,1.4227
08078,H,64495,5.5761
08078,I,144065,12.4556
08078,J,62075,5.3669
08078,K,78387,6.7772
08078,L,25427,2.1984
08078,M,65163,5.6339
08078,N,68313,5.9062
08078,O,15709,1.3582
08078,P,1691,0.1462
08078,Q,3536,0.3057
08078,R,207507,17.9407
08078,S,30751,2.6587
08078,T,12547,1.0848
08078,U,33297,2.8788
08078,V,162,0.014
08078,W,1793,0.155
08078,X,433,0.0374
08078,Y,1282,0.1108
08078,Z,197923,17.112
08137,A,2709,1.1324
08137,B,8254,3.4504
08137,C,1262,0.5275
08137,D,3223,1.3473
08137,E,9062,3.7881
08137,F,4208,1.759
08137,G,4789,2.0019
08137,H,7818,3.2681
08137,I,34075,14.2442
08137,J,12033,5.0301
08137,K,19920,8.327
08137,L,4772,1.9948
08137,M,12663,5.2934
08137,N,11531,4.8202
08137,O,5100,2.1319
08137,P,537,0.2245
08137,Q,516,0.2157
08137,R,30963,12.9433
08137,S,4065,1.6993
08137,T,1897,0.793
08137,U,13908,5.8139
08137,V,17,0.0071
08137,W,130,0.0543
08137,X,51,0.0213
08137,Y,571,0.2387
08137,Z,45147,18.8725
08141,A,1510,1.3721
08141,B,1894,1.721
08141,C,574,0.5216
08141,D,1141,1.0368
08141,E,2516,2.2862
08141,F,2475,2.2489
08141,G,1083,0.9841
08141,H,2188,1.9882
08141,I,5694,5.1739
08141,J,4292,3.9
08141,K,4608,4.1871
08141,L,1193,1.084
08141,M,4141,3.7628
08141,N,8137,7.3938
08141,O,2059,1.8709
08141,P,180,0.1636
08141,Q,416,0.378
08141,R,19137,17.3891
08141,S,1912,1.7374
08141,T,787,0.7151
08141,U,2132,1.9373
08141,V,96,0.0872
08141,W,237,0.2154
08141,X,138,0.1254
08141,Y,427,0.388
08141,Z,41085,37.3324
08296,A,4303,2.0863
08296,B,7964,3.8613
08296,C,1357,0.6579
08296,D,3977,1.9282
08296,E,8005,3.8812
08296,F,5211,2.5265
08296,G,4771,2.3132
08296,H,12589,6.1037
08296,I,14596,7.0768
08296,J,11520,5.5854
08296,K,9207,4.464
08296,L,5663,2.7457
08296,M,13502,6.5464
08296,N,15207,7.373
08296,O,4336,2.1023
08296,P,273,0.1324
08296,Q,798,0.3869
08296,R,37948,18.3989
08296,S,5794,2.8092
08296,T,1840,0.8921
08296,U,3168,1.536
08296,V,31,0.015
08296,W,310,0.1503
08296,X,111,0.0538
08296,Y,681,0.3302
08296,Z,33090,16.0435
08372,A,1677,0.7292
08372,B,4007,1.7422
08372,C,1297,0.5639
08372,D,2668,1.16
08372,E,6965,3.0284
08372,F,4894,2.1279
08372,G,4440,1.9305
08372,H,8634,3.7541
08372,I,23003,10.0017
08372,J,10622,4.6184
08372,K,19070,8.2916
08372,L,4463,1.9405
08372,M,9368,4.0732
08372,N,11034,4.7976
08372,O,2673,1.1622
08372,P,242,0.1052
08372,Q,761,0.3309
08372,R,42508,18.4825
08372,S,5048,2.1949
08372,T,1661,0.7222
08372,U,10170,4.4219
08372,V,84,0.0365
08372,W,319,0.1387
08372,X,85,0.037
08372,Y,811,0.3526
08372,Z,53487,23.2561
08421,A,4928,1.4312
08421,B,6274,1.8221
08421,C,1387,0.4028
08421,D,2879,0.8361
08421,E,10382,3.0152
08421,F,4738,1.376
08421,G,5539,1.6087
08421,H,12572,3.6513
08421,I,33684,9.7828
08421,J,31228,9.0695
08421,K,18683,5.4261
08421,L,7274,2.1126
08421,M,13738,3.9899
08421,N,21042,6.1112
08421,O,8762,2.5447
08421,P,827,0.2402
08421,Q,746,0.2167
08421,R,70381,20.4406
08421,S,10536,3.0599
08421,T,3104,0.9015
08421,U,21215,6.1614
08421,V,42,0.0122
08421,W,715,0.2077
08421,X,134,0.0389
08421,Y,399,0.1159
08421,Z,53111,15.4249
08433,A,19572,1.7437
08433,B,27337,2.4355
08433,C,4996,0.4451
08433,D,12190,1.086
08433,E,54776,4.8801
08433,F,19710,1.756
08433,G,13334,1.188
08433,H,36293,3.2334
08433,I,108965,9.7079
08433,J,70938,6.32
08433,K,108035,9.6251
08433,L,20550,1.8308
08433,M,55683,4.9609
08433,N,53302,4.7488
08433,O,9350,0.833
08433,P,1041,0.0927
08433,Q,2297,0.2046
08433,R,225024,20.0479
08433,S,21281,1.896
08433,T,9784,0.8717
08433,U,3859,0.3438
08433,V,144,0.0128
08433,W,751,0.0669
08433,X,208,0.0185
08433,Y,2316,0.2063
08433,Z,240698,21.4443
08436,A,1079,1.0048
08436,B,3153,2.9361
08436,C,865,0.8055
08436,D,1293,1.204
08436,E,6055,5.6384
08436,F,1508,1.4043
08436,G,1563,1.4555
08436,H,3132,2.9165
08436,I,12965,12.073
08436,J,5100,4.7491
08436,K,4204,3.9148
08436,L,2442,2.274
08436,M,4459,4.1522
08436,N,6041,5.6254
08436,O,3086,2.8737
08436,P,576,0.5364
08436,Q,240,0.2235
08436,R,13483,12.5554
08436,S,2906,2.7061
08436,T,853,0.7943
08436,U,4241,3.9492
08436,V,6,0.0056
08436,W,133,0.1238
08436,X,41,0.0382
08436,Y,58,0.054
08436,Z,27906,25.9861
08520,A,3158,1.9335
08520,B,3669,2.2464
08520,C,1498,0.9172
08520,D,1896,1.1608
08520,E,6304,3.8597
08520,F,2793,1.71
08520,G,2914,1.7841
08520,H,9441,5.7803
08520,I,19072,11.677
08520,J,10354,6.3393
08520,K,9647,5.9064
08520,L,3333,2.0407
08520,M,9871,6.0436
08520,N,9733,5.9591
08520,O,2429,1.4872
08520,P,146,0.0894
08520,Q,584,0.3576
08520,R,32880,20.131
08520,S,4024,2.4637
08520,T,2773,1.6978
08520,U,1699,1.0402
08520,V,9,0.0055
08520,W,387,0.2369
08520,X,42,0.0257
08520,Y,300,0.1837
08520,Z,24374,14.9232
08549,A,475,1.6545
08549,B,774,2.6959
08549,C,132,0.4598
08549,D,210,0.7315
08549,E,1042,3.6294
08549,F,263,0.9161
08549,G,401,1.3967
08549,H,879,3.0617
08549,I,600,2.0899
08549,J,1735,6.0432
08549,K,955,3.3264
08549,L,957,3.3333
08549,M,1552,5.4058
08549,N,2671,9.3034
08549,O,406,1.4141
08549,P,46,0.1602
08549,Q,34,0.1184
08549,R,6145,21.4037
08549,S,745,2.5949
08549,T,638,2.2222
08549,U,147,0.512
08549,W,92,0.3204
08549,X,15,0.0522
08549,Y,84,0.2926
08549,Z,7712,26.8617
08558,A,2018,1.7517
08558,B,2273,1.973
08558,C,413,0.3585
08558,D,1107,0.9609
08558,E,5084,4.413
08558,F,2481,2.1536
08558,G,2266,1.9669
08558,H,4297,3.7299
08558,I,11470,9.9563
08558,J,6401,5.5562
08558,K,4777,4.1466
08558,L,4294,3.7273
08558,M,5773,5.0111
08558,N,9079,7.8808
08558,O,1706,1.4809
08558,P,100,0.0868
08558,Q,227,0.197
08558,R,24425,21.2015
08558,S,3649,3.1674
08558,T,1055,0.9158
08558,U,1176,1.0208
08558,V,20,0.0174
08558,W,154,0.1337
08558,X,19,0.0165
08558,Y,530,0.4601
08558,Z,20410,17.7164
08560,A,2355,1.2506
08560,B,4893,2.5984
08560,C,1247,0.6622
08560,D,1801,0.9564
08560,E,10833,5.7528
08560,F,1853,0.984
08560,G,3212,1.7057
08560,H,6818,3.6207
08560,I,28930,15.3631
08560,J,10541,5.5977
08560,K,6582,3.4953
08560,L,3456,1.8353
08560,M,7628,4.0508
08560,N,10139,5.3843
08560,O,4746,2.5203
08560,P,663,0.3521
08560,Q,416,0.2209
08560,R,35324,18.7586
08560,S,4061,2.1566
08560,T,2126,1.129
08560,U,8362,4.4406
08560,V,16,0.0085
08560,W,338,0.1795
08560,X,81,0.043
08560,Y,185,0.0982
08560,Z,31702,16.8352
08573,A,17329,3.3224
08573,B,12939,2.4807
08573,C,3374,0.6469
08573,D,4822,0.9245
08573,E,17565,3.3676
08573,F,9440,1.8099
08573,G,9061,1.7372
08573,H,32273,6.1875
08573,I,43079,8.2593
08573,J,31883,6.1127
08573,K,62870,12.0537
08573,L,14410,2.7627
08573,M,28546,5.473
08573,N,30601,5.867
08573,O,4596,0.8812
08573,P,416,0.0798
08573,Q,1230,0.2358
08573,R,72117,13.8266
08573,S,11595,2.223
08573,T,3005,0.5761
08573,U,3453,0.662
08573,V,114,0.0219
08573,W,867,0.1662
08573,X,243,0.0466
08573,Y,539,0.1033
08573,Z,105215,20.1723
08606,A,628,0.6832
08606,B,1478,1.6078
08606,C,426,0.4634
08606,D,921,1.0019
08606,E,3500,3.8074
08606,F,1849,2.0114
08606,G,1379,1.5001
08606,H,3727,4.0543
08606,I,14607,15.8898
08606,J,7355,8.0009
08606,K,6240,6.788
08606,L,3338,3.6311
08606,M,5097,5.5446
08606,N,5053,5.4968
08606,O,1788,1.945
08606,P,102,0.111
08606,Q,189,0.2056
08606,R,15444,16.8003
08606,S,1788,1.945
08606,T,1022,1.1118
08606,U,277,0.3013
08606,V,36,0.0392
08606,W,155,0.1686
08606,X,78,0.0848
08606,Y,133,0.1447
08606,Z,15317,16.6621
08634,A,2754,1.1473
08634,B,5642,2.3504
08634,C,1229,0.512
08634,D,2102,0.8757
08634,E,8324,3.4677
08634,F,4918,2.0488
08634,G,3012,1.2548
08634,H,7631,3.179
08634,I,16039,6.6817
08634,J,9753,4.063
08634,K,18061,7.524
08634,L,5504,2.2929
08634,M,16474,6.8629
08634,N,14788,6.1605
08634,O,2888,1.2031
08634,P,277,0.1154
08634,Q,833,0.347
08634,R,48009,20.0001
08634,S,4797,1.9984
08634,T,2284,0.9515
08634,U,8406,3.5019
08634,V,76,0.0317
08634,W,216,0.09
08634,X,93,0.0387
08634,Y,1026,0.4274
08634,Z,54908,22.8741
08638,A,20156,1.4299
08638,B,35106,2.4904
08638,C,7863,0.5578
08638,D,15741,1.1167
08638,E,63639,4.5146
08638,F,30988,2.1983
08638,G,26181,1.8573
08638,H,55444,3.9332
08638,I,125933,8.9337
08638,J,80661,5.7221
08638,K,108333,7.6852
08638,L,36329,2.5772
08638,M,75290,5.3411
08638,N,80742,5.7279
08638,O,35151,2.4936
08638,P,2627,0.1864
08638,Q,5452,0.3868
08638,R,256955,18.2285
08638,S,38971,2.7646
08638,T,13082,0.928
08638,U,16125,1.1439
08638,V,362,0.0257
08638,W,2861,0.203
08638,X,898,0.0637
08638,Y,3952,0.2804
08638,Z,270792,19.2101
08675,A,469,0.7295
08675,B,3495,5.4365
08675,C,513,0.798
08675,D,800,1.2444
08675,E,6209,9.6581
08675,F,483,0.7513
08675,G,1350,2.0999
08675,H,2276,3.5403
08675,I,8574,13.3369
08675,J,3177,4.9418
08675,K,2641,4.1081
08675,L,1142,1.7764
08675,M,2445,3.8032
08675,N,3880,6.0353
08675,O,2180,3.391
08675,P,779,1.2117
08675,Q,159,0.2473
08675,R,8033,12.4953
08675,S,860,1.3377
08675,T,515,0.8011
08675,U,808,1.2568
08675,V,3,0.0047
08675,W,37,0.0576
08675,X,4,0.0062
08675,Y,30,0.0467
08675,Z,13426,20.8841
08685,A,6481,1.5756
08685,B,2889,0.7023
08685,C,2500,0.6078
08685,D,3966,0.9642
08685,E,15842,3.8513
08685,F,7861,1.9111
08685,G,5503,1.3378
08685,H,20087,4.8833
08685,I,30996,7.5353
08685,J,25710,6.2503
08685,K,19674,4.7829
08685,L,9330,2.2682
08685,M,12791,3.1096
08685,N,37471,9.1094
08685,O,4621,1.1234
08685,P,708,0.1721
08685,Q,769,0.1869
08685,R,81227,19.7468
08685,S,10516,2.5565
08685,T,4141,1.0067
08685,U,24089,5.8562
08685,V,48,0.0117
08685,W,744,0.1809
08685,X,101,0.0246
08685,Y,433,0.1053
08685,Z,82845,20.1401
08758,A,137136,1.5474
08758,B,221188,2.4959
08758,C,53482,0.6035
08758,D,125286,1.4137
08758,E,411347,4.6416
08758,F,199954,2.2563
08758,G,156719,1.7684
08758,H,445073,5.0222
08758,I,749952,8.4625
08758,J,482218,5.4413
08758,K,1053443,11.887
08758,L,227984,2.5726
08758,M,632344,7.1354
08758,N,533527,6.0203
08758,O,77277,0.872
08758,P,10046,0.1134
08758,Q,24733,0.2791
08758,R,1176721,13.2781
08758,S,167421,1.8892
08758,T,102774,1.1597
08758,U,83098,0.9377
08758,V,2413,0.0272
08758,W,8383,0.0946
08758,X,3162,0.0357
08758,Y,39198,0.4423
08758,Z,1737235,19.6029
08770,A,1099,0.472
08770,B,5444,2.3383
08770,C,1126,0.4836
08770,D,1956,0.8401
08770,E,6408,2.7523
08770,F,2225,0.9557
08770,G,2911,1.2503
08770,H,7572,3.2523
08770,I,39319,16.8882
08770,J,21480,9.226
08770,K,9837,4.2252
08770,L,5194,2.2309
08770,M,16638,7.1463
08770,N,11176,4.8003
08770,O,1967,0.8449
08770,P,137,0.0588
08770,Q,432,0.1856
08770,R,34229,14.7019
08770,S,3700,1.5892
08770,T,2062,0.8857
08770,U,1073,0.4609
08770,V,1,0.0004
08770,W,67,0.0288
08770,X,23,0.0099
08770,Y,113,0.0485
08770,Z,56631,24.3239
08832,A,3757,1.9512
08832,B,4729,2.456
08832,C,997,0.5178
08832,D,1991,1.034
08832,E,10081,5.2356
08832,F,2026,1.0522
08832,G,4214,2.1886
08832,H,8102,4.2078
08832,I,16135,8.3798
08832,J,12159,6.3149
08832,K,24860,12.9112
08832,L,4015,2.0852
08832,M,9207,4.7817
08832,N,19867,10.3181
08832,O,1851,0.9613
08832,P,203,0.1054
08832,Q,348,0.1807
08832,R,34320,17.8243
08832,S,3865,2.0073
08832,T,2952,1.5331
08832,U,910,0.4726
08832,V,11,0.0057
08832,W,448,0.2327
08832,X,95,0.0493
08832,Y,171,0.0888
08832,Z,25232,13.1044
08849,A,709,0.6902
08849,B,1773,1.726
08849,C,623,0.6065
08849,D,515,0.5013
08849,E,3878,3.7752
08849,F,1970,1.9178
08849,G,2190,2.1319
08849,H,3941,3.8365
08849,I,12314,11.9876
08849,J,5741,5.5888
08849,K,8707,8.4762
08849,L,2682,2.6109
08849,M,5505,5.3591
08849,N,5486,5.3406
08849,O,873,0.8499
08849,P,81,0.0789
08849,Q,203,0.1976
08849,R,16112,15.6849
08849,S,2247,2.1874
08849,T,785,0.7642
08849,U,504,0.4906
08849,V,26,0.0253
08849,W,165,0.1606
08849,X,39,0.038
08849,Y,279,0.2716
08849,Z,25375,24.7024
08999,Z,6,100.0
11001,A,1678076,1.5427
11001,B,1678773,1.5433
11001,C,1314802,1.2087
11001,D,1062506,0.9768
11001,E,5575721,5.1259
11001,F,2839889,2.6108
11001,G,3143070,2.8895
11001,H,5396673,4.9613
11001,I,6636258,6.1009
11001,J,7275985,6.689
11001,K,13300013,12.2271
11001,L,2947791,2.71
11001,M,8667573,7.9683
11001,N,6144170,5.6485
11001,O,988262,0.9085
11001,P,270305,0.2485
11001,Q,718536,0.6606
11001,R,12184151,11.2012
11001,S,3624599,3.3322
11001,T,724086,0.6657
11001,U,1696835,1.5599
11001,V,13250,0.0122
11001,W,72122,0.0663
11001,X,13498,0.0124
11001,Y,753162,0.6924
11001,Z,20054910,18.4371
13001,A,190317,0.959
13001,B,461001,2.3231
13001,C,129405,0.6521
13001,D,299502,1.5092
13001,E,890638,4.4881
13001,F,525951,2.6504
13001,G,460071,2.3184
13001,H,738034,3.7191
13001,I,2760922,13.9128
13001,J,1041453,5.2481
13001,K,1746443,8.8006
13001,L,538857,2.7154
13001,M,1177869,5.9355
13001,N,1110103,5.594
13001,O,153373,0.7729
13001,P,27773,0.14
13001,Q,64697,0.326
13001,R,2571804,12.9598
13001,S,441272,2.2236
13001,T,174096,0.8773
13001,U,736999,3.7139
13001,V,3575,0.018
13001,W,20733,0.1045
13001,X,7388,0.0372
13001,Y,27934,0.1408
13001,Z,3544322,17.8604
13006,A,2473,0.8658
13006,B,4545,1.5911
13006,C,1690,0.5916
13006,D,2949,1.0324
13006,E,5268,1.8442
13006,F,4684,1.6398
13006,G,2810,0.9837
13006,H,9489,3.3219
13006,I,23371,8.1818
13006,J,40083,14.0324
13006,K,14743,5.1613
13006,L,5797,2.0294
13006,M,10594,3.7088
13006,N,20081,7.03
13006,O,6359,2.2262
13006,P,750,0.2626
13006,Q,1044,0.3655
13006,R,44846,15.6999
13006,S,4935,1.7277
13006,T,2410,0.8437
13006,U,3243,1.1353
13006,V,78,0.0273
13006,W,336,0.1176
13006,X,146,0.0511
13006,Y,338,0.1183
13006,Z,72584,25.4105
13030,A,1016,1.3992
13030,B,1923,2.6482
13030,C,928,1.278
13030,D,739,1.0177
13030,E,2969,4.0887
13030,F,647,0.891
13030,G,1292,1.7793
13030,H,1635,2.2516
13030,I,14409,19.8433
13030,J,3513,4.8379
13030,K,4554,6.2715
13030,L,1573,2.1662
13030,M,2249,3.0972
13030,N,3265,4.4964
13030,O,780,1.0742
13030,P,106,0.146
13030,Q,300,0.4131
13030,R,6007,8.2725
13030,S,1107,1.5245
13030,T,1053,1.4501
13030,U,378,0.5206
13030,V,21,0.0289
13030,W,162,0.2231
13030,X,12,0.0165
13030,Y,62,0.0854
13030,Z,21914,30.1788
13042,A,683,0.7403
13042,B,2167,2.3489
13042,C,449,0.4867
13042,D,1164,1.2617
13042,E,3433,3.7212
13042,F,717,0.7772
13042,G,1888,2.0465
13042,H,1939,2.1018
13042,I,14938,16.1919
13042,J,3353,3.6345
13042,K,6852,7.4272
13042,L,1334,1.446
13042,M,2867,3.1077
13042,N,6012,6.5166
13042,O,2343,2.5397
13042,P,67,0.0726
13042,Q,259,0.2807
13042,R,8041,8.716
13042,S,2298,2.4909
13042,T,770,0.8346
13042,U,557,0.6038
13042,V,18,0.0195
13042,W,145,0.1572
13042,X,89,0.0965
13042,Y,65,0.0705
13042,Z,29808,32.3101
13052,A,4122,0.5036
13052,B,16759,2.0475
13052,C,7865,0.9609
13052,D,11761,1.4369
13052,E,23701,2.8956
13052,F,16985,2.0751
13052,G,12301,1.5029
13052,H,31343,3.8293
13052,I,90695,11.0806
13052,J,54160,6.6169
13052,K,50168,6.1292
13052,L,15218,1.8592
13052,M,40884,4.995
13052,N,42031,5.1351
13052,O,6536,0.7985
13052,P,1392,0.1701
13052,Q,2969,0.3627
13052,R,161985,19.7903
13052,S,20141,2.4607
13052,T,14046,1.7161
13052,U,5414,0.6614
13052,V,627,0.0766
13052,W,1561,0.1907
13052,X,913,0.1115
13052,Y,1689,0.2064
13052,Z,183239,22.387
13062,A,318,0.6624
13062,B,1133,2.3602
13062,C,586,1.2207
13062,D,407,0.8478
13062,E,3507,7.3055
13062,F,483,1.0061
13062,G,547,1.1395
13062,H,1404,2.9247
13062,I,13839,28.8282
13062,J,3214,6.6951
13062,K,1638,3.4121
13062,L,1348,2.808
13062,M,3217,6.7014
13062,N,2598,5.4119
13062,O,370,0.7708
13062,P,201,0.4187
13062,Q,144,0.3
13062,R,5457,11.3676
13062,S,787,1.6394
13062,T,287,0.5979
13062,U,396,0.8249
13062,V,18,0.0375
13062,W,49,0.1021
13062,X,10,0.0208
13062,Y,36,0.075
13062,Z,6011,12.5216
13074,A,2145,0.9438
13074,B,8337,3.6683
13074,C,1010,0.4444
13074,D,1652,0.7269
13074,E,4295,1.8898
13074,F,892,0.3925
13074,G,1730,0.7612
13074,H,6022,2.6497
13074,I,56969,25.0668
13074,J,13577,5.974
13074,K,24628,10.8365
13074,L,9118,4.012
13074,M,17274,7.6007
13074,N,7309,3.216
13074,O,1992,0.8765
13074,P,135,0.0594
13074,Q,359,0.158
13074,R,27010,11.8846
13074,S,1927,0.8479
13074,T,1405,0.6182
13074,U,132,0.0581
13074,V,106,0.0466
13074,W,369,0.1624
13074,X,197,0.0867
13074,Y,129,0.0568
13074,Z,38550,16.9623
13140,A,477,0.526
13140,B,1188,1.31
13140,C,828,0.9131
13140,D,791,0.8723
13140,E,9525,10.5035
13140,F,1849,2.0389
13140,G,2216,2.4437
13140,H,5557,6.1279
13140,I,8329,9.1846
13140,J,5703,6.2889
13140,K,8381,9.242
13140,L,1279,1.4104
13140,M,2573,2.8373
13140,N,4519,4.9832
13140,O,1113,1.2273
13140,P,142,0.1566
13140,Q,264,0.2911
13140,R,10358,11.4221
13140,S,1423,1.5692
13140,T,1033,1.1391
13140,U,481,0.5304
13140,V,51,0.0562
13140,W,68,0.075
13140,X,57,0.0629
13140,Y,144,0.1588
13140,Z,22335,24.6295
13160,A,602,1.4798
13160,B,774,1.9027
13160,C,500,1.2291
13160,D,742,1.824
13160,E,1429,3.5128
13160,F,318,0.7817
13160,G,1161,2.854
13160,H,1469,3.6111
13160,I,5013,12.323
13160,J,2024,4.9754
13160,K,2313,5.6858
13160,L,1058,2.6008
13160,M,1623,3.9897
13160,N,2262,5.5605
13160,O,1140,2.8024
13160,P,212,0.5211
13160,Q,218,0.5359
13160,R,4509,11.0841
13160,S,1546,3.8004
13160,T,578,1.4208
13160,U,710,1.7453
13160,V,27,0.0664
13160,W,128,0.3147
13160,X,41,0.1008
13160,Y,98,0.2409
13160,Z,10185,25.0369
13188,A,2163,1.8565
13188,B,2482,2.1303
13188,C,1215,1.0428
13188,D,2619,2.2479
13188,E,3764,3.2306
13188,F,3213,2.7577
13188,G,2081,1.7861
13188,H,6653,5.7102
13188,I,15870,13.6211
13188,J,9027,7.7478
13188,K,12262,10.5244
13188,L,2798,2.4015
13188,M,7859,6.7453
13188,N,10111,8.6782
13188,O,2245,1.9269
13188,P,211,0.1811
13188,Q,609,0.5227
13188,R,13983,12.0015
13188,S,2682,2.3019
13188,T,853,0.7321
13188,U,77,0.0661
13188,V,52,0.0446
13188,W,108,0.0927
13188,X,22,0.0189
13188,Y,63,0.0541
13188,Z,13488,11.5767
13212,A,309,1.1425
13212,B,440,1.6269
13212,C,228,0.843
13212,D,191,0.7062
13212,E,729,2.6954
13212,F,257,0.9502
13212,G,437,1.6158
13212,H,1242,4.5922
13212,I,3091,11.4287
13212,J,1235,4.5663
13212,K,1560,5.768
13212,L,1243,4.5959
13212,M,1653,6.1118
13212,N,1297,4.7955
13212,O,518,1.9153
13212,P,53,0.196
13212,Q,98,0.3623
13212,R,5219,19.2968
13212,S,795,2.9394
13212,T,361,1.3348
13212,U,85,0.3143
13212,V,9,0.0333
13212,W,40,0.1479
13212,X,18,0.0666
13212,Y,11,0.0407
13212,Z,5927,21.9145
13222,A,249,0.5664
13222,B,1143,2.6
13222,C,500,1.1373
13222,D,662,1.5058
13222,E,1468,3.3392
13222,F,481,1.0941
13222,G,795,1.8084
13222,H,1073,2.4407
13222,I,2100,4.7769
13222,J,1734,3.9443
13222,K,7538,17.1466
13222,L,884,2.0108
13222,M,1274,2.898
13222,N,2857,6.4988
13222,O,825,1.8766
13222,P,92,0.2093
13222,Q,136,0.3094
13222,R,6479,14.7377
13222,S,1284,2.9207
13222,T,718,1.6332
13222,U,28,0.0637
13222,V,4,0.0091
13222,W,70,0.1592
13222,X,6,0.0136
13222,Y,29,0.066
13222,Z,11533,26.234
13244,A,12751,1.7201
13244,B,11864,1.6004
13244,C,3894,0.5253
13244,D,10826,1.4604
13244,E,27942,3.7693
13244,F,15636,2.1092
13244,G,20994,2.832
13244,H,30079,4.0575
13244,I,40350,5.4431
13244,J,67550,9.1122
13244,K,47635,6.4258
13244,L,21715,2.9293
13244,M,48241,6.5075
13244,N,63434,8.557
13244,O,13067,1.7627
13244,P,761,0.1027
13244,Q,2031,0.274
13244,R,88506,11.9391
13244,S,18005,2.4288
13244,T,5549,0.7485
13244,U,574,0.0774
13244,V,214,0.0289
13244,W,1128,0.1522
13244,X,654,0.0882
13244,Y,723,0.0975
13244,Z,187187,25.2508
13248,A,256,0.7344
13248,B,186,0.5336
13248,C,266,0.7631
13248,D,233,0.6684
13248,E,998,2.863
13248,F,297,0.852
13248,G,352,1.0098
13248,H,534,1.5319
13248,I,511,1.4659
13248,J,6091,17.4732
13248,K,15987,45.8619
13248,L,392,1.1245
13248,M,957,2.7453
13248,N,821,2.3552
13248,O,249,0.7143
13248,P,18,0.0516
13248,Q,45,0.1291
13248,R,2534,7.2693
13248,S,1126,3.2302
13248,T,86,0.2467
13248,U,203,0.5823
13248,V,4,0.0115
13248,W,44,0.1262
13248,X,14,0.0402
13248,Y,14,0.0402
13248,Z,2641,7.5762
13268,A,320,1.9675
13268,B,393,2.4164
13268,C,93,0.5718
13268,D,172,1.0576
13268,E,200,1.2297
13268,F,64,0.3935
13268,G,350,2.152
13268,H,488,3.0005
13268,I,2300,14.1417
13268,J,2661,16.3613
13268,K,1595,9.8069
13268,L,585,3.5969
13268,M,1130,6.9479
13268,N,1091,6.7081
13268,O,158,0.9715
13268,P,22,0.1353
13268,Q,53,0.3259
13268,R,1075,6.6097
13268,S,304,1.8692
13268,T,72,0.4427
13268,U,1410,8.6695
13268,V,4,0.0246
13268,W,27,0.166
13268,X,8,0.0492
13268,Y,14,0.0861
13268,Z,1675,10.2988
13300,A,84,0.4828
13300,B,382,2.1958
13300,C,157,0.9025
13300,D,146,0.8392
13300,E,306,1.7589
13300,F,248,1.4255
13300,G,236,1.3566
13300,H,790,4.541
13300,I,226,1.2991
13300,J,1329,7.6392
13300,K,507,2.9143
13300,L,229,1.3163
13300,M,572,3.2879
13300,N,957,5.5009
13300,O,391,2.2475
13300,P,20,0.115
13300,Q,80,0.4598
13300,R,1989,11.433
13300,S,344,1.9774
13300,T,64,0.3679
13300,U,2350,13.5081
13300,V,4,0.023
13300,W,11,0.0632
13300,X,9,0.0517
13300,Y,14,0.0805
13300,Z,5952,34.2128
13430,A,18795,1.9057
13430,B,19985,2.0264
13430,C,4523,0.4586
13430,D,11107,1.1262
13430,E,23160,2.3483
13430,F,20771,2.106
13430,G,12834,1.3013
13430,H,41458,4.2036
13430,I,248852,25.232
13430,J,33751,3.4221
13430,K,75278,7.6327
13430,L,24792,2.5138
13430,M,40492,4.1056
13430,N,41955,4.254
13430,O,11181,1.1337
13430,P,600,0.0608
13430,Q,2628,0.2665
13430,R,138014,13.9937
13430,S,16063,1.6287
13430,T,7042,0.714
13430,U,440,0.0446
13430,V,648,0.0657
13430,W,926,0.0939
13430,X,269,0.0273
13430,Y,479,0.0486
13430,Z,190212,19.2863
13433,A,2664,1.8159
13433,B,5198,3.5431
13433,C,1448,0.987
13433,D,1495,1.019
13433,E,4294,2.9269
13433,F,2102,1.4328
13433,G,2577,1.7566
13433,H,5580,3.8035
13433,I,25444,17.3434
13433,J,12345,8.4147
13433,K,7936,5.4094
13433,L,3795,2.5868
13433,M,11905,8.1148
13433,N,5601,3.8178
13433,O,801,0.546
13433,P,214,0.1459
13433,Q,327,0.2229
13433,R,24837,16.9297
13433,S,3300,2.2494
13433,T,3172,2.1621
13433,U,2886,1.9672
13433,V,25,0.017
13433,W,125,0.0852
13433,X,15,0.0102
13433,Y,44,0.03
13433,Z,18577,12.6627
13440,A,216,1.0866
13440,B,166,0.8351
13440,C,230,1.1571
13440,D,203,1.0212
13440,E,220,1.1068
13440,F,124,0.6238
13440,G,139,0.6993
13440,H,623,3.1341
13440,I,1281,6.4443
13440,J,1027,5.1665
13440,K,880,4.427
13440,L,182,0.9156
13440,M,750,3.773
13440,N,834,4.1956
13440,O,399,2.0072
13440,P,57,0.2867
13440,Q,111,0.5584
13440,R,2120,10.6651
13440,S,400,2.0123
13440,T,85,0.4276
13440,U,462,2.3242
13440,V,4,0.0201
13440,W,19,0.0956
13440,X,4,0.0201
13440,Y,23,0.1157
13440,Z,9319,46.881
13442,A,2164,1.3322
13442,B,4304,2.6496
13442,C,1462,0.9
13442,D,1942,1.1955
13442,E,5107,3.144
13442,F,3496,2.1522
13442,G,2902,1.7865
13442,H,6474,3.9855
13442,I,2688,1.6548
13442,J,17476,10.7586
13442,K,17825,10.9734
13442,L,5169,3.1821
13442,M,5750,3.5398
13442,N,8240,5.0727
13442,O,1708,1.0515
13442,P,208,0.128
13442,Q,459,0.2826
13442,R,24638,15.1676
13442,S,3472,2.1374
13442,T,1748,1.0761
13442,U,1381,0.8502
13442,V,67,0.0412
13442,W,206,0.1268
13442,X,136,0.0837
13442,Y,143,0.088
13442,Z,43273,26.6397
13458,A,492,1.4415
13458,B,386,1.131
13458,C,174,0.5098
13458,D,300,0.879
13458,E,673,1.9719
13458,F,343,1.005
13458,G,545,1.5968
13458,H,877,2.5696
13458,I,378,1.1075
13458,J,2219,6.5016
13458,K,3298,9.6631
13458,L,2485,7.281
13458,M,1446,4.2367
13458,N,3605,10.5626
13458,O,658,1.9279
13458,P,64,0.1875
13458,Q,118,0.3457
13458,R,7081,20.7471
13458,S,487,1.4269
13458,T,208,0.6094
13458,U,22,0.0645
13458,V,19,0.0557
13458,W,17,0.0498
13458,X,15,0.0439
13458,Y,13,0.0381
13458,Z,8207,24.0463
13468,A,1577,0.5684
13468,B,3738,1.3472
13468,C,1383,0.4984
13468,D,4091,1.4744
13468,E,4535,1.6344
13468,F,3546,1.278
13468,G,2425,0.874
13468,H,9409,3.3911
13468,I,18804,6.7771
13468,J,24911,8.9781
13468,K,16822,6.0628
13468,L,10616,3.8261
13468,M,16999,6.1266
13468,N,34358,12.3829
13468,O,2342,0.8441
13468,P,331,0.1193
13468,Q,1065,0.3838
13468,R,57133,20.5911
13468,S,5345,1.9264
13468,T,2605,0.9389
13468,U,12,0.0043
13468,V,137,0.0494
13468,W,284,0.1024
13468,X,136,0.049
13468,Y,208,0.075
13468,Z,54652,19.697
13473,A,193,0.6441
13473,B,413,1.3782
13473,C,144,0.4805
13473,D,299,0.9978
13473,E,734,2.4494
13473,F,300,1.0011
13473,G,307,1.0245
13473,H,658,2.1958
13473,I,4570,15.2506
13473,J,2213,7.385
13473,K,3493,11.6565
13473,L,1910,6.3739
13473,M,653,2.1791
13473,N,2118,7.068
13473,O,684,2.2826
13473,P,46,0.1535
13473,Q,75,0.2503
13473,R,2291,7.6453
13473,S,480,1.6018
13473,T,145,0.4839
13473,U,106,0.3537
13473,V,2,0.0067
13473,W,22,0.0734
13473,X,21,0.0701
13473,Y,21,0.0701
13473,Z,8068,26.9238
13490,A,33,0.7406
13490,B,84,1.8851
13490,C,114,2.5583
13490,D,74,1.6607
13490,E,109,2.4461
13490,F,62,1.3914
13490,G,76,1.7056
13490,H,269,6.0368
13490,I,120,2.693
13490,J,236,5.2962
13490,K,290,6.5081
13490,L,106,2.3788
13490,M,190,4.2639
13490,N,521,11.6921
13490,O,243,5.4533
13490,P,12,0.2693
13490,Q,16,0.3591
13490,R,668,14.991
13490,S,115,2.5808
13490,T,35,0.7855
13490,U,106,2.3788
13490,V,3,0.0673
13490,W,5,0.1122
13490,X,4,0.0898
13490,Y,4,0.0898
13490,Z,961,21.5664
13549,A,724,0.8132
13549,B,924,1.0378
13549,C,812,0.912
13549,D,1162,1.3051
13549,E,2394,2.6889
13549,F,665,0.7469
13549,G,787,0.8839
13549,H,3810,4.2793
13549,I,12964,14.5609
13549,J,5281,5.9315
13549,K,4412,4.9555
13549,L,1766,1.9835
13549,M,3439,3.8626
13549,N,4749,5.334
13549,O,1031,1.158
13549,P,177,0.1988
13549,Q,330,0.3706
13549,R,9812,11.0206
13549,S,1386,1.5567
13549,T,451,0.5066
13549,U,1314,1.4759
13549,V,44,0.0494
13549,W,111,0.1247
13549,X,88,0.0988
13549,Y,86,0.0966
13549,Z,30314,34.048
13580,A,148,1.2235
13580,B,133,1.0995
13580,C,135,1.1161
13580,D,179,1.4798
13580,E,433,3.5797
13580,F,109,0.9011
13580,G,210,1.7361
13580,H,842,6.961
13580,I,2468,20.4034
13580,J,490,4.0509
13580,K,587,4.8528
13580,L,202,1.67
13580,M,453,3.745
13580,N,587,4.8528
13580,O,441,3.6458
13580,P,26,0.2149
13580,Q,61,0.5043
13580,R,1919,15.8647
13580,S,403,3.3317
13580,T,121,1.0003
13580,U,71,0.587
13580,V,9,0.0744
13580,W,15,0.124
13580,X,7,0.0579
13580,Y,11,0.0909
13580,Z,2036,16.832
13600,A,224,0.6659
13600,B,389,1.1563
13600,C,277,0.8234
13600,D,417,1.2396
13600,E,1119,3.3263
13600,F,344,1.0226
13600,G,307,0.9126
13600,H,1656,4.9226
13600,I,13113,38.9792
13600,J,898,2.6694
13600,K,1425,4.2359
13600,L,355,1.0553
13600,M,1148,3.4125
13600,N,2195,6.5248
13600,O,596,1.7716
13600,P,35,0.104
13600,Q,150,0.4459
13600,R,2968,8.8226
13600,S,748,2.2235
13600,T,219,0.651
13600,U,1505,4.4737
13600,V,27,0.0803
13600,W,25,0.0743
13600,X,10,0.0297
13600,Y,15,0.0446
13600,Z,3476,10.3326
13620,A,1036,1.3464
13620,B,1102,1.4322
13620,C,731,0.95
13620,D,473,0.6147
13620,E,992,1.2892
13620,F,990,1.2867
13620,G,781,1.015
13620,H,2523,3.279
13620,I,11246,14.6158
13620,J,3539,4.5994
13620,K,3457,4.4929
13620,L,1414,1.8377
13620,M,3503,4.5527
13620,N,2946,3.8288
13620,O,536,0.6966
13620,P,75,0.0975
13620,Q,192,0.2495
13620,R,15873,20.6293
13620,S,2588,3.3635
13620,T,918,1.1931
13620,U,6014,7.8161
13620,V,34,0.0442
13620,W,190,0.2469
13620,X,88,0.1144
13620,Y,78,0.1014
13620,Z,15625,20.307
13647,A,1174,0.6395
13647,B,2907,1.5835
13647,C,1112,0.6057
13647,D,1630,0.8879
13647,E,2542,1.3847
13647,F,2366,1.2888
13647,G,1284,0.6994
13647,H,2623,1.4288
13647,I,32700,17.8125
13647,J,9645,5.2539
13647,K,10030,5.4636
13647,L,4312,2.3489
13647,M,13040,7.1032
13647,N,8171,4.4509
13647,O,1654,0.901
13647,P,349,0.1901
13647,Q,557,0.3034
13647,R,28104,15.3089
13647,S,2526,1.376
13647,T,2121,1.1554
13647,U,170,0.0926
13647,V,18,0.0098
13647,W,291,0.1585
13647,X,89,0.0485
13647,Y,221,0.1204
13647,Z,53943,29.3841
13650,A,729,1.0211
13650,B,786,1.101
13650,C,485,0.6794
13650,D,719,1.0071
13650,E,1307,1.8308
13650,F,436,0.6107
13650,G,628,0.8797
13650,H,2374,3.3253
13650,I,9219,12.9134
13650,J,4350,6.0932
13650,K,6155,8.6215
13650,L,1432,2.0059
13650,M,2534,3.5495
13650,N,5410,7.578
13650,O,1267,1.7747
13650,P,48,0.0672
13650,Q,304,0.4258
13650,R,8275,11.5911
13650,S,1824,2.5549
13650,T,629,0.8811
13650,U,324,0.4538
13650,V,2,0.0028
13650,W,89,0.1247
13650,X,18,0.0252
13650,Y,24,0.0336
13650,Z,22023,30.8484
13654,A,3762,1.4559
13654,B,6515,2.5212
13654,C,2169,0.8394
13654,D,4995,1.933
13654,E,7694,2.9775
13654,F,3371,1.3045
13654,G,4509,1.7449
13654,H,14255,5.5166
13654,I,12882,4.9852
13654,J,15710,6.0796
13654,K,39395,15.2455
13654,L,10807,4.1822
13654,M,20520,7.9411
13654,N,23705,9.1736
13654,O,2735,1.0584
13654,P,308,0.1192
13654,Q,1119,0.433
13654,R,35174,13.612
13654,S,6544,2.5325
13654,T,2124,0.822
13654,U,1715,0.6637
13654,V,305,0.118
13654,W,843,0.3262
13654,X,556,0.2152
13654,Y,641,0.2481
13654,Z,36051,13.9514
13655,A,205,0.8589
13655,B,313,1.3114
13655,C,129,0.5405
13655,D,252,1.0559
13655,E,453,1.898
13655,F,96,0.4022
13655,G,172,0.7207
13655,H,466,1.9525
13655,I,1420,5.9496
13655,J,2257,9.4566
13655,K,2323,9.7331
13655,L,300,1.257
13655,M,867,3.6326
13655,N,1688,7.0725
13655,O,293,1.2276
13655,P,26,0.1089
13655,Q,30,0.1257
13655,R,5518,23.1198
13655,S,461,1.9315
13655,T,98,0.4106
13655,U,270,1.1313
13655,V,2,0.0084
13655,W,25,0.1047
13655,X,2,0.0084
13655,Y,14,0.0587
13655,Z,6187,25.9228
13657,A,3421,0.8622
13657,B,6911,1.7419
13657,C,2082,0.5248
13657,D,3787,0.9545
13657,E,20545,5.1782
13657,F,5574,1.4049
13657,G,6414,1.6166
13657,H,11107,2.7994
13657,I,67714,17.0668
13657,J,22855,5.7604
13657,K,17796,4.4854
13657,L,6938,1.7487
13657,M,11153,2.811
13657,N,23859,6.0135
13657,O,2550,0.6427
13657,P,331,0.0834
13657,Q,935,0.2357
13657,R,54667,13.7784
13657,S,11044,2.7836
13657,T,1838,0.4633
13657,U,5164,1.3015
13657,V,55,0.0139
13657,W,530,0.1336
13657,X,152,0.0383
13657,Y,294,0.0741
13657,Z,109042,27.4833
13667,A,2584,1.7305
13667,B,2436,1.6314
13667,C,1129,0.7561
13667,D,1801,1.2061
13667,E,2572,1.7224
13667,F,1657,1.1097
13667,G,1828,1.2242
13667,H,3412,2.285
13667,I,7051,4.7219
13667,J,5169,3.4616
13667,K,20236,13.5517
13667,L,2461,1.6481
13667,M,8095,5.4211
13667,N,12088,8.0951
13667,O,2525,1.691
13667,P,248,0.1661
13667,Q,421,0.2819
13667,R,22217,14.8784
13667,S,3847,2.5763
13667,T,1625,1.0882
13667,U,244,0.1634
13667,V,19,0.0127
13667,W,289,0.1935
13667,X,66,0.0442
13667,Y,319,0.2136
13667,Z,44985,30.1258
13670,A,4158,1.5784
13670,B,9152,3.4742
13670,C,1443,0.5478
13670,D,3118,1.1836
13670,E,10418,3.9548
13670,F,2504,0.9505
13670,G,4763,1.8081
13670,H,6286,2.3862
13670,I,10328,3.9206
13670,J,17421,6.6132
13670,K,20728,7.8686
13670,L,5748,2.182
13670,M,7923,3.0077
13670,N,21312,8.0903
13670,O,5876,2.2306
13670,P,286,0.1086
13670,Q,718,0.2726
13670,R,45087,17.1156
13670,S,9773,3.7099
13670,T,3336,1.2664
13670,U,613,0.2327
13670,V,69,0.0262
13670,W,542,0.2057
13670,X,146,0.0554
13670,Y,231,0.0877
13670,Z,71448,27.1225
13673,A,2801,2.0208
13673,B,3988,2.8772
13673,C,812,0.5858
13673,D,1655,1.194
13673,E,3461,2.497
13673,F,1853,1.3369
13673,G,1775,1.2806
13673,H,2784,2.0085
13673,I,8444,6.092
13673,J,15919,11.4849
13673,K,16043,11.5744
13673,L,3804,2.7444
13673,M,6334,4.5697
13673,N,6327,4.5647
13673,O,2148,1.5497
13673,P,459,0.3311
13673,Q,351,0.2532
13673,R,23773,17.1512
13673,S,2402,1.7329
13673,T,1691,1.22
13673,U,922,0.6652
13673,V,9,0.0065
13673,W,67,0.0483
13673,X,48,0.0346
13673,Y,89,0.0642
13673,Z,30649,22.112
13683,A,3628,1.7873
13683,B,7114,3.5046
13683,C,1294,0.6375
13683,D,2866,1.4119
13683,E,5248,2.5854
13683,F,3976,1.9587
13683,G,5140,2.5322
13683,H,10466,5.156
13683,I,25721,12.6712
13683,J,14255,7.0226
13683,K,14663,7.2236
13683,L,6169,3.0391
13683,M,10925,5.3821
13683,N,13546,6.6733
13683,O,2679,1.3198
13683,P,589,0.2902
13683,Q,905,0.4458
13683,R,25346,12.4865
13683,S,7008,3.4524
13683,T,3250,1.6011
13683,U,1618,0.7971
13683,V,37,0.0182
13683,W,683,0.3365
13683,X,220,0.1084
13683,Y,315,0.1552
13683,Z,35327,17.4035
13688,A,967,0.8717
13688,B,1791,1.6145
13688,C,786,0.7085
13688,D,1025,0.924
13688,E,3500,3.155
13688,F,1536,1.3846
13688,G,1001,0.9023
13688,H,1601,1.4432
13688,I,17097,15.4119
13688,J,4250,3.8311
13688,K,5998,5.4068
13688,L,1648,1.4856
13688,M,3829,3.4516
13688,N,4871,4.3909
13688,O,3907,3.5219
13688,P,328,0.2957
13688,Q,601,0.5418
13688,R,11638,10.4909
13688,S,4025,3.6283
13688,T,1224,1.1034
13688,U,225,0.2028
13688,V,73,0.0658
13688,W,208,0.1875
13688,X,68,0.0613
13688,Y,1008,0.9086
13688,Z,37729,34.0103
13744,A,3174,1.9526
13744,B,3217,1.979
13744,C,1452,0.8932
13744,D,3349,2.0602
13744,E,6025,3.7064
13744,F,1268,0.78
13744,G,1524,0.9375
13744,H,3612,2.222
13744,I,10743,6.6088
13744,J,6246,3.8424
13744,K,8262,5.0826
13744,L,3557,2.1882
13744,M,8597,5.2887
13744,N,9184,5.6498
13744,O,3257,2.0036
13744,P,262,0.1612
13744,Q,623,0.3833
13744,R,27544,16.9444
13744,S,4820,2.9652
13744,T,1563,0.9615
13744,U,867,0.5334
13744,V,218,0.1341
13744,W,436,0.2682
13744,X,171,0.1052
13744,Y,130,0.08
13744,Z,52454,32.2685
13760,A,440,0.7617
13760,B,1690,2.9254
13760,C,826,1.4298
13760,D,1111,1.9232
13760,E,1675,2.8995
13760,F,1391,2.4079
13760,G,950,1.6445
13760,H,3264,5.6501
13760,I,8291,14.352
13760,J,3099,5.3645
13760,K,5362,9.2818
13760,L,1285,2.2244
13760,M,3605,6.2404
13760,N,4143,7.1717
13760,O,578,1.0005
13760,P,74,0.1281
13760,Q,368,0.637
13760,R,10864,18.8059
13760,S,940,1.6272
13760,T,443,0.7668
13760,U,1344,2.3265
13760,V,4,0.0069
13760,W,30,0.0519
13760,X,27,0.0467
13760,Y,80,0.1385
13760,Z,5885,10.1871
13780,A,2039,2.4613
13780,B,1473,1.778
13780,C,514,0.6204
13780,D,922,1.1129
13780,E,1191,1.4376
13780,F,769,0.9283
13780,G,1193,1.4401
13780,H,3185,3.8446
13780,I,6511,7.8594
13780,J,4970,5.9992
13780,K,10400,12.5537
13780,L,1218,1.4702
13780,M,2531,3.0551
13780,N,4221,5.0951
13780,O,975,1.1769
13780,P,92,0.1111
13780,Q,233,0.2813
13780,R,15761,19.0249
13780,S,1757,2.1209
13780,T,754,0.9101
13780,U,516,0.6229
13780,V,25,0.0302
13780,W,149,0.1799
13780,X,31,0.0374
13780,Y,92,0.1111
13780,Z,21322,25.7375
13810,A,1615,1.0533
13810,B,2662,1.7362
13810,C,768,0.5009
13810,D,748,0.4879
13810,E,1982,1.2927
13810,F,523,0.3411
13810,G,1093,0.7129
13810,H,3923,2.5587
13810,I,14848,9.6841
13810,J,8813,5.748
13810,K,16490,10.7551
13810,L,2646,1.7258
13810,M,5973,3.8957
13810,N,8154,5.3182
13810,O,3228,2.1054
13810,P,168,0.1096
13810,Q,520,0.3392
13810,R,29085,18.9698
13810,S,2362,1.5405
13810,T,1082,0.7057
13810,U,212,0.1383
13810,V,106,0.0691
13810,W,250,0.1631
13810,X,198,0.1291
13810,Y,164,0.107
13810,Z,45710,29.8129
13836,A,17264,1.1074
13836,B,42117,2.7015
13836,C,13834,0.8873
13836,D,16254,1.0426
13836,E,73801,4.7338
13836,F,41367,2.6534
13836,G,34027,2.1826
13836,H,68036,4.364
13836,I,194647,12.4852
13836,J,119966,7.6949
13836,K,146383,9.3894
13836,L,41577,2.6669
13836,M,107751,6.9114
13836,N,108522,6.9609
13836,O,13045,0.8367
13836,P,2244,0.1439
13836,Q,5892,0.3779
13836,R,173802,11.1481
13836,S,30413,1.9508
13836,T,14604,0.9367
13836,U,9659,0.6196
13836,V,464,0.0298
13836,W,1775,0.1139
13836,X,648,0.0416
13836,Y,1617,0.1037
13836,Z,279318,17.9162
13838,A,1008,0.9184
13838,B,2958,2.6949
13838,C,1119,1.0195
13838,D,1222,1.1133
13838,E,5021,4.5745
13838,F,1957,1.783
13838,G,2765,2.5191
13838,H,4585,4.1773
13838,I,14410,13.1285
13838,J,9162,8.3472
13838,K,11500,10.4773
13838,L,3641,3.3172
13838,M,6486,5.9092
13838,N,7417,6.7574
13838,O,957,0.8719
13838,P,101,0.092
13838,Q,600,0.5466
13838,R,14278,13.0083
13838,S,2524,2.2995
13838,T,1248,1.137
13838,U,1174,1.0696
13838,V,207,0.1886
13838,W,317,0.2888
13838,X,262,0.2387
13838,Y,265,0.2414
13838,Z,14577,13.2807
13873,A,2938,1.0094
13873,B,5072,1.7426
13873,C,2078,0.714
13873,D,2392,0.8218
13873,E,5053,1.7361
13873,F,4439,1.5252
13873,G,3677,1.2633
13873,H,9405,3.2314
13873,I,47316,16.2569
13873,J,11514,3.956
13873,K,17850,6.1329
13873,L,6029,2.0715
13873,M,8397,2.8851
13873,N,12349,4.2429
13873,O,2460,0.8452
13873,P,616,0.2116
13873,Q,1114,0.3827
13873,R,58536,20.1119
13873,S,6467,2.2219
13873,T,3602,1.2376
13873,U,5087,1.7478
13873,V,41,0.0141
13873,W,463,0.1591
13873,X,150,0.0515
13873,Y,217,0.0746
13873,Z,73790,25.3529
13894,A,2431,1.8653
13894,B,1141,0.8755
13894,C,452,0.3468
13894,D,546,0.4189
13894,E,2639,2.0249
13894,F,1743,1.3374
13894,G,964,0.7397
13894,H,4157,3.1896
13894,I,2664,2.0441
13894,J,8746,6.7108
13894,K,10518,8.0704
13894,L,3154,2.42
13894,M,8573,6.578
13894,N,9453,7.2532
13894,O,1273,0.9768
13894,P,151,0.1159
13894,Q,567,0.4351
13894,R,34942,26.8108
13894,S,3304,2.5351
13894,T,1348,1.0343
13894,U,2418,1.8553
13894,V,89,0.0683
13894,W,227,0.1742
13894,X,142,0.109
13894,Y,130,0.0997
13894,Z,28556,21.9109
15001,A,19939,0.7608
15001,B,36179,1.3804
15001,C,43610,1.6639
15001,D,34018,1.2979
15001,E,180241,6.8769
15001,F,88702,3.3844
15001,G,76016,2.9003
15001,H,126513,4.827
15001,I,366840,13.9965
15001,J,110228,4.2057
15001,K,273282,10.4269
15001,L,47843,1.8254
15001,M,150437,5.7398
15001,N,142141,5.4233
15001,O,28449,1.0854
15001,P,5264,0.2008
15001,Q,14766,0.5634
15001,R,289129,11.0315
15001,S,66897,2.5524
15001,T,16108,0.6146
15001,U,73757,2.8141
15001,V,398,0.0152
15001,W,2862,0.1092
15001,X,785,0.03
15001,Y,12040,0.4594
15001,Z,414500,15.8149
15022,A,269,1.225
15022,B,184,0.8379
15022,C,155,0.7058
15022,D,97,0.4417
15022,E,1068,4.8634
15022,F,438,1.9945
15022,G,573,2.6093
15022,H,447,2.0355
15022,I,8568,39.0164
15022,J,725,3.3015
15022,K,2036,9.2714
15022,L,225,1.0246
15022,M,795,3.6202
15022,N,713,3.2468
15022,O,203,0.9244
15022,P,24,0.1093
15022,Q,112,0.51
15022,R,1036,4.7177
15022,S,501,2.2814
15022,T,118,0.5373
15022,U,112,0.51
15022,V,8,0.0364
15022,W,18,0.082
15022,X,7,0.0319
15022,Y,614,2.796
15022,Z,2914,13.2696
15047,A,1743,0.9662
15047,B,1963,1.0882
15047,C,1303,0.7223
15047,D,1209,0.6702
15047,E,10332,5.7274
15047,F,2295,1.2722
15047,G,3155,1.7489
15047,H,5302,2.9391
15047,I,37048,20.537
15047,J,7739,4.29
15047,K,12122,6.7197
15047,L,2903,1.6092
15047,M,8055,4.4652
15047,N,7224,4.0045
15047,O,1755,0.9729
15047,P,298,0.1652
15047,Q,838,0.4645
15047,R,12770,7.0789
15047,S,5982,3.316
15047,T,931,0.5161
15047,U,438,0.2428
15047,V,59,0.0327
15047,W,314,0.1741
15047,X,100,0.0554
15047,Y,5161,2.8609
15047,Z,49357,27.3604
15051,A,589,1.431
15051,B,367,0.8917
15051,C,490,1.1905
15051,D,397,0.9646
15051,E,1592,3.8679
15051,F,993,2.4126
15051,G,776,1.8854
15051,H,1825,4.434
15051,I,3408,8.2801
15051,J,1412,3.4306
15051,K,4102,9.9662
15051,L,655,1.5914
15051,M,2094,5.0876
15051,N,3747,9.1037
15051,O,763,1.8538
15051,P,183,0.4446
15051,Q,260,0.6317
15051,R,4295,10.4351
15051,S,1092,2.6531
15051,T,209,0.5078
15051,U,92,0.2235
15051,V,11,0.0267
15051,W,77,0.1871
15051,X,28,0.068
15051,Y,39,0.0948
15051,Z,11663,28.3365
15087,A,329,0.7703
15087,B,292,0.6836
15087,C,853,1.9971
15087,D,501,1.173
15087,E,2448,5.7314
15087,F,684,1.6014
15087,G,998,2.3366
15087,H,1433,3.355
15087,I,5635,13.193
15087,J,1504,3.5213
15087,K,3438,8.0493
15087,L,622,1.4563
15087,M,2317,5.4247
15087,N,1883,4.4086
15087,O,375,0.878
15087,P,52,0.1217
15087,Q,197,0.4612
15087,R,2996,7.0144
15087,S,1087,2.545
15087,T,255,0.597
15087,U,787,1.8426
15087,V,20,0.0468
15087,W,92,0.2154
15087,X,11,0.0258
15087,Y,40,0.0937
15087,Z,13863,32.4569
15090,A,74,0.5477
15090,B,124,0.9178
15090,C,100,0.7401
15090,D,105,0.7771
15090,E,854,6.3208
15090,F,282,2.0872
15090,G,387,2.8643
15090,H,270,1.9984
15090,I,2574,19.0511
15090,J,414,3.0642
15090,K,782,5.7879
15090,L,149,1.1028
15090,M,437,3.2344
15090,N,487,3.6045
15090,O,122,0.903
15090,P,4,0.0296
15090,Q,47,0.3479
15090,R,1164,8.6152
15090,S,443,3.2788
15090,T,89,0.6587
15090,U,274,2.028
15090,V,8,0.0592
15090,W,24,0.1776
15090,X,11,0.0814
15090,Y,26,0.1924
15090,Z,4260,31.5299
15092,A,72,0.8178
15092,B,34,0.3862
15092,C,72,0.8178
15092,D,45,0.5111
15092,E,522,5.9291
15092,F,73,0.8292
15092,G,156,1.7719
15092,H,444,5.0432
15092,I,610,6.9287
15092,J,182,2.0672
15092,K,426,4.8387
15092,L,134,1.522
15092,M,471,5.3498
15092,N,296,3.3621
15092,O,46,0.5225
15092,P,1,0.0114
15092,Q,15,0.1704
15092,R,512,5.8155
15092,S,322,3.6574
15092,T,50,0.5679
15092,U,64,0.7269
15092,V,2,0.0227
15092,W,6,0.0682
15092,X,6,0.0682
15092,Y,479,5.4407
15092,Z,3764,42.7533
15097,A,460,0.9626
15097,B,883,1.8477
15097,C,831,1.7389
15097,D,657,1.3748
15097,E,3337,6.9829
15097,F,1355,2.8354
15097,G,912,1.9084
15097,H,1569,3.2833
15097,I,7804,16.3305
15097,J,2425,5.0745
15097,K,5066,10.601
15097,L,795,1.6636
15097,M,2504,5.2398
15097,N,2868,6.0015
15097,O,509,1.0651
15097,P,38,0.0795
15097,Q,200,0.4185
15097,R,4818,10.082
15097,S,1706,3.5699
15097,T,356,0.745
15097,U,121,0.2532
15097,V,10,0.0209
15097,W,53,0.1109
15097,X,22,0.046
15097,Y,92,0.1925
15097,Z,8397,17.5714
15104,A,1091,0.6155
15104,B,879,0.4959
15104,C,1615,0.9112
15104,D,1173,0.6618
15104,E,7330,4.1354
15104,F,2557,1.4426
15104,G,2723,1.5363
15104,H,4197,2.3679
15104,I,23381,13.1911
15104,J,4918,2.7746
15104,K,19278,10.8763
15104,L,2728,1.5391
15104,M,6599,3.723
15104,N,6215,3.5064
15104,O,1239,0.699
15104,P,555,0.3131
15104,Q,468,0.264
15104,R,9069,5.1166
15104,S,2579,1.455
15104,T,939,0.5298
15104,U,6680,3.7687
15104,V,32,0.0181
15104,W,185,0.1044
15104,X,53,0.0299
15104,Y,3868,2.1823
15104,Z,66897,37.742
15106,A,38,0.4335
15106,B,90,1.0267
15106,C,118,1.3461
15106,D,71,0.8099
15106,E,200,2.2815
15106,F,112,1.2777
15106,G,180,2.0534
15106,H,373,4.2551
15106,I,972,11.0883
15106,J,227,2.5896
15106,K,291,3.3196
15106,L,165,1.8823
15106,M,284,3.2398
15106,N,291,3.3196
15106,O,95,1.0837
15106,P,10,0.1141
15106,Q,25,0.2852
15106,R,744,8.4873
15106,S,198,2.2587
15106,T,35,0.3993
15106,U,60,0.6845
15106,V,6,0.0684
15106,W,7,0.0799
15106,X,5,0.057
15106,Y,464,5.2932
15106,Z,3705,42.2656
15109,A,340,0.6662
15109,B,343,0.672
15109,C,609,1.1932
15109,D,310,0.6074
15109,E,1800,3.5268
15109,F,736,1.4421
15109,G,908,1.7791
15109,H,1257,2.4629
15109,I,19787,38.7692
15109,J,1302,2.551
15109,K,2457,4.8141
15109,L,661,1.2951
15109,M,1674,3.2799
15109,N,1723,3.3759
15109,O,477,0.9346
15109,P,58,0.1136
15109,Q,193,0.3781
15109,R,2855,5.5939
15109,S,1073,2.1024
15109,T,284,0.5564
15109,U,261,0.5114
15109,V,14,0.0274
15109,W,55,0.1078
15109,X,17,0.0333
15109,Y,30,0.0588
15109,Z,11814,23.1475
15114,A,36,0.6597
15114,B,19,0.3482
15114,C,217,3.9765
15114,D,37,0.678
15114,E,220,4.0315
15114,F,84,1.5393
15114,G,38,0.6964
15114,H,278,5.0944
15114,I,1024,18.7649
15114,J,125,2.2906
15114,K,456,8.3562
15114,L,46,0.843
15114,M,246,4.508
15114,N,177,3.2435
15114,O,25,0.4581
15114,Q,20,0.3665
15114,R,534,9.7856
15114,S,156,2.8587
15114,T,40,0.733
15114,U,25,0.4581
15114,V,32,0.5864
15114,W,15,0.2749
15114,X,1,0.0183
15114,Y,4,0.0733
15114,Z,1602,29.3568
15131,A,197,0.7725
15131,B,152,0.596
15131,C,464,1.8195
15131,D,163,0.6392
15131,E,1577,6.1838
15131,F,410,1.6077
15131,G,539,2.1136
15131,H,894,3.5056
15131,I,4533,17.7751
15131,J,1408,5.5211
15131,K,3725,14.6067
15131,L,441,1.7293
15131,M,1435,5.627
15131,N,1111,4.3565
15131,O,273,1.0705
15131,P,80,0.3137
15131,Q,122,0.4784
15131,R,2334,9.1522
15131,S,979,3.8389
15131,T,177,0.6941
15131,U,219,0.8588
15131,V,11,0.0431
15131,W,39,0.1529
15131,X,8,0.0314
15131,Y,22,0.0863
15131,Z,4189,16.4262
15135,A,236,1.0031
15135,B,250,1.0627
15135,C,290,1.2327
15135,D,164,0.6971
15135,E,691,2.9372
15135,F,429,1.8235
15135,G,552,2.3463
15135,H,689,2.9287
15135,I,1961,8.3355
15135,J,893,3.7958
15135,K,2426,10.312
15135,L,321,1.3644
15135,M,949,4.0338
15135,N,834,3.545
15135,O,368,1.5642
15135,P,35,0.1488
15135,Q,62,0.2635
15135,R,4473,19.013
15135,S,596,2.5334
15135,T,148,0.6291
15135,U,509,2.1636
15135,V,9,0.0383
15135,W,57,0.2423
15135,X,31,0.1318
15135,Y,94,0.3996
15135,Z,6459,27.4547
15162,A,347,0.8796
15162,B,262,0.6641
15162,C,548,1.3891
15162,D,263,0.6666
15162,E,4237,10.7399
15162,F,999,2.5323
15162,G,769,1.9493
15162,H,1603,4.0633
15162,I,7801,19.7739
15162,J,1549,3.9264
15162,K,3218,8.157
15162,L,632,1.602
15162,M,2456,6.2254
15162,N,1513,3.8351
15162,O,155,0.3929
15162,P,64,0.1622
15162,Q,159,0.403
15162,R,2206,5.5917
15162,S,748,1.896
15162,T,155,0.3929
15162,U,389,0.986
15162,V,4,0.0101
15162,W,49,0.1242
15162,X,6,0.0152
15162,Y,41,0.1039
15162,Z,9278,23.5178
15172,A,127,0.6483
15172,B,198,1.0107
15172,C,317,1.6182
15172,D,236,1.2047
15172,E,581,2.9658
15172,F,1031,5.2629
15172,G,344,1.756
15172,H,438,2.2358
15172,I,4263,21.7611
15172,J,711,3.6294
15172,K,2386,12.1797
15172,L,293,1.4957
15172,M,979,4.9974
15172,N,863,4.4053
15172,O,377,1.9245
15172,P,76,0.388
15172,Q,152,0.7759
15172,R,1665,8.4992
15172,S,818,4.1756
15172,T,226,1.1536
15172,U,88,0.4492
15172,W,48,0.245
15172,X,10,0.051
15172,Y,248,1.266
15172,Z,3115,15.901
15176,A,10428,1.2412
15176,B,7692,0.9156
15176,C,9136,1.0874
15176,D,7685,0.9147
15176,E,49844,5.9329
15176,F,17358,2.0661
15176,G,17797,2.1184
15176,H,39136,4.6583
15176,I,75894,9.0336
15176,J,31897,3.7967
15176,K,80161,9.5415
15176,L,15555,1.8515
15176,M,49870,5.936
15176,N,28228,3.3599
15176,O,8491,1.0107
15176,P,1236,0.1471
15176,Q,4404,0.5242
15176,R,160377,19.0895
15176,S,16351,1.9462
15176,T,6077,0.7233
15176,U,21335,2.5395
15176,V,116,0.0138
15176,W,851,0.1013
15176,X,170,0.0202
15176,Y,532,0.0633
15176,Z,179511,21.367
15180,A,158,0.6911
15180,B,154,0.6736
15180,C,427,1.8678
15180,D,117,0.5118
15180,E,1587,6.942
15180,F,439,1.9203
15180,G,427,1.8678
15180,H,471,2.0603
15180,I,4266,18.6606
15180,J,801,3.5038
15180,K,1973,8.6304
15180,L,195,0.853
15180,M,1055,4.6148
15180,N,1012,4.4268
15180,O,281,1.2292
15180,P,29,0.1269
15180,Q,46,0.2012
15180,R,1509,6.6008
15180,S,563,2.4627
15180,T,145,0.6343
15180,U,33,0.1444
15180,V,3,0.0131
15180,W,16,0.07
15180,X,8,0.035
15180,Y,303,1.3254
15180,Z,6843,29.9331
15183,A,451,1.2638
15183,B,309,0.8659
15183,C,198,0.5548
15183,D,272,0.7622
15183,E,1161,3.2534
15183,F,803,2.2502
15183,G,628,1.7598
15183,H,1172,3.2842
15183,I,3826,10.7213
15183,J,2498,6.9999
15183,K,5734,16.0679
15183,L,523,1.4656
15183,M,1478,4.1417
15183,N,1982,5.554
15183,O,975,2.7322
15183,P,68,0.1906
15183,Q,143,0.4007
15183,R,3656,10.2449
15183,S,1671,4.6825
15183,T,363,1.0172
15183,U,19,0.0532
15183,W,85,0.2382
15183,X,93,0.2606
15183,Y,49,0.1373
15183,Z,7529,21.0979
15185,A,754,1.443
15185,B,602,1.1521
15185,C,917,1.755
15185,D,488,0.934
15185,E,1799,3.443
15185,F,649,1.2421
15185,G,1133,2.1684
15185,H,1326,2.5378
15185,I,4606,8.8151
15185,J,1643,3.1444
15185,K,7647,14.6351
15185,L,804,1.5387
15185,M,2395,4.5836
15185,N,2267,4.3387
15185,O,887,1.6976
15185,P,154,0.2947
15185,Q,140,0.2679
15185,R,6560,12.5548
15185,S,1857,3.554
15185,T,526,1.0067
15185,U,608,1.1636
15185,V,15,0.0287
15185,W,163,0.312
15185,X,27,0.0517
15185,Y,5034,9.6343
15185,Z,9250,17.703
15187,A,208,0.7635
15187,B,316,1.1599
15187,C,207,0.7598
15187,D,197,0.7231
15187,E,956,3.509
15187,F,615,2.2574
15187,G,768,2.819
15187,H,1315,4.8268
15187,I,3994,14.6601
15187,J,2013,7.3888
15187,K,1761,6.4638
15187,L,533,1.9564
15187,M,1394,5.1167
15187,N,1067,3.9165
15187,O,299,1.0975
15187,P,24,0.0881
15187,Q,182,0.668
15187,R,3483,12.7845
15187,S,1122,4.1183
15187,T,287,1.0534
15187,U,158,0.5799
15187,V,8,0.0294
15187,W,60,0.2202
15187,X,10,0.0367
15187,Y,654,2.4005
15187,Z,5613,20.6027
15189,A,326,0.7668
15189,B,372,0.875
15189,C,673,1.5829
15189,D,323,0.7597
15189,E,2046,4.8123
15189,F,710,1.67
15189,G,685,1.6112
15189,H,920,2.1639
15189,I,6718,15.8011
15189,J,2069,4.8664
15189,K,2771,6.5175
15189,L,841,1.9781
15189,M,1670,3.9279
15189,N,1740,4.0926
15189,O,736,1.7311
15189,P,225,0.5292
15189,Q,279,0.6562
15189,R,3608,8.4862
15189,S,1284,3.02
15189,T,357,0.8397
15189,U,328,0.7715
15189,V,6,0.0141
15189,W,84,0.1976
15189,X,18,0.0423
15189,Y,190,0.4469
15189,Z,13537,31.8398
15204,A,726,0.7615
15204,B,1053,1.1045
15204,C,1253,1.3142
15204,D,1139,1.1947
15204,E,5684,5.9618
15204,F,2705,2.8372
15204,G,2788,2.9243
15204,H,3518,3.69
15204,I,14499,15.2077
15204,J,4753,4.9853
15204,K,6996,7.3379
15204,L,1429,1.4988
15204,M,4465,4.6832
15204,N,3833,4.0203
15204,O,1241,1.3017
15204,P,295,0.3094
15204,Q,541,0.5674
15204,R,10522,11.0363
15204,S,2765,2.9001
15204,T,633,0.6639
15204,U,1690,1.7726
15204,V,25,0.0262
15204,W,131,0.1374
15204,X,28,0.0294
15204,Y,2843,2.982
15204,Z,19785,20.752
15212,A,341,0.9673
15212,B,410,1.1631
15212,C,205,0.5815
15212,D,160,0.4539
15212,E,1298,3.6821
15212,F,207,0.5872
15212,G,675,1.9148
15212,H,948,2.6892
15212,I,12956,36.7525
15212,J,1231,3.492
15212,K,1633,4.6324
15212,L,427,1.2113
15212,M,1553,4.4054
15212,N,1699,4.8196
15212,O,213,0.6042
15212,P,26,0.0738
15212,Q,130,0.3688
15212,R,2185,6.1982
15212,S,607,1.7219
15212,T,308,0.8737
15212,U,69,0.1957
15212,V,1,0.0028
15212,W,53,0.1503
15212,X,30,0.0851
15212,Y,79,0.2241
15212,Z,7808,22.1491
15215,A,161,0.6959
15215,B,179,0.7737
15215,C,174,0.7521
15215,D,215,0.9293
15215,E,1692,7.3136
15215,F,618,2.6713
15215,G,419,1.8111
15215,H,1293,5.5889
15215,I,3780,16.3389
15215,J,1156,4.9968
15215,K,3367,14.5537
15215,L,490,2.118
15215,M,1097,4.7417
15215,N,903,3.9032
15215,O,164,0.7089
15215,P,60,0.2593
15215,Q,69,0.2982
15215,R,2051,8.8654
15215,S,1181,5.1048
15215,T,157,0.6786
15215,U,53,0.2291
15215,V,10,0.0432
15215,W,51,0.2204
15215,X,13,0.0562
15215,Y,544,2.3514
15215,Z,3238,13.9961
15218,A,45,0.5515
15218,B,315,3.8608
15218,C,171,2.0958
15218,D,130,1.5933
15218,E,599,7.3416
15218,F,146,1.7894
15218,G,222,2.7209
15218,H,185,2.2674
15218,I,1227,15.0386
15218,J,448,5.4909
15218,K,708,8.6775
15218,L,114,1.3972
15218,M,404,4.9516
15218,N,383,4.6942
15218,O,117,1.434
15218,P,8,0.0981
15218,Q,36,0.4412
15218,R,724,8.8736
15218,S,279,3.4195
15218,T,62,0.7599
15218,U,82,1.005
15218,V,2,0.0245
15218,W,10,0.1226
15218,X,5,0.0613
15218,Y,13,0.1593
15218,Z,1724,21.13
15223,A,758,2.2959
15223,B,1680,5.0886
15223,C,191,0.5785
15223,D,677,2.0506
15223,E,1355,4.1042
15223,F,435,1.3176
15223,G,766,2.3202
15223,H,1590,4.816
15223,I,614,1.8598
15223,J,2896,8.7718
15223,K,2321,7.0301
15223,L,1015,3.0744
15223,M,1633,4.9462
15223,N,2586,7.8328
15223,O,1162,3.5196
15223,P,128,0.3877
15223,Q,93,0.2817
15223,R,3200,9.6926
15223,S,1439,4.3586
15223,T,358,1.0844
15223,U,69,0.209
15223,V,8,0.0242
15223,W,17,0.0515
15223,X,29,0.0878
15223,Y,9,0.0273
15223,Z,7986,24.189
15224,A,188,0.9555
15224,B,126,0.6404
15224,C,160,0.8132
15224,D,135,0.6861
15224,E,849,4.3151
15224,F,274,1.3926
15224,G,375,1.906
15224,H,569,2.892
15224,I,4263,21.6671
15224,J,1297,6.5921
15224,K,1923,9.7738
15224,L,241,1.2249
15224,M,546,2.7751
15224,N,504,2.5616
15224,O,484,2.46
15224,P,17,0.0864
15224,Q,165,0.8386
15224,R,1471,7.4765
15224,S,601,3.0546
15224,T,138,0.7014
15224,U,414,2.1042
15224,V,10,0.0508
15224,W,23,0.1169
15224,X,5,0.0254
15224,Y,136,0.6912
15224,Z,4761,24.1982
15226,A,66,1.1066
15226,B,48,0.8048
15226,C,26,0.4359
15226,D,22,0.3689
15226,E,210,3.5211
15226,F,125,2.0959
15226,G,57,0.9557
15226,H,269,4.5104
15226,I,603,10.1107
15226,J,350,5.8685
15226,K,1841,30.8685
15226,L,69,1.1569
15226,M,217,3.6385
15226,N,139,2.3307
15226,O,27,0.4527
15226,Q,12,0.2012
15226,R,271,4.5439
15226,S,195,3.2696
15226,T,43,0.721
15226,U,24,0.4024
15226,W,11,0.1844
15226,Y,57,0.9557
15226,Z,1282,21.4956
15232,A,59,0.5795
15232,B,33,0.3241
15232,C,137,1.3455
15232,D,44,0.4321
15232,E,125,1.2277
15232,F,118,1.1589
15232,G,260,2.5535
15232,H,183,1.7973
15232,I,170,1.6696
15232,J,173,1.6991
15232,K,4414,43.351
15232,L,71,0.6973
15232,M,187,1.8366
15232,N,302,2.966
15232,O,99,0.9723
15232,P,9,0.0884
15232,Q,32,0.3143
15232,R,373,3.6633
15232,S,136,1.3357
15232,T,40,0.3929
15232,V,2,0.0196
15232,W,2,0.0196
15232,X,4,0.0393
15232,Y,273,2.6812
15232,Z,2936,28.8352
15236,A,31,0.5121
15236,B,20,0.3304
15236,C,44,0.7268
15236,D,20,0.3304
15236,E,196,3.2375
15236,F,29,0.479
15236,G,72,1.1893
15236,H,78,1.2884
15236,I,3596,59.3987
15236,J,105,1.7344
15236,K,186,3.0723
15236,L,34,0.5616
15236,M,147,2.4281
15236,N,355,5.8639
15236,O,29,0.479
15236,Q,18,0.2973
15236,R,206,3.4027
15236,S,106,1.7509
15236,T,19,0.3138
15236,U,51,0.8424
15236,W,14,0.2313
15236,X,5,0.0826
15236,Y,86,1.4205
15236,Z,607,10.0264
15238,A,34255,1.3396
15238,B,39181,1.5323
15238,C,29814,1.1659
15238,D,27335,1.069
15238,E,165621,6.4769
15238,F,65802,2.5733
15238,G,60609,2.3702
15238,H,127831,4.9991
15238,I,166737,6.5206
15238,J,150183,5.8732
15238,K,321390,12.5686
15238,L,50979,1.9936
15238,M,182483,7.1364
15238,N,164267,6.424
15238,O,25647,1.003
15238,P,3731,0.1459
15238,Q,14016,0.5481
15238,R,283698,11.0946
15238,S,70315,2.7498
15238,T,16763,0.6556
15238,U,17769,0.6949
15238,V,338,0.0132
15238,W,2820,0.1103
15238,X,734,0.0287
15238,Y,2141,0.0837
15238,Z,532625,20.8294
15244,A,560,1.022
15244,B,935,1.7063
15244,C,236,0.4307
15244,D,281,0.5128
15244,E,3732,6.8106
15244,F,1135,2.0713
15244,G,1451,2.648
15244,H,1398,2.5512
15244,I,10777,19.6671
15244,J,3185,5.8124
15244,K,5713,10.4258
15244,L,646,1.1789
15244,M,2655,4.8452
15244,N,2890,5.274
15244,O,1031,1.8815
15244,P,79,0.1442
15244,Q,131,0.2391
15244,R,3439,6.2759
15244,S,1446,2.6388
15244,T,341,0.6223
15244,U,141,0.2573
15244,V,5,0.0091
15244,W,76,0.1387
15244,X,19,0.0347
15244,Y,500,0.9125
15244,Z,11995,21.8899
15248,A,489,1.4638
15248,B,362,1.0836
15248,C,803,2.4037
15248,D,289,0.8651
15248,E,3407,10.1985
15248,F,960,2.8736
15248,G,768,2.2989
15248,H,1024,3.0652
15248,I,4039,12.0903
15248,J,2357,7.0554
15248,K,3436,10.2853
15248,L,583,1.7451
15248,M,1567,4.6906
15248,N,2164,6.4777
15248,O,781,2.3378
15248,P,41,0.1227
15248,Q,103,0.3083
15248,R,1815,5.433
15248,S,1281,3.8345
15248,T,249,0.7454
15248,U,14,0.0419
15248,W,54,0.1616
15248,X,12,0.0359
15248,Y,477,1.4278
15248,Z,6332,18.9541
15272,A,610,0.6102
15272,B,1084,1.0843
15272,C,1056,1.0563
15272,D,629,0.6292
15272,E,4521,4.5221
15272,F,1300,1.3003
15272,G,833,0.8332
15272,H,4635,4.6362
15272,I,34501,34.5096
15272,J,4055,4.056
15272,K,9352,9.3543
15272,L,1662,1.6624
15272,M,5745,5.7464
15272,N,3779,3.7799
15272,O,546,0.5461
15272,P,76,0.076
15272,Q,423,0.4231
15272,R,8759,8.7612
15272,S,2282,2.2826
15272,T,422,0.4221
15272,U,301,0.3011
15272,V,17,0.017
15272,W,90,0.09
15272,X,7,0.007
15272,Y,80,0.08
15272,Z,13210,13.2133
15276,A,185,0.3691
15276,B,393,0.7842
15276,C,437,0.872
15276,D,215,0.429
15276,E,3460,6.9038
15276,F,1323,2.6398
15276,G,703,1.4027
15276,H,1684,3.3601
15276,I,17333,34.5851
15276,J,1972,3.9348
15276,K,3859,7.7
15276,L,638,1.273
15276,M,1967,3.9248
15276,N,2108,4.2062
15276,O,423,0.844
15276,P,34,0.0678
15276,Q,193,0.3851
15276,R,2162,4.3139
15276,S,1121,2.2368
15276,T,184,0.3671
15276,U,282,0.5627
15276,V,3,0.006
15276,W,36,0.0718
15276,X,1,0.002
15276,Y,482,0.9617
15276,Z,8919,17.7964
15293,A,307,0.8157
15293,B,177,0.4703
15293,C,756,2.0086
15293,D,292,0.7758
15293,E,1148,3.0501
15293,F,1494,3.9694
15293,G,1035,2.7499
15293,H,1109,2.9465
15293,I,4860,12.9125
15293,J,1788,4.7505
15293,K,7666,20.3677
15293,L,361,0.9591
15293,M,1635,4.344
15293,N,1910,5.0747
15293,O,653,1.7349
15293,P,75,0.1993
15293,Q,144,0.3826
15293,R,3995,10.6143
15293,S,1429,3.7967
15293,T,346,0.9193
15293,U,151,0.4012
15293,V,21,0.0558
15293,W,126,0.3348
15293,X,17,0.0452
15293,Y,72,0.1913
15293,Z,6071,16.13
15296,A,365,0.7244
15296,B,319,0.6331
15296,C,596,1.1829
15296,D,251,0.4982
15296,E,1859,3.6897
15296,F,789,1.566
15296,G,1149,2.2805
15296,H,2220,4.4062
15296,I,6031,11.9701
15296,J,3058,6.0694
15296,K,3763,7.4686
15296,L,730,1.4489
15296,M,1902,3.775
15296,N,2204,4.3744
15296,O,378,0.7502
15296,P,100,0.1985
15296,Q,227,0.4505
15296,R,5180,10.281
15296,S,1563,3.1022
15296,T,424,0.8415
15296,U,221,0.4386
15296,V,19,0.0377
15296,W,94,0.1866
15296,X,45,0.0893
15296,Y,127,0.2521
15296,Z,16770,33.2844
15299,A,1460,0.6813
15299,B,2621,1.2231
15299,C,1385,0.6463
15299,D,2006,0.9361
15299,E,13871,6.473
15299,F,3910,1.8246
15299,G,3009,1.4042
15299,H,6433,3.002
15299,I,6528,3.0464
15299,J,10260,4.7879
15299,K,35789,16.7013
15299,L,2771,1.2931
15299,M,9830,4.5873
15299,N,10342,4.8262
15299,O,2766,1.2908
15299,P,274,0.1279
15299,Q,1133,0.5287
15299,R,17780,8.2972
15299,S,4139,1.9315
15299,T,1176,0.5488
15299,U,5638,2.631
15299,V,56,0.0261
15299,W,400,0.1867
15299,X,141,0.0658
15299,Y,577,0.2693
15299,Z,69994,32.6634
15317,A,71,0.746
15317,B,66,0.6934
15317,C,180,1.8912
15317,D,104,1.0927
15317,E,276,2.8998
15317,F,328,3.4461
15317,G,202,2.1223
15317,H,248,2.6056
15317,I,2251,23.6499
15317,J,277,2.9103
15317,K,1370,14.3938
15317,L,170,1.7861
15317,M,367,3.8559
15317,N,837,8.7939
15317,O,202,2.1223
15317,P,13,0.1366
15317,Q,70,0.7354
15317,R,770,8.0899
15317,S,261,2.7422
15317,T,77,0.809
15317,U,45,0.4728
15317,W,7,0.0735
15317,X,25,0.2627
15317,Y,96,1.0086
15317,Z,1205,12.6602
15322,A,1301,0.8646
15322,B,1516,1.0075
15322,C,1363,0.9058
15322,D,1168,0.7762
15322,E,8950,5.948
15322,F,2045,1.3591
15322,G,2220,1.4754
15322,H,3807,2.53
15322,I,23358,15.5232
15322,J,5578,3.707
15322,K,17233,11.4526
15322,L,2164,1.4381
15322,M,5970,3.9675
15322,N,5533,3.6771
15322,O,1352,0.8985
15322,P,349,0.2319
15322,Q,884,0.5875
15322,R,13375,8.8887
15322,S,3607,2.3971
15322,T,1031,0.6852
15322,U,6402,4.2546
15322,V,14,0.0093
15322,W,385,0.2559
15322,X,22,0.0146
15322,Y,423,0.2811
15322,Z,40422,26.8635
15325,A,219,0.7158
15325,B,251,0.8204
15325,C,549,1.7944
15325,D,231,0.755
15325,E,1649,5.3898
15325,F,780,2.5494
15325,G,668,2.1834
15325,H,566,1.85
15325,I,6023,19.6862
15325,J,1371,4.4811
15325,K,2228,7.2822
15325,L,516,1.6866
15325,M,1169,3.8209
15325,N,1096,3.5823
15325,O,279,0.9119
15325,P,23,0.0752
15325,Q,137,0.4478
15325,R,2262,7.3934
15325,S,766,2.5037
15325,T,228,0.7452
15325,U,19,0.0621
15325,V,2,0.0065
15325,W,38,0.1242
15325,X,3,0.0098
15325,Y,4739,15.4895
15325,Z,4783,15.6333
15332,A,465,1.0889
15332,B,1026,2.4025
15332,C,113,0.2646
15332,D,263,0.6159
15332,E,3636,8.5142
15332,F,863,2.0208
15332,G,646,1.5127
15332,H,785,1.8382
15332,I,4425,10.3618
15332,J,3339,7.8188
15332,K,3507,8.2122
15332,L,786,1.8405
15332,M,2996,7.0156
15332,N,1647,3.8567
15332,O,605,1.4167
15332,P,14,0.0328
15332,Q,139,0.3255
15332,R,4016,9.4041
15332,S,1110,2.5992
15332,T,235,0.5503
15332,U,202,0.473
15332,W,53,0.1241
15332,X,45,0.1054
15332,Y,290,0.6791
15332,Z,11499,26.9266
15362,A,306,1.4834
15362,B,137,0.6641
15362,C,142,0.6884
15362,D,146,0.7078
15362,E,1671,8.1006
15362,F,385,1.8664
15362,G,319,1.5464
15362,H,1333,6.4621
15362,I,2624,12.7206
15362,J,1748,8.4739
15362,K,1769,8.5757
15362,L,389,1.8858
15362,M,1272,6.1664
15362,N,1219,5.9094
15362,O,139,0.6738
15362,P,45,0.2182
15362,Q,140,0.6787
15362,R,2918,14.1458
15362,S,714,3.4613
15362,T,220,1.0665
15362,U,202,0.9793
15362,V,9,0.0436
15362,W,28,0.1357
15362,X,17,0.0824
15362,Y,14,0.0679
15362,Z,2722,13.1957
15367,A,1260,1.2757
15367,B,539,0.5457
15367,C,1035,1.0479
15367,D,1043,1.056
15367,E,2168,2.195
15367,F,2128,2.1545
15367,G,1614,1.6341
15367,H,2821,2.8561
15367,I,19800,20.0466
15367,J,5182,5.2465
15367,K,6556,6.6376
15367,L,1346,1.3628
15367,M,2947,2.9837
15367,N,2978,3.0151
15367,O,1160,1.1744
15367,P,361,0.3655
15367,Q,466,0.4718
15367,R,7492,7.5853
15367,S,2498,2.5291
15367,T,739,0.7482
15367,U,1081,1.0945
15367,V,39,0.0395
15367,W,187,0.1893
15367,X,100,0.1012
15367,Y,949,0.9608
15367,Z,32281,32.683
15368,A,139,0.3698
15368,B,139,0.3698
15368,C,719,1.913
15368,D,256,0.6811
15368,E,1268,3.3738
15368,F,616,1.639
15368,G,939,2.4984
15368,H,893,2.376
15368,I,11216,29.8425
15368,J,1745,4.6429
15368,K,2021,5.3773
15368,L,366,0.9738
15368,M,1262,3.3578
15368,N,1347,3.584
15368,O,298,0.7929
15368,P,33,0.0878
15368,Q,110,0.2927
15368,R,1907,5.074
15368,S,790,2.102
15368,T,179,0.4763
15368,U,50,0.133
15368,V,17,0.0452
15368,W,59,0.157
15368,X,17,0.0452
15368,Y,24,0.0639
15368,Z,11174,29.7307
15377,A,273,1.4126
15377,B,335,1.7334
15377,C,516,2.67
15377,D,204,1.0556
15377,E,1214,6.2817
15377,F,199,1.0297
15377,G,359,1.8576
15377,H,899,4.6518
15377,I,456,2.3595
15377,J,1559,8.0669
15377,K,1143,5.9143
15377,L,468,2.4216
15377,M,1482,7.6684
15377,N,1355,7.0113
15377,O,269,1.3919
15377,P,90,0.4657
15377,Q,55,0.2846
15377,R,2137,11.0576
15377,S,854,4.4189
15377,T,194,1.0038
15377,U,107,0.5537
15377,V,11,0.0569
15377,W,36,0.1863
15377,X,22,0.1138
15377,Y,145,0.7503
15377,Z,4944,25.5821
15380,A,179,1.3312
15380,B,63,0.4685
15380,C,358,2.6623
15380,D,184,1.3683
15380,E,650,4.8338
15380,F,348,2.5879
15380,G,255,1.8963
15380,H,355,2.64
15380,I,1580,11.7498
15380,J,453,3.3688
15380,K,1595,11.8614
15380,L,215,1.5989
15380,M,556,4.1348
15380,N,608,4.5215
15380,O,186,1.3832
15380,P,9,0.0669
15380,Q,248,1.8443
15380,R,957,7.1168
15380,S,366,2.7218
15380,T,115,0.8552
15380,U,4,0.0297
15380,V,3,0.0223
15380,W,19,0.1413
15380,X,4,0.0297
15380,Y,64,0.4759
15380,Z,4073,30.2893
15401,A,96,0.6188
15401,B,146,0.941
15401,C,117,0.7541
15401,D,74,0.477
15401,E,533,3.4354
15401,F,126,0.8121
15401,G,491,3.1647
15401,H,286,1.8434
15401,I,4393,28.3145
15401,J,310,1.9981
15401,K,977,6.2971
15401,L,137,0.883
15401,M,447,2.8811
15401,N,603,3.8866
15401,O,203,1.3084
15401,P,108,0.6961
15401,Q,35,0.2256
15401,R,1798,11.5888
15401,S,212,1.3664
15401,T,101,0.651
15401,U,231,1.4889
15401,V,2,0.0129
15401,W,14,0.0902
15401,Y,6,0.0387
15401,Z,4069,26.2262
15403,A,270,0.8441
15403,B,716,2.2384
15403,C,218,0.6815
15403,D,223,0.6972
15403,E,2229,6.9685
15403,F,1274,3.9829
15403,G,795,2.4854
15403,H,706,2.2071
15403,I,8977,28.0645
15403,J,1179,3.6859
15403,K,3233,10.1072
15403,L,357,1.1161
15403,M,1440,4.5018
15403,N,1396,4.3643
15403,O,493,1.5413
15403,P,57,0.1782
15403,Q,119,0.372
15403,R,2732,8.541
15403,S,920,2.8762
15403,T,156,0.4877
15403,U,104,0.3251
15403,V,26,0.0813
15403,W,31,0.0969
15403,X,12,0.0375
15403,Y,23,0.0719
15403,Z,4301,13.4461
15407,A,2832,0.9919
15407,B,3243,1.1359
15407,C,2369,0.8298
15407,D,2574,0.9016
15407,E,11922,4.1758
15407,F,4672,1.6364
15407,G,5955,2.0858
15407,H,10288,3.6035
15407,I,32526,11.3925
15407,J,12937,4.5313
15407,K,22278,7.8031
15407,L,4886,1.7114
15407,M,13439,4.7071
15407,N,11999,4.2028
15407,O,3440,1.2049
15407,P,534,0.187
15407,Q,1896,0.6641
15407,R,34241,11.9932
15407,S,10766,3.7709
15407,T,1822,0.6382
15407,U,2915,1.021
15407,V,117,0.041
15407,W,731,0.256
15407,X,192,0.0672
15407,Y,401,0.1405
15407,Z,86528,30.3072
15425,A,346,1.0523
15425,B,429,1.3047
15425,C,225,0.6843
15425,D,314,0.955
15425,E,1554,4.7263
15425,F,611,1.8583
15425,G,650,1.9769
15425,H,1203,3.6588
15425,I,4574,13.9112
15425,J,1258,3.826
15425,K,3149,9.5773
15425,L,502,1.5268
15425,M,1959,5.958
15425,N,2459,7.4787
15425,O,510,1.5511
15425,P,22,0.0669
15425,Q,89,0.2707
15425,R,2382,7.2445
15425,S,904,2.7494
15425,T,170,0.517
15425,U,98,0.2981
15425,V,12,0.0365
15425,W,60,0.1825
15425,X,17,0.0517
15425,Y,542,1.6484
15425,Z,8841,26.8887
15442,A,561,1.2309
15442,B,419,0.9193
15442,C,622,1.3647
15442,D,442,0.9698
15442,E,1668,3.6597
15442,F,504,1.1058
15442,G,753,1.6521
15442,H,1142,2.5056
15442,I,5203,11.4156
15442,J,1607,3.5258
15442,K,3072,6.7401
15442,L,881,1.933
15442,M,1722,3.7781
15442,N,2567,5.6321
15442,O,638,1.3998
15442,P,106,0.2326
15442,Q,149,0.3269
15442,R,4875,10.6959
15442,S,1054,2.3125
15442,T,425,0.9325
15442,U,637,1.3976
15442,V,13,0.0285
15442,W,68,0.1492
15442,X,52,0.1141
15442,Y,1344,2.9488
15442,Z,15054,33.0291
15455,A,675,0.9211
15455,B,587,0.8011
15455,C,758,1.0344
15455,D,890,1.2146
15455,E,3183,4.3437
15455,F,1473,2.0102
15455,G,1226,1.6731
15455,H,2299,3.1374
15455,I,10346,14.1188
15455,J,2571,3.5086
15455,K,3629,4.9524
15455,L,1115,1.5216
15455,M,4043,5.5173
15455,N,3571,4.8732
15455,O,936,1.2773
15455,P,132,0.1801
15455,Q,395,0.539
15455,R,9462,12.9125
15455,S,3259,4.4474
15455,T,846,1.1545
15455,U,632,0.8625
15455,V,34,0.0464
15455,W,247,0.3371
15455,X,39,0.0532
15455,Y,103,0.1406
15455,Z,20827,28.4219
15464,A,249,0.6652
15464,B,246,0.6572
15464,C,433,1.1568
15464,D,280,0.7481
15464,E,1533,4.0956
15464,F,640,1.7099
15464,G,458,1.2236
15464,H,2123,5.6719
15464,I,4296,11.4774
15464,J,2035,5.4368
15464,K,3520,9.4042
15464,L,478,1.2771
15464,M,2546,6.802
15464,N,2287,6.1101
15464,O,504,1.3465
15464,P,212,0.5664
15464,Q,352,0.9404
15464,R,4363,11.6564
15464,S,1319,3.5239
15464,T,197,0.5263
15464,U,404,1.0793
15464,V,6,0.016
15464,W,23,0.0614
15464,X,3,0.008
15464,Y,38,0.1015
15464,Z,8885,23.7376
15466,A,553,0.8278
15466,B,389,0.5823
15466,C,1179,1.7649
15466,D,459,0.6871
15466,E,3561,5.3307
15466,F,1014,1.5179
15466,G,1016,1.5209
15466,H,1996,2.9879
15466,I,10444,15.6343
15466,J,3567,5.3397
15466,K,11612,17.3827
15466,L,1052,1.5748
15466,M,3089,4.6241
15466,N,2546,3.8113
15466,O,702,1.0509
15466,P,85,0.1272
15466,Q,367,0.5494
15466,R,7578,11.344
15466,S,2430,3.6376
15466,T,455,0.6811
15466,U,1187,1.7769
15466,V,12,0.018
15466,W,84,0.1257
15466,X,62,0.0928
15466,Y,86,0.1287
15466,Z,11277,16.8812
15469,A,10836,1.6339
15469,B,12057,1.818
15469,C,7542,1.1372
15469,D,6161,0.929
15469,E,38580,5.8171
15469,F,13397,2.02
15469,G,16604,2.5036
15469,H,20888,3.1495
15469,I,104409,15.7429
15469,J,32256,4.8636
15469,K,64676,9.7519
15469,L,10824,1.632
15469,M,38438,5.7957
15469,N,35788,5.3961
15469,O,6366,0.9599
15469,P,868,0.1309
15469,Q,3093,0.4664
15469,R,77002,11.6104
15469,S,18664,2.8142
15469,T,4626,0.6975
15469,U,5828,0.8787
15469,V,100,0.0151
15469,W,1180,0.1779
15469,X,216,0.0326
15469,Y,478,0.0721
15469,Z,132338,19.954
15476,A,289,0.4676
15476,B,206,0.3333
15476,C,622,1.0064
15476,D,321,0.5194
15476,E,1415,2.2894
15476,F,1238,2.003
15476,G,529,0.8559
15476,H,1795,2.9042
15476,I,7980,12.9112
15476,J,1943,3.1437
15476,K,3333,5.3926
15476,L,503,0.8138
15476,M,1357,2.1955
15476,N,1276,2.0645
15476,O,529,0.8559
15476,P,120,0.1942
15476,Q,283,0.4579
15476,R,3049,4.9331
15476,S,1047,1.694
15476,T,177,0.2864
15476,U,1406,2.2748
15476,V,3,0.0049
15476,W,53,0.0858
15476,X,28,0.0453
15476,Y,2741,4.4348
15476,Z,29564,47.8328
15480,A,1300,1.3684
15480,B,1447,1.5232
15480,C,854,0.899
15480,D,886,0.9327
15480,E,5421,5.7064
15480,F,926,0.9748
15480,G,1777,1.8706
15480,H,3265,3.4369
15480,I,11153,11.7402
15480,J,4679,4.9254
15480,K,7864,8.2781
15480,L,1897,1.9969
15480,M,5094,5.3622
15480,N,4635,4.8791
15480,O,1203,1.2663
15480,P,175,0.1842
15480,Q,196,0.2063
15480,R,13386,14.0908
15480,S,3550,3.7369
15480,T,688,0.7242
15480,U,1396,1.4695
15480,V,6,0.0063
15480,W,158,0.1663
15480,X,56,0.0589
15480,Y,743,0.7821
15480,Z,22243,23.4142
15491,A,463,0.7638
15491,B,717,1.1829
15491,C,857,1.4138
15491,D,600,0.9898
15491,E,3162,5.2164
15491,F,1174,1.9368
15491,G,1865,3.0767
15491,H,4155,6.8546
15491,I,7052,11.6339
15491,J,2738,4.517
15491,K,7726,12.7458
15491,L,1072,1.7685
15491,M,4686,7.7306
15491,N,4623,7.6267
15491,O,339,0.5593
15491,P,78,0.1287
15491,Q,245,0.4042
15491,R,7684,12.6765
15491,S,2149,3.5453
15491,T,394,0.65
15491,U,151,0.2491
15491,V,11,0.0181
15491,W,60,0.099
15491,X,16,0.0264
15491,Y,242,0.3992
15491,Z,8357,13.7868
15494,A,129,0.331
15494,B,214,0.5492
15494,C,349,0.8956
15494,D,346,0.8879
15494,E,1657,4.2523
15494,F,837,2.148
15494,G,791,2.0299
15494,H,1192,3.059
15494,I,10084,25.8783
15494,J,1754,4.5012
15494,K,2457,6.3053
15494,L,574,1.473
15494,M,1285,3.2977
15494,N,2805,7.1984
15494,O,478,1.2267
15494,P,32,0.0821
15494,Q,206,0.5287
15494,R,2995,7.686
15494,S,854,2.1916
15494,T,205,0.5261
15494,U,89,0.2284
15494,V,3,0.0077
15494,W,54,0.1386
15494,X,52,0.1334
15494,Y,1239,3.1796
15494,Z,8286,21.2641
15500,A,318,1.0714
15500,B,225,0.758
15500,C,455,1.5329
15500,D,324,1.0916
15500,E,1522,5.1277
15500,F,492,1.6576
15500,G,570,1.9204
15500,H,1588,5.35
15500,I,5050,17.0137
15500,J,1588,5.35
15500,K,2829,9.531
15500,L,505,1.7014
15500,M,1391,4.6863
15500,N,1726,5.815
15500,O,473,1.5936
15500,P,101,0.3403
15500,Q,247,0.8322
15500,R,3220,10.8483
15500,S,1019,3.4331
15500,T,183,0.6165
15500,U,937,3.1568
15500,V,11,0.0371
15500,W,68,0.2291
15500,X,17,0.0573
15500,Y,258,0.8692
15500,Z,4565,15.3797
15507,A,486,1.1833
15507,B,551,1.3415
15507,C,479,1.1662
15507,D,255,0.6209
15507,E,1615,3.9321
15507,F,824,2.0062
15507,G,816,1.9868
15507,H,1474,3.5888
15507,I,6733,16.3932
15507,J,2095,5.1008
15507,K,2262,5.5074
15507,L,752,1.8309
15507,M,1902,4.6309
15507,N,2555,6.2208
15507,O,787,1.9161
15507,P,96,0.2337
15507,Q,128,0.3116
15507,R,4131,10.0579
15507,S,1524,3.7106
15507,T,492,1.1979
15507,U,671,1.6337
15507,V,2,0.0049
15507,W,91,0.2216
15507,X,49,0.1193
15507,Y,356,0.8668
15507,Z,9946,24.216
15511,A,303,1.2423
15511,B,105,0.4305
15511,C,297,1.2177
15511,D,228,0.9348
15511,E,973,3.9892
15511,F,625,2.5624
15511,G,386,1.5826
15511,H,349,1.4309
15511,I,6377,26.1449
15511,J,1141,4.678
15511,K,3984,16.3339
15511,L,307,1.2587
15511,M,1269,5.2027
15511,N,929,3.8088
15511,O,276,1.1316
15511,P,23,0.0943
15511,Q,124,0.5084
15511,R,1214,4.9772
15511,S,698,2.8617
15511,T,117,0.4797
15511,U,152,0.6232
15511,V,6,0.0246
15511,W,25,0.1025
15511,X,5,0.0205
15511,Y,189,0.7749
15511,Z,4289,17.5844
15514,A,355,1.0956
15514,B,654,2.0184
15514,C,543,1.6758
15514,D,405,1.2499
15514,E,1081,3.3362
15514,F,488,1.5061
15514,G,666,2.0554
15514,H,1172,3.6171
15514,I,4211,12.9961
15514,J,1146,3.5368
15514,K,2706,8.3513
15514,L,553,1.7067
15514,M,1262,3.8948
15514,N,1379,4.2559
15514,O,511,1.5771
15514,P,16,0.0494
15514,Q,144,0.4444
15514,R,6978,21.5357
15514,S,1371,4.2312
15514,T,292,0.9012
15514,U,422,1.3024
15514,V,10,0.0309
15514,W,108,0.3333
15514,X,38,0.1173
15514,Y,443,1.3672
15514,Z,5448,16.8138
15516,A,12102,1.4289
15516,B,9612,1.1349
15516,C,8928,1.0541
15516,D,7498,0.8853
15516,E,43006,5.0776
15516,F,19090,2.2539
15516,G,18004,2.1257
15516,H,37586,4.4377
15516,I,96417,11.3837
15516,J,45090,5.3237
15516,K,68225,8.0552
15516,L,15490,1.8289
15516,M,46006,5.4318
15516,N,36631,4.3249
15516,O,8080,0.954
15516,P,1548,0.1828
15516,Q,4547,0.5369
15516,R,122619,14.4774
15516,S,24247,2.8628
15516,T,5510,0.6506
15516,U,21101,2.4913
15516,V,151,0.0178
15516,W,1451,0.1713
15516,X,200,0.0236
15516,Y,984,0.1162
15516,Z,192848,22.7691
15518,A,147,0.7757
15518,B,242,1.277
15518,C,266,1.4036
15518,D,184,0.9709
15518,E,1082,5.7095
15518,F,285,1.5039
15518,G,347,1.831
15518,H,700,3.6937
15518,I,2172,11.4611
15518,J,688,3.6304
15518,K,1256,6.6276
15518,L,452,2.3851
15518,M,811,4.2795
15518,N,742,3.9154
15518,O,254,1.3403
15518,P,68,0.3588
15518,Q,57,0.3008
15518,R,2392,12.622
15518,S,838,4.4219
15518,T,156,0.8232
15518,U,522,2.7545
15518,V,10,0.0528
15518,W,42,0.2216
15518,X,16,0.0844
15518,Y,50,0.2638
15518,Z,5172,27.2914
15522,A,61,0.4566
15522,B,131,0.9806
15522,C,154,1.1528
15522,D,88,0.6587
15522,E,1214,9.0875
15522,F,312,2.3355
15522,G,279,2.0885
15522,H,379,2.837
15522,I,2899,21.7007
15522,J,567,4.2443
15522,K,1839,13.766
15522,L,171,1.28
15522,M,507,3.7952
15522,N,855,6.4002
15522,O,118,0.8833
15522,P,9,0.0674
15522,Q,41,0.3069
15522,R,804,6.0184
15522,S,416,3.114
15522,T,96,0.7186
15522,U,38,0.2845
15522,W,19,0.1422
15522,X,9,0.0674
15522,Y,242,1.8115
15522,Z,2111,15.8021
15531,A,503,0.8909
15531,B,403,0.7138
15531,C,525,0.9299
15531,D,445,0.7882
15531,E,2612,4.6264
15531,F,1259,2.2299
15531,G,1616,2.8623
15531,H,1825,3.2324
15531,I,12980,22.9901
15531,J,1834,3.2484
15531,K,4914,8.7037
15531,L,871,1.5427
15531,M,2583,4.575
15531,N,2299,4.072
15531,O,670,1.1867
15531,P,115,0.2037
15531,Q,128,0.2267
15531,R,4703,8.3299
15531,S,1359,2.4071
15531,T,391,0.6925
15531,U,278,0.4924
15531,W,60,0.1063
15531,X,24,0.0425
15531,Y,92,0.163
15531,Z,13970,24.7436
15533,A,15,0.6667
15533,B,35,1.5556
15533,C,25,1.1111
15533,D,24,1.0667
15533,E,166,7.3778
15533,F,27,1.2
15533,G,41,1.8222
15533,H,75,3.3333
15533,I,223,9.9111
15533,J,114,5.0667
15533,K,436,19.3778
15533,L,71,3.1556
15533,M,74,3.2889
15533,N,65,2.8889
15533,O,42,1.8667
15533,P,2,0.0889
15533,Q,5,0.2222
15533,R,139,6.1778
15533,S,85,3.7778
15533,T,12,0.5333
15533,U,2,0.0889
15533,V,2,0.0889
15533,W,9,0.4
15533,X,4,0.1778
15533,Z,557,24.7556
15537,A,102,0.4818
15537,B,104,0.4913
15537,C,149,0.7039
15537,D,82,0.3874
15537,E,581,2.7446
15537,F,215,1.0156
15537,G,195,0.9212
15537,H,534,2.5226
15537,I,10984,51.8872
15537,J,492,2.3242
15537,K,902,4.2609
15537,L,234,1.1054
15537,M,1032,4.8751
15537,N,907,4.2846
15537,O,132,0.6236
15537,P,9,0.0425
15537,Q,81,0.3826
15537,R,661,3.1225
15537,S,652,3.08
15537,T,78,0.3685
15537,U,728,3.439
15537,W,26,0.1228
15537,X,1,0.0047
15537,Y,46,0.2173
15537,Z,2242,10.591
15542,A,514,1.5026
15542,B,153,0.4473
15542,C,254,0.7425
15542,D,164,0.4794
15542,E,1809,5.2884
15542,F,396,1.1577
15542,G,297,0.8682
15542,H,688,2.0113
15542,I,2566,7.5014
15542,J,1341,3.9203
15542,K,4083,11.9362
15542,L,595,1.7394
15542,M,1477,4.3178
15542,N,1033,3.0198
15542,O,228,0.6665
15542,P,8,0.0234
15542,Q,215,0.6285
15542,R,1436,4.198
15542,S,871,2.5463
15542,T,148,0.4327
15542,U,517,1.5114
15542,V,11,0.0322
15542,W,47,0.1374
15542,X,6,0.0175
15542,Y,70,0.2046
15542,Z,15280,44.6692
15550,A,21,0.6082
15550,B,75,2.172
15550,C,24,0.695
15550,D,16,0.4634
15550,E,120,3.4752
15550,F,46,1.3322
15550,G,49,1.4191
15550,H,96,2.7802
15550,I,27,0.7819
15550,J,157,4.5468
15550,K,325,9.4121
15550,L,54,1.5639
15550,M,119,3.4463
15550,N,139,4.0255
15550,O,60,1.7376
15550,P,1,0.029
15550,Q,9,0.2606
15550,R,464,13.4376
15550,S,146,4.2282
15550,T,26,0.753
15550,U,38,1.1005
15550,V,1,0.029
15550,W,5,0.1448
15550,X,7,0.2027
15550,Y,24,0.695
15550,Z,1404,40.6603
15572,A,3045,1.1061
15572,B,13118,4.7651
15572,C,2132,0.7745
15572,D,2582,0.9379
15572,E,11643,4.2293
15572,F,5260,1.9107
15572,G,4322,1.57
15572,H,8020,2.9133
15572,I,27555,10.0094
15572,J,8440,3.0658
15572,K,20873,7.5822
15572,L,3711,1.348
15572,M,17286,6.2792
15572,N,12154,4.415
15572,O,4724,1.716
15572,P,548,0.1991
15572,Q,763,0.2772
15572,R,34539,12.5464
15572,S,11812,4.2907
15572,T,2182,0.7926
15572,U,1536,0.558
15572,V,168,0.061
15572,W,668,0.2427
15572,X,210,0.0763
15572,Y,290,0.1053
15572,Z,77710,28.2283
15580,A,1085,2.017
15580,B,674,1.253
15580,C,944,1.7549
15580,D,486,0.9035
15580,E,1973,3.6678
15580,F,794,1.4761
15580,G,1098,2.0412
15580,H,1768,3.2867
15580,I,5358,9.9606
15580,J,2703,5.0249
15580,K,3601,6.6943
15580,L,854,1.5876
15580,M,2370,4.4059
15580,N,3475,6.4601
15580,O,571,1.0615
15580,P,108,0.2008
15580,Q,101,0.1878
15580,R,4270,7.938
15580,S,1753,3.2588
15580,T,543,1.0094
15580,U,1123,2.0877
15580,V,2,0.0037
15580,W,110,0.2045
15580,X,84,0.1562
15580,Y,500,0.9295
15580,Z,17444,32.4286
15599,A,2235,1.3419
15599,B,1726,1.0363
15599,C,1807,1.0849
15599,D,1704,1.0231
15599,E,7068,4.2437
15599,F,4021,2.4142
15599,G,3744,2.2479
15599,H,4467,2.682
15599,I,19638,11.7908
15599,J,8739,5.2469
15599,K,11849,7.1142
15599,L,3704,2.2239
15599,M,9662,5.8011
15599,N,6638,3.9855
15599,O,2548,1.5298
15599,P,356,0.2137
15599,Q,783,0.4701
15599,R,18365,11.0265
15599,S,5478,3.289
15599,T,1600,0.9606
15599,U,3886,2.3332
15599,V,58,0.0348
15599,W,393,0.236
15599,X,62,0.0372
15599,Y,2334,1.4013
15599,Z,43689,26.2311
15600,A,1050,1.7176
15600,B,683,1.1173
15600,C,747,1.2219
15600,D,567,0.9275
15600,E,2655,4.3431
15600,F,745,1.2187
15600,G,1800,2.9444
15600,H,2114,3.4581
15600,I,8794,14.3853
15600,J,3043,4.9778
15600,K,3555,5.8153
15600,L,1184,1.9368
15600,M,2951,4.8273
15600,N,3222,5.2706
15600,O,1405,2.2983
15600,P,165,0.2699
15600,Q,301,0.4924
15600,R,6655,10.8863
15600,S,2473,4.0453
15600,T,584,0.9553
15600,U,132,0.2159
15600,V,7,0.0115
15600,W,183,0.2994
15600,X,25,0.0409
15600,Y,2025,3.3125
15600,Z,14067,23.0109
15621,A,90,0.5558
15621,B,107,0.6607
15621,C,164,1.0127
15621,D,96,0.5928
15621,E,956,5.9034
15621,F,272,1.6796
15621,G,365,2.2539
15621,H,433,2.6738
15621,I,6272,38.7304
15621,J,476,2.9394
15621,K,615,3.7977
15621,L,215,1.3277
15621,M,415,2.5627
15621,N,640,3.9521
15621,O,148,0.9139
15621,P,18,0.1112
15621,Q,42,0.2594
15621,R,1086,6.7062
15621,S,280,1.729
15621,T,79,0.4878
15621,U,76,0.4693
15621,V,6,0.0371
15621,W,25,0.1544
15621,X,5,0.0309
15621,Y,37,0.2285
15621,Z,3276,20.2297
15632,A,1020,0.9677
15632,B,594,0.5635
15632,C,968,0.9184
15632,D,785,0.7448
15632,E,4807,4.5605
15632,F,2008,1.9051
15632,G,2819,2.6745
15632,H,3824,3.6279
15632,I,17802,16.8893
15632,J,4694,4.4533
15632,K,8150,7.7322
15632,L,1415,1.3425
15632,M,4271,4.052
15632,N,3628,3.442
15632,O,1294,1.2277
15632,P,120,0.1138
15632,Q,505,0.4791
15632,R,9555,9.0651
15632,S,1949,1.8491
15632,T,806,0.7647
15632,U,1443,1.369
15632,V,18,0.0171
15632,W,171,0.1622
15632,X,63,0.0598
15632,Y,463,0.4393
15632,Z,32232,30.5795
15638,A,376,1.6135
15638,B,205,0.8797
15638,C,196,0.8411
15638,D,149,0.6394
15638,E,821,3.5232
15638,F,241,1.0342
15638,G,397,1.7036
15638,H,735,3.1541
15638,I,2458,10.548
15638,J,960,4.1196
15638,K,3870,16.6073
15638,L,302,1.296
15638,M,833,3.5746
15638,N,1124,4.8234
15638,O,531,2.2787
15638,P,38,0.1631
15638,Q,100,0.4291
15638,R,2253,9.6683
15638,S,867,3.7206
15638,T,126,0.5407
15638,U,78,0.3347
15638,V,17,0.073
15638,W,35,0.1502
15638,X,11,0.0472
15638,Y,1127,4.8363
15638,Z,5453,23.4004
15646,A,2517,0.9292
15646,B,1805,0.6663
15646,C,1704,0.629
15646,D,2129,0.7859
15646,E,14862,5.4864
15646,F,2905,1.0724
15646,G,4214,1.5556
15646,H,9565,3.531
15646,I,13395,4.9448
15646,J,17046,6.2926
15646,K,31734,11.7148
15646,L,4613,1.7029
15646,M,18230,6.7297
15646,N,9692,3.5779
15646,O,4007,1.4792
15646,P,520,0.192
15646,Q,1106,0.4083
15646,R,21045,7.7689
15646,S,11882,4.3863
15646,T,1869,0.69
15646,U,3673,1.3559
15646,V,73,0.0269
15646,W,524,0.1934
15646,X,139,0.0513
15646,Y,1694,0.6254
15646,Z,89945,33.2038
15660,A,60,0.8296
15660,B,49,0.6775
15660,C,238,3.2909
15660,D,73,1.0094
15660,E,254,3.5122
15660,F,163,2.2539
15660,G,144,1.9912
15660,H,265,3.6643
15660,I,954,13.1914
15660,J,124,1.7146
15660,K,648,8.9602
15660,L,208,2.8761
15660,M,439,6.0702
15660,N,317,4.3833
15660,O,140,1.9358
15660,P,8,0.1106
15660,Q,54,0.7467
15660,R,808,11.1726
15660,S,357,4.9364
15660,T,53,0.7329
15660,U,169,2.3368
15660,W,6,0.083
15660,X,23,0.318
15660,Y,29,0.401
15660,Z,1649,22.8014
15664,A,311,0.9248
15664,B,274,0.8147
15664,C,368,1.0943
15664,D,289,0.8594
15664,E,1581,4.7012
15664,F,700,2.0815
15664,G,594,1.7663
15664,H,1069,3.1787
15664,I,4844,14.4038
15664,J,1489,4.4276
15664,K,5254,15.623
15664,L,583,1.7336
15664,M,1430,4.2522
15664,N,1882,5.5962
15664,O,447,1.3292
15664,P,13,0.0387
15664,Q,109,0.3241
15664,R,3721,11.0645
15664,S,1235,3.6723
15664,T,260,0.7731
15664,U,110,0.3271
15664,V,10,0.0297
15664,W,79,0.2349
15664,X,40,0.1189
15664,Y,96,0.2855
15664,Z,6842,20.3449
15667,A,702,1.4395
15667,B,468,0.9596
15667,C,524,1.0745
15667,D,529,1.0847
15667,E,2149,4.4066
15667,F,841,1.7245
15667,G,847,1.7368
15667,H,855,1.7532
15667,I,5021,10.2957
15667,J,1164,2.3868
15667,K,3164,6.4879
15667,L,777,1.5933
15667,M,1495,3.0655
15667,N,2094,4.2938
15667,O,791,1.622
15667,P,63,0.1292
15667,Q,143,0.2932
15667,R,4063,8.3313
15667,S,1221,2.5037
15667,T,377,0.773
15667,U,187,0.3834
15667,V,11,0.0226
15667,W,52,0.1066
15667,X,91,0.1866
15667,Y,133,0.2727
15667,Z,21006,43.0733
15673,A,204,0.5391
15673,B,455,1.2023
15673,C,529,1.3978
15673,D,342,0.9037
15673,E,2520,6.6589
15673,F,838,2.2144
15673,G,783,2.069
15673,H,1187,3.1366
15673,I,11492,30.3668
15673,J,1640,4.3336
15673,K,3067,8.1043
15673,L,487,1.2869
15673,M,1389,3.6703
15673,N,1983,5.2399
15673,O,444,1.1732
15673,P,33,0.0872
15673,Q,217,0.5734
15673,R,2570,6.791
15673,S,1121,2.9622
15673,T,219,0.5787
15673,U,114,0.3012
15673,V,15,0.0396
15673,W,47,0.1242
15673,X,23,0.0608
15673,Y,24,0.0634
15673,Z,6101,16.1214
15676,A,240,1.0837
15676,B,285,1.2869
15676,C,309,1.3952
15676,D,254,1.1469
15676,E,1064,4.8043
15676,F,429,1.9371
15676,G,687,3.102
15676,H,880,3.9735
15676,I,4319,19.5015
15676,J,1206,5.4454
15676,K,1789,8.0778
15676,L,365,1.6481
15676,M,1145,5.17
15676,N,995,4.4927
15676,O,254,1.1469
15676,P,17,0.0768
15676,Q,55,0.2483
15676,R,2411,10.8864
15676,S,763,3.4452
15676,T,190,0.8579
15676,U,93,0.4199
15676,V,3,0.0135
15676,W,38,0.1716
15676,X,19,0.0858
15676,Y,89,0.4019
15676,Z,4248,19.1809
15681,A,407,0.8102
15681,B,498,0.9914
15681,C,408,0.8122
15681,D,370,0.7366
15681,E,1709,3.4022
15681,F,674,1.3418
15681,G,750,1.4931
15681,H,1162,2.3133
15681,I,12229,24.345
15681,J,1584,3.1534
15681,K,3970,7.9033
15681,L,778,1.5488
15681,M,1685,3.3544
15681,N,2090,4.1607
15681,O,661,1.3159
15681,P,96,0.1911
15681,Q,159,0.3165
15681,R,2875,5.7234
15681,S,1228,2.4447
15681,T,480,0.9556
15681,U,241,0.4798
15681,V,11,0.0219
15681,W,79,0.1573
15681,X,89,0.1772
15681,Y,136,0.2707
15681,Z,15863,31.5795
15686,A,709,1.8988
15686,B,406,1.0873
15686,C,257,0.6883
15686,D,303,0.8115
15686,E,2332,6.2455
15686,F,512,1.3712
15686,G,992,2.6567
15686,H,1243,3.329
15686,I,6017,16.1145
15686,J,1579,4.2288
15686,K,2472,6.6204
15686,L,504,1.3498
15686,M,1626,4.3547
15686,N,2708,7.2525
15686,O,584,1.564
15686,P,78,0.2089
15686,Q,170,0.4553
15686,R,3257,8.7228
15686,S,1153,3.0879
15686,T,289,0.774
15686,U,89,0.2384
15686,V,18,0.0482
15686,W,31,0.083
15686,X,19,0.0509
15686,Y,426,1.1409
15686,Z,9565,25.6166
15690,A,237,1.1946
15690,B,160,0.8065
15690,C,409,2.0615
15690,D,225,1.1341
15690,E,912,4.5968
15690,F,449,2.2631
15690,G,299,1.5071
15690,H,420,2.1169
15690,I,2259,11.3861
15690,J,680,3.4274
15690,K,1763,8.8861
15690,L,310,1.5625
15690,M,623,3.1401
15690,N,826,4.1633
15690,O,328,1.6532
15690,P,47,0.2369
15690,Q,71,0.3579
15690,R,1818,9.1633
15690,S,747,3.7651
15690,T,189,0.9526
15690,U,162,0.8165
15690,V,12,0.0605
15690,W,49,0.247
15690,X,20,0.1008
15690,Y,73,0.3679
15690,Z,6752,34.0323
15693,A,1286,2.0689
15693,B,843,1.3562
15693,C,649,1.0441
15693,D,419,0.6741
15693,E,4881,7.8523
15693,F,1303,2.0962
15693,G,878,1.4125
15693,H,2787,4.4836
15693,I,14026,22.5644
15693,J,2507,4.0331
15693,K,3088,4.9678
15693,L,971,1.5621
15693,M,4417,7.1059
15693,N,2677,4.3066
15693,O,363,0.584
15693,P,98,0.1577
15693,Q,279,0.4488
15693,R,4730,7.6094
15693,S,1746,2.8089
15693,T,687,1.1052
15693,U,1093,1.7584
15693,V,15,0.0241
15693,W,64,0.103
15693,X,15,0.0241
15693,Y,33,0.0531
15693,Z,12305,19.7957
15696,A,135,0.8051
15696,B,62,0.3698
15696,C,314,1.8726
15696,D,181,1.0794
15696,E,577,3.4411
15696,F,256,1.5267
15696,G,317,1.8905
15696,H,436,2.6002
15696,I,4116,24.5468
15696,J,720,4.2939
15696,K,1757,10.4783
15696,L,383,2.2841
15696,M,607,3.62
15696,N,915,5.4568
15696,O,258,1.5386
15696,P,39,0.2326
15696,Q,76,0.4532
15696,R,1456,8.6832
15696,S,684,4.0792
15696,T,112,0.6679
15696,U,96,0.5725
15696,V,7,0.0417
15696,W,26,0.1551
15696,X,2,0.0119
15696,Y,70,0.4175
15696,Z,3166,18.8812
15720,A,168,0.6944
15720,B,206,0.8515
15720,C,385,1.5913
15720,D,142,0.5869
15720,E,999,4.1291
15720,F,598,2.4717
15720,G,669,2.7651
15720,H,606,2.5048
15720,I,6400,26.4528
15720,J,1398,5.7783
15720,K,2604,10.763
15720,L,256,1.0581
15720,M,1023,4.2283
15720,N,953,3.939
15720,O,207,0.8556
15720,P,13,0.0537
15720,Q,64,0.2645
15720,R,2161,8.932
15720,S,771,3.1867
15720,T,103,0.4257
15720,U,429,1.7732
15720,W,36,0.1488
15720,X,16,0.0661
15720,Y,21,0.0868
15720,Z,3966,16.3925
15723,A,87,0.885
15723,B,39,0.3967
15723,C,209,2.1259
15723,D,165,1.6784
15723,E,901,9.1649
15723,F,362,3.6822
15723,G,184,1.8716
15723,H,215,2.187
15723,I,2813,28.6136
15723,J,548,5.5742
15723,K,937,9.5311
15723,L,142,1.4444
15723,M,382,3.8857
15723,N,423,4.3027
15723,O,71,0.7222
15723,P,4,0.0407
15723,Q,38,0.3865
15723,R,552,5.6149
15723,S,344,3.4991
15723,T,56,0.5696
15723,U,14,0.1424
15723,W,20,0.2034
15723,Y,9,0.0915
15723,Z,1316,13.3862
15740,A,505,1.2637
15740,B,328,0.8208
15740,C,559,1.3989
15740,D,319,0.7983
15740,E,1031,2.58
15740,F,642,1.6066
15740,G,689,1.7242
15740,H,1291,3.2306
15740,I,3025,7.5699
15740,J,1816,4.5444
15740,K,2366,5.9208
15740,L,544,1.3613
15740,M,2319,5.8032
15740,N,1679,4.2016
15740,O,626,1.5665
15740,P,90,0.2252
15740,Q,287,0.7182
15740,R,4158,10.4051
15740,S,1447,3.621
15740,T,441,1.1036
15740,U,565,1.4139
15740,V,6,0.015
15740,W,69,0.1727
15740,X,10,0.025
15740,Y,78,0.1952
15740,Z,15071,37.7143
15753,A,1412,1.8999
15753,B,1161,1.5622
15753,C,833,1.1208
15753,D,1042,1.402
15753,E,7129,9.5923
15753,F,2147,2.8889
15753,G,1839,2.4744
15753,H,3473,4.673
15753,I,10968,14.7578
15753,J,4572,6.1518
15753,K,5874,7.9037
15753,L,1434,1.9295
15753,M,5751,7.7382
15753,N,3824,5.1453
15753,O,802,1.0791
15753,P,172,0.2314
15753,Q,303,0.4077
15753,R,8311,11.1827
15753,S,2247,3.0234
15753,T,539,0.7252
15753,U,9,0.0121
15753,V,5,0.0067
15753,W,137,0.1843
15753,X,26,0.035
15753,Y,32,0.0431
15753,Z,10278,13.8294
15755,A,270,0.6638
15755,B,294,0.7228
15755,C,593,1.4578
15755,D,473,1.1628
15755,E,2215,5.4453
15755,F,589,1.448
15755,G,970,2.3846
15755,H,1274,3.132
15755,I,7307,17.9635
15755,J,2210,5.433
15755,K,3859,9.4869
15755,L,611,1.5021
15755,M,1822,4.4792
15755,N,1668,4.1006
15755,O,659,1.6201
15755,P,127,0.3122
15755,Q,187,0.4597
15755,R,3001,7.3776
15755,S,2173,5.3421
15755,T,330,0.8113
15755,U,456,1.121
15755,V,5,0.0123
15755,W,57,0.1401
15755,X,8,0.0197
15755,Y,174,0.4278
15755,Z,9345,22.9737
15757,A,613,1.5296
15757,B,379,0.9457
15757,C,577,1.4398
15757,D,215,0.5365
15757,E,2639,6.585
15757,F,682,1.7018
15757,G,794,1.9812
15757,H,1511,3.7703
15757,I,5643,14.0807
15757,J,2745,6.8495
15757,K,3432,8.5637
15757,L,793,1.9787
15757,M,3433,8.5662
15757,N,1454,3.6281
15757,O,654,1.6319
15757,P,132,0.3294
15757,Q,241,0.6014
15757,R,2367,5.9063
15757,S,2983,7.4434
15757,T,474,1.1828
15757,U,603,1.5046
15757,V,7,0.0175
15757,W,49,0.1223
15757,X,18,0.0449
15757,Y,182,0.4541
15757,Z,7456,18.6047
15759,A,21769,0.9748
15759,B,26742,1.1975
15759,C,24612,1.1021
15759,D,16892,0.7564
15759,E,96715,4.3307
15759,F,41635,1.8643
15759,G,57193,2.561
15759,H,110328,4.9403
15759,I,358946,16.0729
15759,J,93026,4.1655
15759,K,266096,11.9152
15759,L,40060,1.7938
15759,M,138448,6.1994
15759,N,196807,8.8126
15759,O,12460,0.5579
15759,P,1402,0.0628
15759,Q,10098,0.4522
15759,R,309693,13.8674
15759,S,65358,2.9266
15759,T,16949,0.7589
15759,U,24786,1.1099
15759,V,636,0.0285
15759,W,2859,0.128
15759,X,432,0.0193
15759,Y,3588,0.1607
15759,Z,295713,13.2414
15761,A,121,1.2438
15761,B,48,0.4934
15761,C,155,1.5933
15761,D,114,1.1719
15761,E,409,4.2044
15761,F,288,2.9605
15761,G,221,2.2718
15761,H,238,2.4465
15761,I,3139,32.2677
15761,J,333,3.4231
15761,K,589,6.0547
15761,L,157,1.6139
15761,M,428,4.3997
15761,N,266,2.7344
15761,O,71,0.7299
15761,P,19,0.1953
15761,Q,15,0.1542
15761,R,847,8.7068
15761,S,338,3.4745
15761,T,94,0.9663
15761,U,84,0.8635
15761,V,2,0.0206
15761,W,23,0.2364
15761,X,1,0.0103
15761,Y,17,0.1748
15761,Z,1711,17.5884
15762,A,204,1.5587
15762,B,90,0.6877
15762,C,193,1.4746
15762,D,203,1.551
15762,E,426,3.2549
15762,F,275,2.1012
15762,G,238,1.8185
15762,H,532,4.0648
15762,I,1451,11.0865
15762,J,1007,7.6941
15762,K,2836,21.6687
15762,L,214,1.6351
15762,M,460,3.5147
15762,N,492,3.7592
15762,O,170,1.2989
15762,P,15,0.1146
15762,Q,69,0.5272
15762,R,1137,8.6873
15762,S,388,2.9645
15762,T,110,0.8405
15762,U,9,0.0688
15762,W,9,0.0688
15762,X,6,0.0458
15762,Y,9,0.0688
15762,Z,2545,19.4453
15763,A,226,0.8444
15763,B,193,0.7211
15763,C,344,1.2852
15763,D,347,1.2964
15763,E,1720,6.4261
15763,F,556,2.0773
15763,G,554,2.0698
15763,H,1417,5.294
15763,I,5962,22.2745
15763,J,1632,6.0973
15763,K,1646,6.1496
15763,L,522,1.9502
15763,M,1442,5.3874
15763,N,937,3.5007
15763,O,273,1.02
15763,P,22,0.0822
15763,Q,135,0.5044
15763,R,2413,9.0152
15763,S,903,3.3737
15763,T,164,0.6127
15763,U,226,0.8444
15763,V,40,0.1494
15763,W,38,0.142
15763,X,7,0.0262
15763,Y,453,1.6924
15763,Z,4594,17.1636
15764,A,90,0.5687
15764,B,151,0.9542
15764,C,136,0.8594
15764,D,109,0.6888
15764,E,336,2.1232
15764,F,310,1.9589
15764,G,135,0.8531
15764,H,676,4.2717
15764,I,2910,18.3886
15764,J,881,5.5671
15764,K,2459,15.5387
15764,L,178,1.1248
15764,M,805,5.0869
15764,N,820,5.1817
15764,O,275,1.7378
15764,P,36,0.2275
15764,Q,141,0.891
15764,R,1518,9.5924
15764,S,454,2.8689
15764,T,145,0.9163
15764,U,147,0.9289
15764,V,6,0.0379
15764,W,32,0.2022
15764,X,2,0.0126
15764,Y,337,2.1295
15764,Z,2736,17.2891
15774,A,36,0.7051
15774,B,32,0.6267
15774,C,81,1.5864
15774,D,34,0.6659
15774,E,491,9.6161
15774,F,150,2.9377
15774,G,168,3.2902
15774,H,147,2.879
15774,I,982,19.2323
15774,J,172,3.3686
15774,K,1048,20.5249
15774,L,86,1.6843
15774,M,203,3.9757
15774,N,388,7.5989
15774,O,34,0.6659
15774,P,1,0.0196
15774,Q,28,0.5484
15774,R,388,7.5989
15774,S,121,2.3698
15774,T,34,0.6659
15774,V,1,0.0196
15774,W,6,0.1175
15774,Y,7,0.1371
15774,Z,468,9.1657
15776,A,303,0.8633
15776,B,308,0.8775
15776,C,429,1.2223
15776,D,281,0.8006
15776,E,1393,3.9688
15776,F,539,1.5357
15776,G,691,1.9687
15776,H,944,2.6895
15776,I,10197,29.0521
15776,J,1072,3.0542
15776,K,2360,6.7238
15776,L,317,0.9032
15776,M,1437,4.0941
15776,N,1261,3.5927
15776,O,515,1.4673
15776,P,40,0.114
15776,Q,144,0.4103
15776,R,3550,10.1142
15776,S,817,2.3277
15776,T,186,0.5299
15776,U,194,0.5527
15776,V,17,0.0484
15776,W,32,0.0912
15776,X,10,0.0285
15776,Y,378,1.077
15776,Z,7684,21.8924
15778,A,32,0.2827
15778,B,73,0.6448
15778,C,96,0.848
15778,D,64,0.5653
15778,E,622,5.4942
15778,F,238,2.1023
15778,G,152,1.3426
15778,H,254,2.2436
15778,I,4286,37.8588
15778,J,192,1.696
15778,K,588,5.1939
15778,L,147,1.2985
15778,M,561,4.9554
15778,N,293,2.5881
15778,O,117,1.0335
15778,P,7,0.0618
15778,Q,70,0.6183
15778,R,808,7.1372
15778,S,270,2.3849
15778,T,96,0.848
15778,U,84,0.742
15778,V,1,0.0088
15778,W,22,0.1943
15778,X,4,0.0353
15778,Y,800,7.0665
15778,Z,1444,12.7551
15790,A,24,0.299
15790,B,31,0.3862
15790,C,120,1.495
15790,D,77,0.9593
15790,E,657,8.1849
15790,F,176,2.1926
15790,G,347,4.3229
15790,H,471,5.8677
15790,I,179,2.23
15790,J,479,5.9674
15790,K,454,5.6559
15790,L,142,1.769
15790,M,680,8.4714
15790,N,348,4.3354
15790,O,107,1.333
15790,P,7,0.0872
15790,Q,38,0.4734
15790,R,1170,14.5758
15790,S,566,7.0512
15790,T,114,1.4202
15790,U,86,1.0714
15790,V,2,0.0249
15790,W,32,0.3987
15790,X,13,0.162
15790,Y,11,0.137
15790,Z,1696,21.1287
15798,A,85,1.0954
15798,B,25,0.3222
15798,C,120,1.5464
15798,D,67,0.8634
15798,E,583,7.5129
15798,F,179,2.3067
15798,G,138,1.7784
15798,H,197,2.5387
15798,I,219,2.8222
15798,J,168,2.1649
15798,K,980,12.6289
15798,L,74,0.9536
15798,M,355,4.5747
15798,N,331,4.2655
15798,O,116,1.4948
15798,P,8,0.1031
15798,Q,43,0.5541
15798,R,651,8.3892
15798,S,325,4.1881
15798,T,43,0.5541
15798,U,149,1.9201
15798,V,3,0.0387
15798,W,22,0.2835
15798,X,1,0.0129
15798,Y,495,6.3789
15798,Z,2383,30.7088
15804,A,223,0.8683
15804,B,221,0.8605
15804,C,402,1.5653
15804,D,252,0.9812
15804,E,1116,4.3455
15804,F,823,3.2046
15804,G,418,1.6276
15804,H,878,3.4187
15804,I,1344,5.2332
15804,J,2155,8.3911
15804,K,2095,8.1575
15804,L,530,2.0637
15804,M,1300,5.0619
15804,N,1556,6.0587
15804,O,583,2.2701
15804,P,55,0.2142
15804,Q,228,0.8878
15804,R,2457,9.567
15804,S,898,3.4966
15804,T,194,0.7554
15804,U,11,0.0428
15804,V,3,0.0117
15804,W,52,0.2025
15804,X,21,0.0818
15804,Y,41,0.1596
15804,Z,7826,30.4727
15806,A,1276,1.1264
15806,B,852,0.7521
15806,C,1296,1.1441
15806,D,958,0.8457
15806,E,6223,5.4936
15806,F,2923,2.5804
15806,G,2891,2.5522
15806,H,4967,4.3848
15806,I,14228,12.5604
15806,J,5833,5.1493
15806,K,9585,8.4616
15806,L,1955,1.7259
15806,M,6960,6.1442
15806,N,6749,5.958
15806,O,754,0.6656
15806,P,187,0.1651
15806,Q,565,0.4988
15806,R,11570,10.2139
15806,S,3580,3.1604
15806,T,648,0.572
15806,U,1371,1.2103
15806,V,31,0.0274
15806,W,159,0.1404
15806,X,38,0.0335
15806,Y,206,0.1819
15806,Z,27472,24.2521
15808,A,180,0.6829
15808,B,222,0.8422
15808,C,256,0.9712
15808,D,285,1.0812
15808,E,1300,4.9317
15808,F,769,2.9173
15808,G,451,1.7109
15808,H,1245,4.7231
15808,I,5771,21.893
15808,J,1307,4.9583
15808,K,1531,5.808
15808,L,343,1.3012
15808,M,1149,4.3589
15808,N,1728,6.5554
15808,O,475,1.802
15808,P,12,0.0455
15808,Q,120,0.4552
15808,R,3082,11.692
15808,S,767,2.9097
15808,T,224,0.8498
15808,U,164,0.6222
15808,V,2,0.0076
15808,W,90,0.3414
15808,X,10,0.0379
15808,Y,460,1.7451
15808,Z,4417,16.7564
15810,A,196,1.1989
15810,B,405,2.4772
15810,C,268,1.6392
15810,D,222,1.3579
15810,E,944,5.7741
15810,F,349,2.1347
15810,G,437,2.6729
15810,H,417,2.5506
15810,I,4482,27.4145
15810,J,732,4.4773
15810,K,1217,7.4439
15810,L,245,1.4986
15810,M,992,6.0676
15810,N,665,4.0675
15810,O,184,1.1255
15810,P,44,0.2691
15810,Q,190,1.1622
15810,R,1107,6.7711
15810,S,439,2.6852
15810,T,103,0.63
15810,U,41,0.2508
15810,V,8,0.0489
15810,W,43,0.263
15810,X,12,0.0734
15810,Y,181,1.1071
15810,Z,2426,14.8388
15814,A,409,1.2284
15814,B,433,1.3005
15814,C,377,1.1323
15814,D,462,1.3876
15814,E,1890,5.6767
15814,F,483,1.4507
15814,G,769,2.3097
15814,H,1194,3.5862
15814,I,1715,5.1511
15814,J,2138,6.4216
15814,K,5120,15.3781
15814,L,782,2.3488
15814,M,1815,5.4514
15814,N,1006,3.0216
15814,O,717,2.1535
15814,P,116,0.3484
15814,Q,270,0.811
15814,R,3363,10.1009
15814,S,1120,3.364
15814,T,274,0.823
15814,U,24,0.0721
15814,V,6,0.018
15814,W,82,0.2463
15814,X,7,0.021
15814,Y,33,0.0991
15814,Z,8689,26.0978
15816,A,140,0.531
15816,B,364,1.3805
15816,C,229,0.8685
15816,D,284,1.0771
15816,E,951,3.6068
15816,F,359,1.3616
15816,G,482,1.828
15816,H,704,2.67
15816,I,7935,30.0944
15816,J,1413,5.359
15816,K,2297,8.7116
15816,L,508,1.9267
15816,M,1237,4.6915
15816,N,1083,4.1074
15816,O,411,1.5588
15816,P,35,0.1327
15816,Q,125,0.4741
15816,R,2935,11.1313
15816,S,734,2.7838
15816,T,240,0.9102
15816,U,10,0.0379
15816,V,3,0.0114
15816,W,23,0.0872
15816,X,12,0.0455
15816,Y,190,0.7206
15816,Z,3663,13.8924
15820,A,74,0.9225
15820,B,201,2.5056
15820,C,153,1.9073
15820,D,91,1.1344
15820,E,699,8.7135
15820,F,201,2.5056
15820,G,250,3.1164
15820,H,452,5.6345
15820,I,638,7.9531
15820,J,493,6.1456
15820,K,639,7.9656
15820,L,131,1.633
15820,M,621,7.7412
15820,N,351,4.3755
15820,O,73,0.91
15820,P,15,0.187
15820,Q,49,0.6108
15820,R,498,6.2079
15820,S,378,4.712
15820,T,43,0.536
15820,U,82,1.0222
15820,V,3,0.0374
15820,W,13,0.1621
15820,X,10,0.1247
15820,Y,14,0.1745
15820,Z,1850,23.0616
15822,A,454,1.0861
15822,B,138,0.3301
15822,C,451,1.0789
15822,D,210,0.5024
15822,E,1421,3.3994
15822,F,396,0.9473
15822,G,404,0.9665
15822,H,1419,3.3946
15822,I,3129,7.4853
15822,J,1519,3.6338
15822,K,3236,7.7413
15822,L,687,1.6435
15822,M,1648,3.9424
15822,N,1170,2.7989
15822,O,342,0.8181
15822,P,63,0.1507
15822,Q,222,0.5311
15822,R,2716,6.4973
15822,S,1422,3.4018
15822,T,242,0.5789
15822,U,231,0.5526
15822,V,37,0.0885
15822,W,40,0.0957
15822,X,28,0.067
15822,Y,3844,9.1957
15822,Z,16333,39.0723
15832,A,64,0.4505
15832,B,151,1.063
15832,C,71,0.4998
15832,D,100,0.704
15832,E,809,5.6952
15832,F,116,0.8166
15832,G,209,1.4713
15832,H,446,3.1397
15832,I,3888,27.3706
15832,J,434,3.0553
15832,K,989,6.9623
15832,L,169,1.1897
15832,M,600,4.2239
15832,N,392,2.7596
15832,O,119,0.8377
15832,P,10,0.0704
15832,Q,26,0.183
15832,R,816,5.7445
15832,S,200,1.408
15832,T,137,0.9644
15832,U,81,0.5702
15832,V,1,0.007
15832,W,14,0.0986
15832,X,18,0.1267
15832,Y,26,0.183
15832,Z,4319,30.4048
15835,A,260,0.7589
15835,B,422,1.2318
15835,C,546,1.5938
15835,D,322,0.9399
15835,E,1149,3.354
15835,F,1101,3.2138
15835,G,1039,3.0329
15835,H,1217,3.5525
15835,I,4398,12.8379
15835,J,2490,7.2684
15835,K,5131,14.9775
15835,L,554,1.6171
15835,M,1635,4.7726
15835,N,1617,4.7201
15835,O,323,0.9428
15835,P,43,0.1255
15835,Q,173,0.505
15835,R,2312,6.7488
15835,S,1039,3.0329
15835,T,335,0.9779
15835,U,97,0.2831
15835,V,6,0.0175
15835,W,92,0.2686
15835,X,12,0.035
15835,Y,487,1.4216
15835,Z,7458,21.7701
15837,A,517,0.527
15837,B,528,0.5382
15837,C,775,0.79
15837,D,663,0.6758
15837,E,4074,4.1526
15837,F,1127,1.1487
15837,G,1651,1.6829
15837,H,3283,3.3463
15837,I,33409,34.0536
15837,J,4560,4.648
15837,K,9513,9.6966
15837,L,1077,1.0978
15837,M,3580,3.6491
15837,N,3426,3.4921
15837,O,791,0.8063
15837,P,171,0.1743
15837,Q,379,0.3863
15837,R,6807,6.9383
15837,S,2329,2.3739
15837,T,596,0.6075
15837,U,1555,1.585
15837,V,9,0.0092
15837,W,111,0.1131
15837,X,36,0.0367
15837,Y,460,0.4689
15837,Z,16680,17.0018
15839,A,77,0.8226
15839,B,39,0.4166
15839,C,96,1.0255
15839,D,63,0.673
15839,E,269,2.8736
15839,F,141,1.5062
15839,G,203,2.1686
15839,H,335,3.5787
15839,I,2287,24.4312
15839,J,421,4.4974
15839,K,1411,15.0732
15839,L,167,1.784
15839,M,379,4.0487
15839,N,319,3.4078
15839,O,70,0.7478
15839,P,5,0.0534
15839,Q,47,0.5021
15839,R,654,6.9864
15839,S,181,1.9336
15839,T,49,0.5234
15839,V,1,0.0107
15839,W,6,0.0641
15839,X,7,0.0748
15839,Y,13,0.1389
15839,Z,2121,22.6578
15842,A,170,0.5762
15842,B,124,0.4203
15842,C,247,0.8371
15842,D,102,0.3457
15842,E,702,2.3792
15842,F,496,1.681
15842,G,457,1.5488
15842,H,532,1.803
15842,I,6545,22.1819
15842,J,1208,4.0941
15842,K,4877,16.5288
15842,L,265,0.8981
15842,M,879,2.9791
15842,N,533,1.8064
15842,O,285,0.9659
15842,P,43,0.1457
15842,Q,87,0.2949
15842,R,1665,5.6429
15842,S,531,1.7996
15842,T,134,0.4541
15842,U,41,0.139
15842,V,5,0.0169
15842,W,48,0.1627
15842,X,1,0.0034
15842,Y,455,1.5421
15842,Z,9074,30.7531
15861,A,502,0.6837
15861,B,929,1.2653
15861,C,770,1.0487
15861,D,958,1.3048
15861,E,3927,5.3486
15861,F,1260,1.7161
15861,G,2381,3.2429
15861,H,3353,4.5668
15861,I,8029,10.9356
15861,J,7825,10.6577
15861,K,5197,7.0784
15861,L,1259,1.7148
15861,M,4714,6.4205
15861,N,6215,8.4649
15861,O,1214,1.6535
15861,P,95,0.1294
15861,Q,577,0.7859
15861,R,6347,8.6447
15861,S,2015,2.7444
15861,T,560,0.7627
15861,U,480,0.6538
15861,V,10,0.0136
15861,W,159,0.2166
15861,X,28,0.0381
15861,Y,157,0.2138
15861,Z,14460,19.6946
15879,A,351,0.837
15879,B,197,0.4698
15879,C,493,1.1756
15879,D,272,0.6486
15879,E,2393,5.7063
15879,F,595,1.4188
15879,G,1161,2.7685
15879,H,1015,2.4204
15879,I,16147,38.5039
15879,J,2012,4.7978
15879,K,1419,3.3837
15879,L,487,1.1613
15879,M,1359,3.2407
15879,N,1046,2.4943
15879,O,283,0.6748
15879,P,43,0.1025
15879,Q,142,0.3386
15879,R,2241,5.3439
15879,S,932,2.2224
15879,T,273,0.651
15879,U,109,0.2599
15879,W,47,0.1121
15879,X,21,0.0501
15879,Y,356,0.8489
15879,Z,8542,20.3691
15897,A,114,0.3298
15897,B,389,1.1253
15897,C,224,0.648
15897,D,301,0.8707
15897,E,1533,4.4345
15897,F,740,2.1406
15897,G,744,2.1522
15897,H,1306,3.7778
15897,I,8325,24.0816
15897,J,1619,4.6833
15897,K,4532,13.1096
15897,L,590,1.7067
15897,M,715,2.0683
15897,N,1668,4.825
15897,O,328,0.9488
15897,P,40,0.1157
15897,Q,184,0.5323
15897,R,2274,6.578
15897,S,1181,3.4163
15897,T,391,1.131
15897,U,176,0.5091
15897,V,36,0.1041
15897,W,94,0.2719
15897,X,33,0.0955
15897,Y,755,2.184
15897,Z,6278,18.1603
17001,A,51720,0.8779
17001,B,138581,2.3524
17001,C,70799,1.2018
17001,D,75852,1.2876
17001,E,398691,6.7676
17001,F,281454,4.7776
17001,G,181806,3.0861
17001,H,307151,5.2138
17001,I,546771,9.2812
17001,J,254372,4.3179
17001,K,529091,8.9811
17001,L,126732,2.1512
17001,M,498556,8.4628
17001,N,283188,4.807
17001,O,19654,0.3336
17001,P,5420,0.092
17001,Q,20070,0.3407
17001,R,558658,9.483
17001,S,182528,3.0983
17001,T,42519,0.7217
17001,U,179558,3.0479
17001,V,824,0.014
17001,W,5732,0.0973
17001,X,1681,0.0285
17001,Y,88892,1.5089
17001,Z,1040867,17.6683
17013,A,719,0.3398
17013,B,3514,1.6608
17013,C,2534,1.1976
17013,D,2430,1.1485
17013,E,6101,2.8835
17013,F,6232,2.9454
17013,G,4697,2.2199
17013,H,8331,3.9374
17013,I,33488,15.8271
17013,J,13141,6.2107
17013,K,21268,10.0517
17013,L,4495,2.1244
17013,M,16277,7.6929
17013,N,9489,4.4847
17013,O,1542,0.7288
17013,P,198,0.0936
17013,Q,946,0.4471
17013,R,16135,7.6257
17013,S,9993,4.7229
17013,T,2015,0.9523
17013,U,282,0.1333
17013,V,90,0.0425
17013,W,595,0.2812
17013,X,156,0.0737
17013,Y,203,0.0959
17013,Z,46715,22.0785
17042,A,3249,1.1145
17042,B,3958,1.3578
17042,C,2229,0.7646
17042,D,2551,0.8751
17042,E,14236,4.8835
17042,F,9381,3.2181
17042,G,5966,2.0466
17042,H,11937,4.0949
17042,I,92777,31.8262
17042,J,11720,4.0204
17042,K,15669,5.3751
17042,L,4306,1.4771
17042,M,12844,4.406
17042,N,9766,3.3501
17042,O,1446,0.496
17042,P,362,0.1242
17042,Q,1087,0.3729
17042,R,22056,7.5661
17042,S,8180,2.8061
17042,T,1646,0.5646
17042,U,1012,0.3472
17042,V,32,0.011
17042,W,279,0.0957
17042,X,134,0.046
17042,Y,210,0.072
17042,Z,54478,18.6881
17050,A,362,0.6174
17050,B,901,1.5367
17050,C,699,1.1922
17050,D,851,1.4514
17050,E,3502,5.9728
17050,F,4620,7.8797
17050,G,1617,2.7579
17050,H,3876,6.6107
17050,I,9590,16.3563
17050,J,3604,6.1468
17050,K,4840,8.2549
17050,L,1227,2.0927
17050,M,3837,6.5442
17050,N,3381,5.7665
17050,O,385,0.6566
17050,P,35,0.0597
17050,Q,241,0.411
17050,R,5387,9.1878
17050,S,2067,3.5254
17050,T,405,0.6907
17050,U,532,0.9074
17050,V,14,0.0239
17050,W,114,0.1944
17050,X,9,0.0153
17050,Y,80,0.1364
17050,Z,6456,11.0111
17088,A,1275,0.978
17088,B,2043,1.5671
17088,C,723,0.5546
17088,D,931,0.7141
17088,E,9481,7.2723
17088,F,2712,2.0802
17088,G,2487,1.9076
17088,H,3168,2.43
17088,I,24096,18.4826
17088,J,7460,5.7221
17088,K,9379,7.1941
17088,L,2902,2.226
17088,M,8047,6.1724
17088,N,6038,4.6314
17088,O,1201,0.9212
17088,P,159,0.122
17088,Q,423,0.3245
17088,R,14044,10.7723
17088,S,4427,3.3957
17088,T,1170,0.8974
17088,U,1458,1.1183
17088,V,26,0.0199
17088,W,308,0.2362
17088,X,170,0.1304
17088,Y,161,0.1235
17088,Z,26082,20.006
17174,A,7193,1.0686
17174,B,11923,1.7713
17174,C,6445,0.9575
17174,D,6969,1.0353
17174,E,55614,8.2621
17174,F,22537,3.3481
17174,G,18495,2.7476
17174,H,43307,6.4337
17174,I,87911,13.0602
17174,J,37261,5.5355
17174,K,73996,10.9929
17174,L,13788,2.0484
17174,M,55342,8.2217
17174,N,38162,5.6694
17174,O,2579,0.3831
17174,P,544,0.0808
17174,Q,3196,0.4748
17174,R,54222,8.0553
17174,S,14316,2.1268
17174,T,4234,0.629
17174,U,610,0.0906
17174,V,174,0.0258
17174,W,802,0.1191
17174,X,194,0.0288
17174,Y,851,0.1264
17174,Z,112458,16.7069
17272,A,1688,1.5189
17272,B,1783,1.6043
17272,C,953,0.8575
17272,D,886,0.7972
17272,E,4931,4.4369
17272,F,3656,3.2897
17272,G,3613,3.251
17272,H,4888,4.3982
17272,I,31218,28.0899
17272,J,4783,4.3037
17272,K,8490,7.6393
17272,L,2012,1.8104
17272,M,6966,6.268
17272,N,5366,4.8283
17272,O,681,0.6128
17272,P,58,0.0522
17272,Q,297,0.2672
17272,R,10693,9.6215
17272,S,3796,3.4156
17272,T,803,0.7225
17272,U,982,0.8836
17272,V,25,0.0225
17272,W,229,0.2061
17272,X,88,0.0792
17272,Y,224,0.2016
17272,Z,12027,10.8219
17380,A,17697,2.0572
17380,B,17131,1.9914
17380,C,7668,0.8914
17380,D,10615,1.2339
17380,E,43979,5.1123
17380,F,20808,2.4188
17380,G,17893,2.08
17380,H,46298,5.3819
17380,I,38462,4.471
17380,J,40027,4.6529
17380,K,81706,9.4979
17380,L,21733,2.5263
17380,M,67861,7.8885
17380,N,56551,6.5737
17380,O,7943,0.9233
17380,P,2333,0.2712
17380,Q,3198,0.3717
17380,R,103440,12.0243
17380,S,20944,2.4346
17380,T,8197,0.9529
17380,U,35485,4.1249
17380,V,239,0.0278
17380,W,1515,0.1761
17380,X,606,0.0704
17380,Y,1345,0.1563
17380,Z,186582,21.6891
17388,A,186,1.8327
17388,B,148,1.4583
17388,C,125,1.2316
17388,D,174,1.7145
17388,E,420,4.1383
17388,F,369,3.6358
17388,G,401,3.9511
17388,H,727,7.1633
17388,I,540,5.3207
17388,J,585,5.7641
17388,K,1482,14.6024
17388,L,212,2.0889
17388,M,892,8.789
17388,N,656,6.4637
17388,O,71,0.6996
17388,P,6,0.0591
17388,Q,27,0.266
17388,R,1102,10.8582
17388,S,482,4.7492
17388,T,127,1.2514
17388,U,89,0.8769
17388,V,11,0.1084
17388,W,23,0.2266
17388,X,1,0.0099
17388,Y,11,0.1084
17388,Z,1282,12.6318
17433,A,767,0.6067
17433,B,1197,0.9468
17433,C,848,0.6707
17433,D,1170,0.9254
17433,E,5090,4.0259
17433,F,3348,2.6481
17433,G,2949,2.3325
17433,H,4571,3.6154
17433,I,31278,24.7394
17433,J,6394,5.0573
17433,K,12554,9.9296
17433,L,2273,1.7978
17433,M,5967,4.7196
17433,N,7638,6.0413
17433,O,884,0.6992
17433,P,142,0.1123
17433,Q,390,0.3085
17433,R,10870,8.5976
17433,S,3799,3.0048
17433,T,1184,0.9365
17433,U,491,0.3884
17433,V,22,0.0174
17433,W,327,0.2586
17433,X,70,0.0554
17433,Y,209,0.1653
17433,Z,21998,17.3994
17442,A,635,0.9962
17442,B,810,1.2707
17442,C,353,0.5538
17442,D,637,0.9993
17442,E,3297,5.1724
17442,F,1741,2.7313
17442,G,1882,2.9525
17442,H,2969,4.6578
17442,I,12795,20.0731
17442,J,3606,5.6572
17442,K,5195,8.15
17442,L,1347,2.1132
17442,M,3124,4.901
17442,N,2916,4.5747
17442,O,608,0.9538
17442,P,44,0.069
17442,Q,130,0.2039
17442,R,7860,12.331
17442,S,3513,5.5113
17442,T,675,1.059
17442,U,409,0.6416
17442,V,22,0.0345
17442,W,138,0.2165
17442,X,39,0.0612
17442,Y,80,0.1255
17442,Z,8917,13.9892
17444,A,497,0.6251
17444,B,2318,2.9155
17444,C,725,0.9119
17444,D,711,0.8943
17444,E,1644,2.0677
17444,F,1848,2.3243
17444,G,2760,3.4714
17444,H,2054,2.5834
17444,I,25819,32.4739
17444,J,2472,3.1092
17444,K,7891,9.9249
17444,L,1103,1.3873
17444,M,3719,4.6776
17444,N,2276,2.8626
17444,O,489,0.615
17444,P,86,0.1082
17444,Q,274,0.3446
17444,R,5258,6.6133
17444,S,2036,2.5608
17444,T,663,0.8339
17444,U,696,0.8754
17444,V,66,0.083
17444,W,135,0.1698
17444,X,60,0.0755
17444,Y,70,0.088
17444,Z,13837,17.4035
17446,A,91,0.4846
17446,B,260,1.3845
17446,C,95,0.5059
17446,D,66,0.3515
17446,E,619,3.2962
17446,F,379,2.0182
17446,G,387,2.0608
17446,H,637,3.3921
17446,I,3046,16.2202
17446,J,1203,6.4061
17446,K,2394,12.7483
17446,L,461,2.4549
17446,M,1040,5.5381
17446,N,1019,5.4263
17446,O,158,0.8414
17446,P,7,0.0373
17446,Q,46,0.245
17446,R,1684,8.9675
17446,S,645,3.4347
17446,T,162,0.8627
17446,U,325,1.7307
17446,V,3,0.016
17446,W,26,0.1385
17446,X,15,0.0799
17446,Y,28,0.1491
17446,Z,3983,21.2099
17486,A,1232,0.7139
17486,B,6136,3.5557
17486,C,2203,1.2766
17486,D,1902,1.1022
17486,E,11720,6.7916
17486,F,7094,4.1109
17486,G,3350,1.9413
17486,H,9219,5.3423
17486,I,15045,8.7184
17486,J,9233,5.3504
17486,K,12151,7.0413
17486,L,3765,2.1818
17486,M,10460,6.0614
17486,N,11047,6.4016
17486,O,1107,0.6415
17486,P,92,0.0533
17486,Q,628,0.3639
17486,R,18207,10.5507
17486,S,5816,3.3703
17486,T,1536,0.8901
17486,U,714,0.4138
17486,V,41,0.0238
17486,W,217,0.1257
17486,X,107,0.062
17486,Y,156,0.0904
17486,Z,39389,22.8253
17495,A,786,1.115
17495,B,1533,2.1747
17495,C,461,0.654
17495,D,645,0.915
17495,E,4185,5.9368
17495,F,950,1.3477
17495,G,1300,1.8442
17495,H,2295,3.2556
17495,I,13714,19.4544
17495,J,2297,3.2585
17495,K,4667,6.6205
17495,L,1395,1.9789
17495,M,3019,4.2827
17495,N,3787,5.3722
17495,O,983,1.3945
17495,P,211,0.2993
17495,Q,231,0.3277
17495,R,7952,11.2806
17495,S,1852,2.6272
17495,T,593,0.8412
17495,U,197,0.2795
17495,V,34,0.0482
17495,W,226,0.3206
17495,X,83,0.1177
17495,Y,129,0.183
17495,Z,16968,24.0705
17513,A,841,0.5579
17513,B,3204,2.1255
17513,C,1351,0.8962
17513,D,1481,0.9825
17513,E,8873,5.8862
17513,F,4657,3.0894
17513,G,4125,2.7364
17513,H,5014,3.3262
17513,I,41625,27.6132
17513,J,5598,3.7136
17513,K,7582,5.0298
17513,L,2105,1.3964
17513,M,9344,6.1986
17513,N,5964,3.9564
17513,O,1117,0.741
17513,P,116,0.077
17513,Q,537,0.3562
17513,R,13345,8.8528
17513,S,5864,3.8901
17513,T,1351,0.8962
17513,U,648,0.4299
17513,V,45,0.0299
17513,W,296,0.1964
17513,X,75,0.0498
17513,Y,174,0.1154
17513,Z,25411,16.8572
17524,A,1233,1.131
17524,B,3115,2.8573
17524,C,1682,1.5429
17524,D,1448,1.3282
17524,E,7269,6.6677
17524,F,4295,3.9397
17524,G,2531,2.3216
17524,H,7331,6.7246
17524,I,20236,18.5621
17524,J,4438,4.0709
17524,K,7737,7.097
17524,L,2282,2.0932
17524,M,7560,6.9346
17524,N,5377,4.9322
17524,O,599,0.5495
17524,P,82,0.0752
17524,Q,625,0.5733
17524,R,10445,9.581
17524,S,3083,2.828
17524,T,963,0.8833
17524,U,746,0.6843
17524,V,57,0.0523
17524,W,147,0.1348
17524,X,60,0.055
17524,Y,418,0.3834
17524,Z,15259,13.9968
17541,A,1167,0.7602
17541,B,2306,1.5022
17541,C,1514,0.9863
17541,D,1499,0.9765
17541,E,8284,5.3965
17541,F,3509,2.2859
17541,G,3428,2.2331
17541,H,3974,2.5888
17541,I,31602,20.5868
17541,J,6894,4.491
17541,K,16696,10.8764
17541,L,3489,2.2729
17541,M,9988,6.5066
17541,N,7369,4.8005
17541,O,901,0.5869
17541,P,140,0.0912
17541,Q,372,0.2423
17541,R,11235,7.3189
17541,S,5986,3.8995
17541,T,1249,0.8136
17541,U,251,0.1635
17541,V,18,0.0117
17541,W,335,0.2182
17541,X,88,0.0573
17541,Y,163,0.1062
17541,Z,31049,20.2266
17614,A,1143,0.4835
17614,B,3835,1.6224
17614,C,2167,0.9167
17614,D,2935,1.2416
17614,E,12759,5.3976
17614,F,7695,3.2553
17614,G,4881,2.0649
17614,H,11436,4.838
17614,I,22360,9.4593
17614,J,9534,4.0333
17614,K,21830,9.2351
17614,L,5512,2.3318
17614,M,20560,8.6978
17614,N,11582,4.8997
17614,O,1943,0.822
17614,P,298,0.1261
17614,Q,1812,0.7666
17614,R,27828,11.7725
17614,S,11606,4.9099
17614,T,2441,1.0327
17614,U,2432,1.0288
17614,V,443,0.1874
17614,W,613,0.2593
17614,X,110,0.0465
17614,Y,276,0.1168
17614,Z,48350,20.4543
17616,A,1069,1.0186
17616,B,2426,2.3117
17616,C,976,0.93
17616,D,1731,1.6495
17616,E,5518,5.258
17616,F,3089,2.9435
17616,G,2969,2.8291
17616,H,4486,4.2747
17616,I,11666,11.1164
17616,J,4208,4.0098
17616,K,12272,11.6939
17616,L,2529,2.4099
17616,M,7884,7.5126
17616,N,5064,4.8254
17616,O,1112,1.0596
17616,P,142,0.1353
17616,Q,643,0.6127
17616,R,10115,9.6385
17616,S,4389,4.1822
17616,T,926,0.8824
17616,U,1085,1.0339
17616,V,45,0.0429
17616,W,248,0.2363
17616,X,95,0.0905
17616,Y,163,0.1553
17616,Z,20094,19.1474
17653,A,1841,0.6934
17653,B,3324,1.252
17653,C,2149,0.8094
17653,D,3096,1.1661
17653,E,15081,5.6801
17653,F,10868,4.0933
17653,G,5910,2.2259
17653,H,11897,4.4809
17653,I,47774,17.9936
17653,J,10388,3.9125
17653,K,20372,7.6729
17653,L,5144,1.9374
17653,M,25535,9.6175
17653,N,13479,5.0767
17653,O,1315,0.4953
17653,P,213,0.0802
17653,Q,1272,0.4791
17653,R,23878,8.9934
17653,S,7926,2.9853
17653,T,1902,0.7164
17653,U,1899,0.7152
17653,V,44,0.0166
17653,W,398,0.1499
17653,X,88,0.0331
17653,Y,297,0.1119
17653,Z,49415,18.6117
17662,A,1469,0.8134
17662,B,3602,1.9945
17662,C,1458,0.8073
17662,D,1621,0.8976
17662,E,9745,5.3959
17662,F,4003,2.2165
17662,G,3549,1.9651
17662,H,5397,2.9884
17662,I,20191,11.18
17662,J,6741,3.7326
17662,K,10029,5.5532
17662,L,4943,2.737
17662,M,11212,6.2082
17662,N,11606,6.4264
17662,O,1829,1.0127
17662,P,406,0.2248
17662,Q,504,0.2791
17662,R,23182,12.8361
17662,S,5025,2.7824
17662,T,1792,0.9922
17662,U,522,0.289
17662,V,91,0.0504
17662,W,459,0.2542
17662,X,229,0.1268
17662,Y,246,0.1362
17662,Z,50749,28.1002
17665,A,335,0.9946
17665,B,876,2.6009
17665,C,225,0.668
17665,D,230,0.6829
17665,E,1485,4.409
17665,F,739,2.1941
17665,G,613,1.82
17665,H,1332,3.9548
17665,I,3828,11.3655
17665,J,2189,6.4992
17665,K,1952,5.7956
17665,L,785,2.3307
17665,M,2068,6.14
17665,N,1448,4.2992
17665,O,218,0.6472
17665,P,16,0.0475
17665,Q,99,0.2939
17665,R,4108,12.1968
17665,S,1069,3.1739
17665,T,390,1.1579
17665,U,150,0.4454
17665,V,21,0.0623
17665,W,151,0.4483
17665,X,32,0.095
17665,Y,139,0.4127
17665,Z,9183,27.2646
17777,A,802,0.9297
17777,B,3047,3.532
17777,C,791,0.9169
17777,D,1106,1.2821
17777,E,3205,3.7152
17777,F,2007,2.3265
17777,G,1668,1.9335
17777,H,5177,6.0011
17777,I,13699,15.8796
17777,J,4945,5.7321
17777,K,4800,5.5641
17777,L,1923,2.2291
17777,M,7286,8.4458
17777,N,4575,5.3032
17777,O,824,0.9552
17777,P,68,0.0788
17777,Q,621,0.7198
17777,R,11241,13.0303
17777,S,3479,4.0328
17777,T,1041,1.2067
17777,U,546,0.6329
17777,V,46,0.0533
17777,W,155,0.1797
17777,X,18,0.0209
17777,Y,81,0.0939
17777,Z,13117,15.2049
17867,A,603,1.3275
17867,B,663,1.4596
17867,C,393,0.8652
17867,D,386,0.8498
17867,E,2785,6.1313
17867,F,854,1.8801
17867,G,902,1.9858
17867,H,1926,4.2401
17867,I,9753,21.4715
17867,J,1548,3.408
17867,K,2155,4.7443
17867,L,853,1.8779
17867,M,2948,6.4901
17867,N,3497,7.6987
17867,O,588,1.2945
17867,P,36,0.0793
17867,Q,181,0.3985
17867,R,5768,12.6984
17867,S,1559,3.4322
17867,T,427,0.9401
17867,U,334,0.7353
17867,V,71,0.1563
17867,W,149,0.328
17867,X,37,0.0815
17867,Y,80,0.1761
17867,Z,6927,15.25
17873,A,3069,0.8665
17873,B,5692,1.607
17873,C,3841,1.0844
17873,D,4090,1.1547
17873,E,19316,5.4535
17873,F,16644,4.6991
17873,G,7760,2.1909
17873,H,20910,5.9035
17873,I,49204,13.8918
17873,J,15921,4.495
17873,K,32360,9.1362
17873,L,6838,1.9306
17873,M,28765,8.1213
17873,N,17043,4.8118
17873,O,1052,0.297
17873,P,207,0.0584
17873,Q,1297,0.3662
17873,R,39243,11.0795
17873,S,10468,2.9554
17873,T,2711,0.7654
17873,U,5102,1.4405
17873,V,306,0.0864
17873,W,426,0.1203
17873,X,109,0.0308
17873,Y,6750,1.9057
17873,Z,55070,15.548
17877,A,1056,1.0495
17877,B,2932,2.914
17877,C,733,0.7285
17877,D,1093,1.0863
17877,E,6765,6.7234
17877,F,2750,2.7331
17877,G,1861,1.8496
17877,H,4022,3.9973
17877,I,30756,30.5671
17877,J,3555,3.5332
17877,K,4550,4.5221
17877,L,1648,1.6379
17877,M,6188,6.15
17877,N,5028,4.9971
17877,O,955,0.9491
17877,P,103,0.1024
17877,Q,256,0.2544
17877,R,9923,9.8621
17877,S,3507,3.4855
17877,T,888,0.8825
17877,U,1735,1.7243
17877,V,32,0.0318
17877,W,265,0.2634
17877,X,48,0.0477
17877,Y,83,0.0825
17877,Z,9886,9.8253
18001,A,44545,2.1961
18001,B,60871,3.0009
18001,C,21452,1.0576
18001,D,28883,1.4239
18001,E,142798,7.0399
18001,F,74438,3.6698
18001,G,39142,1.9297
18001,H,92934,4.5816
18001,I,124557,6.1406
18001,J,103772,5.1159
18001,K,172872,8.5225
18001,L,56036,2.7626
18001,M,126801,6.2513
18001,N,134695,6.6404
18001,O,24436,1.2047
18001,P,3137,0.1547
18001,Q,10129,0.4994
18001,R,250344,12.3419
18001,S,68854,3.3945
18001,T,17357,0.8557
18001,U,47880,2.3605
18001,V,1087,0.0536
18001,W,2509,0.1237
18001,X,1122,0.0553
18001,Y,4957,0.2444
18001,Z,372800,18.3789
18029,A,1907,1.9811
18029,B,2849,2.9597
18029,C,600,0.6233
18029,D,1582,1.6435
18029,E,3602,3.7419
18029,F,1535,1.5946
18029,G,1722,1.7889
18029,H,2642,2.7446
18029,I,14017,14.5616
18029,J,4790,4.9761
18029,K,4361,4.5304
18029,L,2135,2.218
18029,M,5144,5.3439
18029,N,6057,6.2923
18029,O,617,0.641
18029,P,119,0.1236
18029,Q,291,0.3023
18029,R,12278,12.755
18029,S,2509,2.6065
18029,T,1009,1.0482
18029,U,184,0.1911
18029,V,41,0.0426
18029,W,79,0.0821
18029,X,26,0.027
18029,Y,32,0.0332
18029,Z,26132,27.1473
18094,A,2383,1.5511
18094,B,3120,2.0308
18094,C,1065,0.6932
18094,D,2431,1.5824
18094,E,7597,4.9449
18094,F,3527,2.2957
18094,G,2772,1.8043
18094,H,4400,2.864
18094,I,16153,10.5141
18094,J,11654,7.5857
18094,K,6404,4.1684
18094,L,2497,1.6253
18094,M,9038,5.8829
18094,N,8016,5.2177
18094,O,2106,1.3708
18094,P,233,0.1517
18094,Q,496,0.3228
18094,R,13874,9.0307
18094,S,3978,2.5893
18094,T,1199,0.7804
18094,U,1544,1.005
18094,V,6,0.0039
18094,W,154,0.1002
18094,X,54,0.0351
18094,Y,64,0.0417
18094,Z,48867,31.8078
18150,A,2379,1.1754
18150,B,5718,2.825
18150,C,1303,0.6438
18150,D,1828,0.9031
18150,E,6737,3.3285
18150,F,6016,2.9723
18150,G,2579,1.2742
18150,H,4773,2.3581
18150,I,20330,10.0442
18150,J,11522,5.6925
18150,K,17135,8.4657
18150,L,4585,2.2653
18150,M,7924,3.9149
18150,N,12202,6.0285
18150,O,4441,2.1941
18150,P,553,0.2732
18150,Q,533,0.2633
18150,R,17726,8.7577
18150,S,6031,2.9797
18150,T,2215,1.0943
18150,U,2217,1.0953
18150,V,78,0.0385
18150,W,411,0.2031
18150,X,193,0.0954
18150,Y,151,0.0746
18150,Z,62825,31.0393
18205,A,1127,1.3511
18205,B,3306,3.9633
18205,C,553,0.6629
18205,D,670,0.8032
18205,E,3155,3.7822
18205,F,1753,2.1015
18205,G,2284,2.7381
18205,H,2269,2.7201
18205,I,7563,9.0666
18205,J,4085,4.8971
18205,K,4194,5.0278
18205,L,2322,2.7836
18205,M,3975,4.7653
18205,N,5732,6.8716
18205,O,1475,1.7682
18205,P,194,0.2326
18205,Q,222,0.2661
18205,R,10435,12.5096
18205,S,2281,2.7345
18205,T,1215,1.4566
18205,U,359,0.4304
18205,V,13,0.0156
18205,W,87,0.1043
18205,X,101,0.1211
18205,Y,53,0.0635
18205,Z,23993,28.7631
18247,A,3267,1.5198
18247,B,7422,3.4527
18247,C,1899,0.8834
18247,D,3053,1.4203
18247,E,6962,3.2387
18247,F,5186,2.4125
18247,G,4039,1.8789
18247,H,7790,3.6239
18247,I,16690,7.7642
18247,J,15819,7.359
18247,K,15113,7.0306
18247,L,7867,3.6597
18247,M,11219,5.2191
18247,N,14199,6.6054
18247,O,3546,1.6496
18247,P,254,0.1182
18247,Q,687,0.3196
18247,R,25457,11.8426
18247,S,6587,3.0643
18247,T,1990,0.9257
18247,U,1380,0.642
18247,V,90,0.0419
18247,W,326,0.1517
18247,X,218,0.1014
18247,Y,180,0.0837
18247,Z,53721,24.991
18256,A,2432,1.6094
18256,B,3635,2.4055
18256,C,1634,1.0813
18256,D,1728,1.1435
18256,E,5335,3.5305
18256,F,5685,3.7621
18256,G,2497,1.6524
18256,H,4539,3.0037
18256,I,6579,4.3537
18256,J,6006,3.9745
18256,K,9558,6.3251
18256,L,3939,2.6067
18256,M,7427,4.9149
18256,N,7482,4.9513
18256,O,2412,1.5962
18256,P,376,0.2488
18256,Q,536,0.3547
18256,R,17100,11.3161
18256,S,4810,3.1831
18256,T,1590,1.0522
18256,U,2434,1.6107
18256,V,47,0.0311
18256,W,436,0.2885
18256,X,119,0.0787
18256,Y,87,0.0576
18256,Z,52689,34.8675
18410,A,3109,1.7925
18410,B,4407,2.5408
18410,C,1762,1.0159
18410,D,1401,0.8077
18410,E,5136,2.9611
18410,F,3575,2.0611
18410,G,2342,1.3503
18410,H,5104,2.9427
18410,I,12720,7.3336
18410,J,9868,5.6893
18410,K,10205,5.8836
18410,L,3990,2.3004
18410,M,7808,4.5016
18410,N,8330,4.8026
18410,O,2458,1.4171
18410,P,362,0.2087
18410,Q,774,0.4462
18410,R,15913,9.1745
18410,S,5106,2.9438
18410,T,2048,1.1808
18410,U,1409,0.8123
18410,V,67,0.0386
18410,W,272,0.1568
18410,X,163,0.094
18410,Y,96,0.0553
18410,Z,65023,37.4885
18460,A,1544,1.9325
18460,B,2778,3.4769
18460,C,693,0.8674
18460,D,774,0.9687
18460,E,2987,3.7385
18460,F,1532,1.9174
18460,G,1263,1.5808
18460,H,2350,2.9413
18460,I,10901,13.6436
18460,J,5798,7.2568
18460,K,7314,9.1542
18460,L,1704,2.1327
18460,M,2475,3.0977
18460,N,5033,6.2993
18460,O,1067,1.3355
18460,P,125,0.1564
18460,Q,153,0.1915
18460,R,8899,11.138
18460,S,2332,2.9187
18460,T,958,1.199
18460,U,295,0.3692
18460,V,12,0.015
18460,W,115,0.1439
18460,X,53,0.0663
18460,Y,404,0.5056
18460,Z,18339,22.953
18479,A,510,1.3448
18479,B,1594,4.2033
18479,C,191,0.5037
18479,D,440,1.1602
18479,E,1550,4.0872
18479,F,575,1.5162
18479,G,745,1.9645
18479,H,1488,3.9237
18479,I,1121,2.956
18479,J,2726,7.1882
18479,K,2714,7.1566
18479,L,947,2.4972
18479,M,2301,6.0676
18479,N,2502,6.5976
18479,O,362,0.9546
18479,P,38,0.1002
18479,Q,126,0.3323
18479,R,4812,12.6889
18479,S,1077,2.84
18479,T,481,1.2684
18479,U,196,0.5168
18479,V,18,0.0475
18479,W,41,0.1081
18479,X,39,0.1028
18479,Y,35,0.0923
18479,Z,11294,29.7814
18592,A,430,0.5024
18592,B,1870,2.185
18592,C,513,0.5994
18592,D,738,0.8623
18592,E,2774,3.2413
18592,F,2765,3.2308
18592,G,1871,2.1862
18592,H,2807,3.2799
18592,I,9549,11.1576
18592,J,2450,2.8627
18592,K,3729,4.3572
18592,L,2008,2.3463
18592,M,3354,3.919
18592,N,4398,5.1389
18592,O,1317,1.5389
18592,P,122,0.1426
18592,Q,366,0.4277
18592,R,6767,7.9069
18592,S,2446,2.858
18592,T,1436,1.6779
18592,U,1865,2.1792
18592,V,22,0.0257
18592,W,94,0.1098
18592,X,58,0.0678
18592,Y,63,0.0736
18592,Z,31771,37.123
18610,A,576,1.0151
18610,B,1033,1.8206
18610,C,602,1.061
18610,D,522,0.92
18610,E,2337,4.1187
18610,F,2153,3.7944
18610,G,1052,1.854
18610,H,1541,2.7158
18610,I,4260,7.5078
18610,J,2653,4.6756
18610,K,2163,3.8121
18610,L,1224,2.1572
18610,M,3618,6.3763
18610,N,3642,6.4186
18610,O,1291,2.2753
18610,P,125,0.2203
18610,Q,246,0.4335
18610,R,6823,12.0248
18610,S,1536,2.707
18610,T,964,1.6989
18610,U,765,1.3482
18610,V,150,0.2644
18610,W,104,0.1833
18610,X,116,0.2044
18610,Y,39,0.0687
18610,Z,17206,30.3238
18753,A,5730,2.0187
18753,B,7732,2.724
18753,C,3534,1.245
18753,D,3520,1.2401
18753,E,13715,4.8318
18753,F,4494,1.5832
18753,G,4775,1.6822
18753,H,7427,2.6165
18753,I,13559,4.7769
18753,J,10891,3.8369
18753,K,9414,3.3166
18753,L,6180,2.1772
18753,M,9642,3.3969
18753,N,15921,5.609
18753,O,6782,2.3893
18753,P,609,0.2146
18753,Q,1154,0.4066
18753,R,26399,9.3004
18753,S,9602,3.3828
18753,T,3883,1.368
18753,U,1739,0.6127
18753,V,740,0.2607
18753,W,746,0.2628
18753,X,472,0.1663
18753,Y,253,0.0891
18753,Z,114935,40.4917
18756,A,879,2.0771
18756,B,1400,3.3083
18756,C,457,1.0799
18756,D,439,1.0374
18756,E,1156,2.7317
18756,F,934,2.2071
18756,G,600,1.4178
18756,H,875,2.0677
18756,I,1502,3.5493
18756,J,2798,6.6118
18756,K,3017,7.1294
18756,L,981,2.3182
18756,M,1312,3.1003
18756,N,2384,5.6335
18756,O,633,1.4958
18756,P,114,0.2694
18756,Q,75,0.1772
18756,R,3353,7.9233
18756,S,1325,3.1311
18756,T,501,1.1839
18756,U,1683,3.977
18756,V,7,0.0165
18756,W,41,0.0969
18756,X,36,0.0851
18756,Y,786,1.8574
18756,Z,15030,35.5168
18785,A,419,1.0628
18785,B,1809,4.5886
18785,C,782,1.9836
18785,D,398,1.0095
18785,E,1237,3.1377
18785,F,649,1.6462
18785,G,471,1.1947
18785,H,809,2.052
18785,I,3852,9.7707
18785,J,2567,6.5113
18785,K,2172,5.5093
18785,L,830,2.1053
18785,M,1179,2.9906
18785,N,2241,5.6844
18785,O,706,1.7908
18785,P,82,0.208
18785,Q,77,0.1953
18785,R,3275,8.3071
18785,S,1033,2.6202
18785,T,455,1.1541
18785,U,307,0.7787
18785,V,21,0.0533
18785,W,51,0.1294
18785,X,32,0.0812
18785,Y,827,2.0977
18785,Z,13143,33.3376
18860,A,421,1.0148
18860,B,1006,2.4249
18860,C,617,1.4872
18860,D,351,0.8461
18860,E,1661,4.0038
18860,F,1203,2.8998
18860,G,803,1.9356
18860,H,971,2.3405
18860,I,2358,5.6838
18860,J,2625,6.3274
18860,K,2487,5.9948
18860,L,1016,2.449
18860,M,1980,4.7727
18860,N,3078,7.4194
18860,O,462,1.1136
18860,P,44,0.1061
18860,Q,150,0.3616
18860,R,4745,11.4376
18860,S,1100,2.6515
18860,T,436,1.051
18860,U,371,0.8943
18860,V,29,0.0699
18860,W,84,0.2025
18860,X,25,0.0603
18860,Y,220,0.5303
18860,Z,13243,31.9216
19001,A,55175,1.3381
19001,B,104107,2.5248
19001,C,59413,1.4409
19001,D,57436,1.3929
19001,E,282427,6.8494
19001,F,92896,2.2529
19001,G,150491,3.6497
19001,H,168689,4.091
19001,I,545620,13.2323
19001,J,239812,5.8159
19001,K,277143,6.7212
19001,L,85284,2.0683
19001,M,324068,7.8592
19001,N,311924,7.5647
19001,O,52298,1.2683
19001,P,10009,0.2427
19001,Q,30866,0.7486
19001,R,412412,10.0017
19001,S,139881,3.3924
19001,T,52115,1.2639
19001,U,34685,0.8412
19001,V,889,0.0216
19001,W,4303,0.1044
19001,X,1839,0.0446
19001,Y,4144,0.1005
19001,Z,625482,15.1691
19022,A,2068,1.8205
19022,B,4676,4.1164
19022,C,812,0.7148
19022,D,838,0.7377
19022,E,5226,4.6006
19022,F,1091,0.9604
19022,G,2481,2.1841
19022,H,3342,2.942
19022,I,6533,5.7511
19022,J,4790,4.2167
19022,K,14610,12.8615
19022,L,2487,2.1894
19022,M,7055,6.2107
19022,N,8412,7.4053
19022,O,1586,1.3962
19022,P,300,0.2641
19022,Q,397,0.3495
19022,R,15051,13.2497
19022,S,2769,2.4376
19022,T,1568,1.3803
19022,U,1912,1.6832
19022,V,9,0.0079
19022,W,162,0.1426
19022,X,83,0.0731
19022,Y,71,0.0625
19022,Z,25266,22.2422
19050,A,5012,2.0584
19050,B,11526,4.7336
19050,C,3851,1.5816
19050,D,2918,1.1984
19050,E,13163,5.4059
19050,F,4003,1.644
19050,G,5788,2.3771
19050,H,7855,3.226
19050,I,7605,3.1233
19050,J,22276,9.1486
19050,K,25615,10.5199
19050,L,4581,1.8814
19050,M,16070,6.5998
19050,N,19639,8.0656
19050,O,7231,2.9697
19050,P,1009,0.4144
19050,Q,1198,0.492
19050,R,33404,13.7188
19050,S,7504,3.0818
19050,T,3913,1.607
19050,U,185,0.076
19050,V,14,0.0057
19050,W,432,0.1774
19050,X,220,0.0904
19050,Y,133,0.0546
19050,Z,38346,15.7484
19075,A,5377,1.4004
19075,B,18954,4.9365
19075,C,4631,1.2061
19075,D,2943,0.7665
19075,E,21797,5.677
19075,F,5590,1.4559
19075,G,9190,2.3935
19075,H,15187,3.9554
19075,I,58110,15.1346
19075,J,18875,4.9159
19075,K,47737,12.433
19075,L,8930,2.3258
19075,M,23896,6.2236
19075,N,26122,6.8034
19075,O,5375,1.3999
19075,P,1890,0.4922
19075,Q,1572,0.4094
19075,R,43273,11.2703
19075,S,9140,2.3805
19075,T,3419,0.8905
19075,U,1485,0.3868
19075,V,14,0.0036
19075,W,598,0.1557
19075,X,272,0.0708
19075,Y,138,0.0359
19075,Z,49440,12.8765
19100,A,8539,1.4025
19100,B,18334,3.0113
19100,C,6048,0.9934
19100,D,6913,1.1355
19100,E,31726,5.211
19100,F,7531,1.237
19100,G,18459,3.0319
19100,H,30109,4.9454
19100,I,87258,14.332
19100,J,49920,8.1993
19100,K,46147,7.5796
19100,L,15420,2.5327
19100,M,41264,6.7776
19100,N,44125,7.2475
19100,O,7068,1.1609
19100,P,1779,0.2922
19100,Q,1817,0.2984
19100,R,68265,11.2125
19100,S,15181,2.4935
19100,T,6672,1.0959
19100,U,810,0.133
19100,V,36,0.0059
19100,W,804,0.1321
19100,X,185,0.0304
19100,Y,184,0.0302
19100,Z,94238,15.4785
19110,A,1913,0.7962
19110,B,7342,3.0559
19110,C,1842,0.7667
19110,D,3416,1.4218
19110,E,10369,4.3158
19110,F,2347,0.9769
19110,G,2828,1.1771
19110,H,5915,2.4619
19110,I,25786,10.7327
19110,J,15068,6.2716
19110,K,14813,6.1655
19110,L,6145,2.5577
19110,M,10062,4.188
19110,N,13321,5.5445
19110,O,2317,0.9644
19110,P,729,0.3034
19110,Q,644,0.268
19110,R,23269,9.685
19110,S,5220,2.1727
19110,T,2404,1.0006
19110,U,1244,0.5178
19110,V,40,0.0166
19110,W,317,0.1319
19110,X,50,0.0208
19110,Y,167,0.0695
19110,Z,82689,34.4169
19130,A,3713,0.686
19130,B,9696,1.7913
19130,C,4689,0.8663
19130,D,4196,0.7752
19130,E,26525,4.9003
19130,F,4309,0.7961
19130,G,6722,1.2418
19130,H,13914,2.5705
19130,I,175266,32.3793
19130,J,17932,3.3128
19130,K,42014,7.7618
19130,L,10474,1.935
19130,M,22349,4.1288
19130,N,28744,5.3103
19130,O,8107,1.4977
19130,P,1371,0.2533
19130,Q,1736,0.3207
19130,R,36921,6.8209
19130,S,11202,2.0695
19130,T,4191,0.7743
19130,U,1208,0.2232
19130,V,139,0.0257
19130,W,541,0.0999
19130,X,349,0.0645
19130,Y,265,0.049
19130,Z,104717,19.3458
19137,A,3973,1.7308
19137,B,4767,2.0767
19137,C,2905,1.2655
19137,D,3079,1.3413
19137,E,11180,4.8704
19137,F,4062,1.7695
19137,G,6412,2.7933
19137,H,9304,4.0531
19137,I,16019,6.9784
19137,J,14213,6.1916
19137,K,15888,6.9213
19137,L,6258,2.7262
19137,M,14112,6.1476
19137,N,12790,5.5717
19137,O,5848,2.5476
19137,P,1714,0.7467
19137,Q,1602,0.6979
19137,R,26001,11.3268
19137,S,9397,4.0936
19137,T,3200,1.394
19137,U,3283,1.4302
19137,V,105,0.0457
19137,W,426,0.1856
19137,X,330,0.1438
19137,Y,277,0.1207
19137,Z,52407,22.8301
19142,A,3217,1.5854
19142,B,6054,2.9835
19142,C,2968,1.4627
19142,D,2465,1.2148
19142,E,7972,3.9287
19142,F,3629,1.7884
19142,G,3361,1.6563
19142,H,6391,3.1496
19142,I,30506,15.0337
19142,J,8235,4.0583
19142,K,15074,7.4287
19142,L,4326,2.1319
19142,M,13881,6.8407
19142,N,12949,6.3814
19142,O,2977,1.4671
19142,P,880,0.4337
19142,Q,816,0.4021
19142,R,26313,12.9674
19142,S,7670,3.7799
19142,T,4789,2.3601
19142,U,2460,1.2123
19142,V,122,0.0601
19142,W,455,0.2242
19142,X,198,0.0976
19142,Y,146,0.072
19142,Z,35063,17.2795
19212,A,2914,1.295
19212,B,5813,2.5834
19212,C,2813,1.2501
19212,D,2548,1.1324
19212,E,11898,5.2876
19212,F,3574,1.5883
19212,G,4228,1.879
19212,H,6576,2.9225
19212,I,29531,13.124
19212,J,10162,4.5161
19212,K,20884,9.2811
19212,L,4619,2.0527
19212,M,12826,5.7
19212,N,14699,6.5324
19212,O,3118,1.3857
19212,P,692,0.3075
19212,Q,1169,0.5195
19212,R,30681,13.635
19212,S,8553,3.8011
19212,T,2338,1.039
19212,U,519,0.2307
19212,V,44,0.0196
19212,W,524,0.2329
19212,X,139,0.0618
19212,Y,352,0.1564
19212,Z,43802,19.4662
19256,A,4849,0.5668
19256,B,14215,1.6615
19256,C,9156,1.0702
19256,D,6900,0.8065
19256,E,36373,4.2514
19256,F,13794,1.6123
19256,G,12508,1.462
19256,H,25939,3.0318
19256,I,204125,23.8589
19256,J,30856,3.6066
19256,K,67282,7.8642
19256,L,12597,1.4724
19256,M,50849,5.9434
19256,N,52443,6.1297
19256,O,9780,1.1431
19256,P,1929,0.2255
19256,Q,3091,0.3613
19256,R,68606,8.0189
19256,S,16650,1.9461
19256,T,7173,0.8384
19256,U,8006,0.9358
19256,V,149,0.0174
19256,W,879,0.1027
19256,X,321,0.0375
19256,Y,157,0.0184
19256,Z,196925,23.0173
19290,A,788,1.0479
19290,B,3063,4.0734
19290,C,700,0.9309
19290,D,1033,1.3738
19290,E,5582,7.4234
19290,F,1754,2.3326
19290,G,1481,1.9695
19290,H,2399,3.1904
19290,I,6987,9.2918
19290,J,4623,6.148
19290,K,6262,8.3277
19290,L,1488,1.9789
19290,M,4227,5.6214
19290,N,5256,6.9898
19290,O,1140,1.5161
19290,P,164,0.2181
19290,Q,383,0.5093
19290,R,10082,13.4078
19290,S,2135,2.8393
19290,T,634,0.8431
19290,U,556,0.7394
19290,V,3,0.004
19290,W,121,0.1609
19290,X,37,0.0492
19290,Y,16,0.0213
19290,Z,14281,18.992
19300,A,2091,1.026
19300,B,3805,1.867
19300,C,2355,1.1555
19300,D,3019,1.4813
19300,E,7493,3.6766
19300,F,3853,1.8905
19300,G,2915,1.4303
19300,H,5230,2.5662
19300,I,18089,8.8757
19300,J,9617,4.7187
19300,K,18857,9.2525
19300,L,4993,2.4499
19300,M,12833,6.2967
19300,N,11293,5.5411
19300,O,2976,1.4602
19300,P,758,0.3719
19300,Q,703,0.3449
19300,R,31861,15.6332
19300,S,6479,3.179
19300,T,3373,1.655
19300,U,856,0.42
19300,V,40,0.0196
19300,W,415,0.2036
19300,X,77,0.0378
19300,Y,957,0.4696
19300,Z,48866,23.977
19318,A,7419,2.0614
19318,B,13880,3.8566
19318,C,3233,0.8983
19318,D,6304,1.7516
19318,E,9310,2.5868
19318,F,3892,1.0814
19318,G,3359,0.9333
19318,H,6057,1.6829
19318,I,45782,12.7205
19318,J,17031,4.7321
19318,K,32153,8.9337
19318,L,10425,2.8966
19318,M,15014,4.1716
19318,N,24297,6.7509
19318,O,8140,2.2617
19318,P,941,0.2615
19318,Q,1221,0.3393
19318,R,52586,14.611
19318,S,8560,2.3784
19318,T,3140,0.8724
19318,U,515,0.1431
19318,V,32,0.0089
19318,W,974,0.2706
19318,X,305,0.0847
19318,Y,431,0.1198
19318,Z,84906,23.5911
19355,A,2221,1.8781
19355,B,1708,1.4443
19355,C,2151,1.8189
19355,D,1368,1.1568
19355,E,3534,2.9884
19355,F,2593,2.1927
19355,G,1838,1.5542
19355,H,3816,3.2269
19355,I,8677,7.3374
19355,J,4472,3.7816
19355,K,10832,9.1597
19355,L,1871,1.5821
19355,M,4426,3.7427
19355,N,8328,7.0423
19355,O,3809,3.221
19355,P,562,0.4752
19355,Q,708,0.5987
19355,R,12577,10.6353
19355,S,4400,3.7207
19355,T,2406,2.0346
19355,U,618,0.5226
19355,V,111,0.0939
19355,W,240,0.2029
19355,X,167,0.1412
19355,Y,166,0.1404
19355,Z,34658,29.3074
19364,A,1329,1.9739
19364,B,2375,3.5274
19364,C,743,1.1035
19364,D,696,1.0337
19364,E,1935,2.8739
19364,F,674,1.001
19364,G,2778,4.1259
19364,H,2635,3.9136
19364,I,4848,7.2004
19364,J,5775,8.5772
19364,K,5515,8.191
19364,L,2020,3.0001
19364,M,2631,3.9076
19364,N,3359,4.9889
19364,O,1417,2.1046
19364,P,356,0.5287
19364,Q,566,0.8406
19364,R,6206,9.2173
19364,S,2601,3.8631
19364,T,804,1.1941
19364,U,285,0.4233
19364,V,28,0.0416
19364,W,123,0.1827
19364,X,48,0.0713
19364,Y,58,0.0861
19364,Z,17525,26.0285
19392,A,1260,0.8618
19392,B,2715,1.857
19392,C,2343,1.6025
19392,D,1899,1.2988
19392,E,6035,4.1277
19392,F,4069,2.783
19392,G,3447,2.3576
19392,H,5758,3.9383
19392,I,17609,12.0439
19392,J,4617,3.1579
19392,K,17137,11.7211
19392,L,2965,2.0279
19392,M,8111,5.5476
19392,N,10605,7.2534
19392,O,2449,1.675
19392,P,430,0.2941
19392,Q,660,0.4514
19392,R,14316,9.7916
19392,S,4780,3.2693
19392,T,1579,1.08
19392,U,1571,1.0745
19392,V,62,0.0424
19392,W,234,0.16
19392,X,146,0.0999
19392,Y,107,0.0732
19392,Z,31303,21.4101
19397,A,3958,1.8618
19397,B,7263,3.4164
19397,C,2135,1.0043
19397,D,1624,0.7639
19397,E,7998,3.7621
19397,F,2392,1.1251
19397,G,6108,2.8731
19397,H,9989,4.6986
19397,I,9746,4.5843
19397,J,23238,10.9306
19397,K,20955,9.8568
19397,L,7578,3.5645
19397,M,17568,8.2636
19397,N,17797,8.3713
19397,O,3057,1.4379
19397,P,609,0.2865
19397,Q,781,0.3674
19397,R,26930,12.6673
19397,S,6162,2.8985
19397,T,3474,1.6341
19397,U,1677,0.7888
19397,V,15,0.0071
19397,W,312,0.1468
19397,X,112,0.0527
19397,Y,65,0.0306
19397,Z,31052,14.6062
19418,A,1309,1.1056
19418,B,4717,3.984
19418,C,1252,1.0575
19418,D,1623,1.3708
19418,E,2131,1.7999
19418,F,1087,0.9181
19418,G,2302,1.9443
19418,H,2386,2.0152
19418,I,7463,6.3033
19418,J,8278,6.9917
19418,K,8469,7.153
19418,L,5128,4.3312
19418,M,6422,5.4241
19418,N,9862,8.3295
19418,O,2316,1.9561
19418,P,214,0.1807
19418,Q,165,0.1394
19418,R,15767,13.3169
19418,S,3051,2.5769
19418,T,2885,2.4367
19418,U,67,0.0566
19418,V,19,0.016
19418,W,247,0.2086
19418,X,118,0.0997
19418,Y,369,0.3117
19418,Z,30751,25.9726
19450,A,4537,0.9499
19450,B,13230,2.7698
19450,C,6906,1.4458
19450,D,5959,1.2476
19450,E,33785,7.0732
19450,F,12536,2.6245
19450,G,14818,3.1023
19450,H,19643,4.1125
19450,I,42039,8.8013
19450,J,33725,7.0607
19450,K,50941,10.665
19450,L,9007,1.8857
19450,M,29036,6.079
19450,N,37949,7.945
19450,O,7601,1.5913
19450,P,1384,0.2898
19450,Q,2324,0.4866
19450,R,72328,15.1426
19450,S,15344,3.2124
19450,T,4604,0.9639
19450,U,1790,0.3748
19450,V,31,0.0065
19450,W,777,0.1627
19450,X,189,0.0396
19450,Y,214,0.0448
19450,Z,56948,11.9227
19455,A,9217,1.6797
19455,B,12487,2.2756
19455,C,6507,1.1858
19455,D,4972,0.9061
19455,E,26852,4.8935
19455,F,10205,1.8597
19455,G,10639,1.9388
19455,H,15442,2.8141
19455,I,68770,12.5326
19455,J,26659,4.8583
19455,K,39175,7.1392
19455,L,10975,2.0001
19455,M,31421,5.7261
19455,N,34337,6.2575
19455,O,7208,1.3136
19455,P,1457,0.2655
19455,Q,2058,0.375
19455,R,78959,14.3894
19455,S,22909,4.1749
19455,T,6081,1.1082
19455,U,5152,0.9389
19455,V,72,0.0131
19455,W,1025,0.1868
19455,X,275,0.0501
19455,Y,1420,0.2588
19455,Z,114456,20.8583
19473,A,6022,1.4881
19473,B,9480,2.3427
19473,C,5702,1.4091
19473,D,4129,1.0203
19473,E,19245,4.7558
19473,F,5037,1.2447
19473,G,7917,1.9564
19473,H,13245,3.2731
19473,I,44870,11.0881
19473,J,21519,5.3177
19473,K,48443,11.971
19473,L,9904,2.4474
19473,M,24819,6.1332
19473,N,25827,6.3823
19473,O,6515,1.61
19473,P,1368,0.3381
19473,Q,1738,0.4295
19473,R,41483,10.2511
19473,S,10333,2.5535
19473,T,3406,0.8417
19473,U,1656,0.4092
19473,V,207,0.0512
19473,W,672,0.1661
19473,X,224,0.0554
19473,Y,158,0.039
19473,Z,90749,22.4255
19513,A,882,1.2847
19513,B,1345,1.9591
19513,C,1473,2.1455
19513,D,987,1.4376
19513,E,4343,6.3258
19513,F,1175,1.7115
19513,G,958,1.3954
19513,H,1358,1.978
19513,I,2699,3.9313
19513,J,3679,5.3587
19513,K,8734,12.7216
19513,L,1894,2.7587
19513,M,4955,7.2172
19513,N,3085,4.4935
19513,O,1091,1.5891
19513,P,179,0.2607
19513,Q,261,0.3802
19513,R,8655,12.6065
19513,S,2852,4.1541
19513,T,733,1.0677
19513,U,10,0.0146
19513,V,3,0.0044
19513,W,138,0.201
19513,X,47,0.0685
19513,Y,54,0.0787
19513,Z,17065,24.8562
19517,A,1759,2.6201
19517,B,3332,4.9631
19517,C,754,1.1231
19517,D,675,1.0054
19517,E,2622,3.9055
19517,F,765,1.1395
19517,G,1842,2.7437
19517,H,2145,3.195
19517,I,4919,7.3269
19517,J,3243,4.8305
19517,K,5930,8.8328
19517,L,2324,3.4616
19517,M,1851,2.7571
19517,N,3120,4.6473
19517,O,1296,1.9304
19517,P,287,0.4275
19517,Q,396,0.5898
19517,R,5687,8.4709
19517,S,2319,3.4542
19517,T,705,1.0501
19517,U,848,1.2631
19517,V,69,0.1028
19517,W,83,0.1236
19517,X,89,0.1326
19517,Y,26,0.0387
19517,Z,20050,29.8648
19532,A,5323,1.2559
19532,B,7681,1.8122
19532,C,5005,1.1808
19532,D,5779,1.3635
19532,E,27330,6.448
19532,F,7202,1.6992
19532,G,10581,2.4964
19532,H,12989,3.0645
19532,I,71425,16.8514
19532,J,15184,3.5824
19532,K,27232,6.4249
19532,L,7509,1.7716
19532,M,27911,6.5851
19532,N,26471,6.2454
19532,O,7841,1.8499
19532,P,1785,0.4211
19532,Q,1932,0.4558
19532,R,35799,8.4461
19532,S,14190,3.3479
19532,T,4865,1.1478
19532,U,4498,1.0612
19532,V,149,0.0352
19532,W,553,0.1305
19532,X,229,0.054
19532,Y,564,0.1331
19532,Z,93824,22.1361
19533,A,1713,2.9033
19533,B,2037,3.4525
19533,C,213,0.361
19533,D,713,1.2085
19533,E,2130,3.6101
19533,F,611,1.0356
19533,G,1232,2.0881
19533,H,2193,3.7169
19533,I,3063,5.1914
19533,J,4459,7.5575
19533,K,3465,5.8728
19533,L,2735,4.6355
19533,M,2390,4.0508
19533,N,5335,9.0422
19533,O,1364,2.3118
19533,P,123,0.2085
19533,Q,262,0.4441
19533,R,7036,11.9252
19533,S,1975,3.3474
19533,T,884,1.4983
19533,U,3514,5.9558
19533,V,7,0.0119
19533,W,101,0.1712
19533,X,44,0.0746
19533,Y,41,0.0695
19533,Z,11361,19.2556
19548,A,5355,1.8346
19548,B,6109,2.0929
19548,C,2765,0.9473
19548,D,3614,1.2381
19548,E,19463,6.6679
19548,F,3769,1.2912
19548,G,7376,2.527
19548,H,14041,4.8103
19548,I,32416,11.1055
19548,J,12078,4.1378
19548,K,35463,12.1494
19548,L,6830,2.3399
19548,M,20980,7.1876
19548,N,20568,7.0464
19548,O,5181,1.775
19548,P,957,0.3279
19548,Q,1453,0.4978
19548,R,25763,8.8262
19548,S,7963,2.7281
19548,T,3056,1.047
19548,U,1344,0.4604
19548,V,191,0.0654
19548,W,733,0.2511
19548,X,129,0.0442
19548,Y,1442,0.494
19548,Z,52853,18.107
19573,A,8308,1.1894
19573,B,13473,1.9288
19573,C,8365,1.1976
19573,D,9181,1.3144
19573,E,27706,3.9665
19573,F,13609,1.9483
19573,G,14353,2.0548
19573,H,21058,3.0147
19573,I,119621,17.1252
19573,J,33973,4.8637
19573,K,69783,9.9903
19573,L,15162,2.1706
19573,M,40498,5.7978
19573,N,43401,6.2134
19573,O,7947,1.1377
19573,P,1987,0.2845
19573,Q,3420,0.4896
19573,R,90667,12.9801
19573,S,27993,4.0075
19573,T,8389,1.201
19573,U,329,0.0471
19573,V,40,0.0057
19573,W,622,0.089
19573,X,411,0.0588
19573,Y,512,0.0733
19573,Z,117699,16.8501
19585,A,3825,2.0661
19585,B,6796,3.6709
19585,C,2253,1.217
19585,D,1759,0.9501
19585,E,6671,3.6034
19585,F,2815,1.5205
19585,G,4458,2.408
19585,H,9407,5.0813
19585,I,12102,6.537
19585,J,10431,5.6344
19585,K,17321,9.3561
19585,L,6013,3.248
19585,M,11672,6.3047
19585,N,10122,5.4675
19585,O,3118,1.6842
19585,P,491,0.2652
19585,Q,841,0.4543
19585,R,18705,10.1037
19585,S,5595,3.0222
19585,T,1557,0.841
19585,U,2547,1.3758
19585,V,30,0.0162
19585,W,313,0.1691
19585,X,137,0.074
19585,Y,95,0.0513
19585,Z,46057,24.8781
19622,A,975,0.6641
19622,B,2749,1.8724
19622,C,1818,1.2383
19622,D,1458,0.9931
19622,E,8421,5.7358
19622,F,3240,2.2069
19622,G,3907,2.6612
19622,H,6531,4.4485
19622,I,31264,21.2948
19622,J,6156,4.193
19622,K,14363,9.7831
19622,L,3155,2.149
19622,M,9761,6.6485
19622,N,9287,6.3256
19622,O,2064,1.4059
19622,P,283,0.1928
19622,Q,561,0.3821
19622,R,14450,9.8423
19622,S,4743,3.2306
19622,T,1487,1.0128
19622,U,1341,0.9134
19622,V,27,0.0184
19622,W,401,0.2731
19622,X,111,0.0756
19622,Y,114,0.0776
19622,Z,18148,12.3611
19693,A,1207,1.7529
19693,B,4308,6.2563
19693,C,295,0.4284
19693,D,460,0.668
19693,E,3606,5.2368
19693,F,630,0.9149
19693,G,2200,3.1949
19693,H,3886,5.6434
19693,I,9516,13.8195
19693,J,4585,6.6585
19693,K,6554,9.518
19693,L,3519,5.1104
19693,M,4782,6.9446
19693,N,3569,5.1831
19693,O,665,0.9657
19693,P,112,0.1627
19693,Q,135,0.1961
19693,R,7118,10.3371
19693,S,1409,2.0462
19693,T,1044,1.5161
19693,U,200,0.2904
19693,V,4,0.0058
19693,W,36,0.0523
19693,X,26,0.0378
19693,Y,36,0.0523
19693,Z,8957,13.0077
19698,A,12400,1.4081
19698,B,24354,2.7655
19698,C,10276,1.1669
19698,D,12214,1.387
19698,E,44746,5.0812
19698,F,25451,2.8901
19698,G,15965,1.8129
19698,H,34596,3.9286
19698,I,81778,9.2864
19698,J,49482,5.619
19698,K,78092,8.8678
19698,L,23885,2.7123
19698,M,70213,7.9731
19698,N,63266,7.1842
19698,O,9268,1.0524
19698,P,2430,0.2759
19698,Q,3486,0.3959
19698,R,125061,14.2014
19698,S,29872,3.3921
19698,T,10059,1.1423
19698,U,6828,0.7754
19698,V,73,0.0083
19698,W,1132,0.1285
19698,X,525,0.0596
19698,Y,3312,0.3761
19698,Z,141861,16.1091
19701,A,1126,1.6054
19701,B,7936,11.3145
19701,C,366,0.5218
19701,D,501,0.7143
19701,E,2455,3.5001
19701,F,440,0.6273
19701,G,2349,3.349
19701,H,3275,4.6692
19701,I,5882,8.3861
19701,J,8038,11.4599
19701,K,6691,9.5395
19701,L,2460,3.5073
19701,M,5600,7.984
19701,N,4495,6.4086
19701,O,542,0.7727
19701,P,95,0.1354
19701,Q,90,0.1283
19701,R,7572,10.7956
19701,S,1630,2.3239
19701,T,1116,1.5911
19701,U,643,0.9167
19701,V,19,0.0271
19701,W,80,0.1141
19701,X,17,0.0242
19701,Y,19,0.0271
19701,Z,6703,9.5566
19743,A,4040,2.4282
19743,B,5885,3.5372
19743,C,1437,0.8637
19743,D,2203,1.3241
19743,E,6826,4.1028
19743,F,2824,1.6974
19743,G,3491,2.0983
19743,H,7860,4.7243
19743,I,17905,10.7618
19743,J,17167,10.3183
19743,K,13677,8.2206
19743,L,3321,1.9961
19743,M,8605,5.1721
19743,N,10780,6.4793
19743,O,3230,1.9414
19743,P,710,0.4267
19743,Q,948,0.5698
19743,R,13107,7.878
19743,S,5561,3.3424
19743,T,2304,1.3848
19743,U,1181,0.7098
19743,V,70,0.0421
19743,W,300,0.1803
19743,X,166,0.0998
19743,Y,195,0.1172
19743,Z,32582,19.5835
19760,A,1155,1.4658
19760,B,1483,1.8821
19760,C,1083,1.3745
19760,D,785,0.9963
19760,E,4210,5.343
19760,F,1708,2.1677
19760,G,1720,2.1829
19760,H,4103,5.2072
19760,I,15957,20.2515
19760,J,3775,4.791
19760,K,5405,6.8597
19760,L,1351,1.7146
19760,M,5903,7.4917
19760,N,4526,5.7441
19760,O,1369,1.7374
19760,P,240,0.3046
19760,Q,481,0.6105
19760,R,7566,9.6023
19760,S,2380,3.0205
19760,T,837,1.0623
19760,U,193,0.2449
19760,V,8,0.0102
19760,W,142,0.1802
19760,X,43,0.0546
19760,Y,85,0.1079
19760,Z,12286,15.5926
19780,A,1826,0.959
19780,B,4936,2.5924
19780,C,2024,1.063
19780,D,2476,1.3004
19780,E,9760,5.126
19780,F,1713,0.8997
19780,G,2953,1.5509
19780,H,4413,2.3177
19780,I,25320,13.2982
19780,J,8344,4.3823
19780,K,10893,5.7211
19780,L,3778,1.9842
19780,M,9292,4.8802
19780,N,8908,4.6785
19780,O,2380,1.25
19780,P,1178,0.6187
19780,Q,540,0.2836
19780,R,25870,13.587
19780,S,4961,2.6055
19780,T,2386,1.2531
19780,U,151,0.0793
19780,V,79,0.0415
19780,W,281,0.1476
19780,X,45,0.0236
19780,Y,152,0.0798
19780,Z,55743,29.2765
19785,A,1793,1.7046
19785,B,2127,2.0222
19785,C,732,0.6959
19785,D,648,0.6161
19785,E,4592,4.3657
19785,F,1959,1.8625
19785,G,1504,1.4299
19785,H,4362,4.147
19785,I,6504,6.1834
19785,J,6214,5.9077
19785,K,17266,16.415
19785,L,2064,1.9623
19785,M,4784,4.5482
19785,N,8462,8.0449
19785,O,1399,1.3301
19785,P,285,0.271
19785,Q,403,0.3831
19785,R,9529,9.0594
19785,S,2424,2.3045
19785,T,854,0.8119
19785,U,2921,2.777
19785,V,5,0.0048
19785,W,158,0.1502
19785,X,52,0.0494
19785,Y,18,0.0171
19785,Z,24125,22.936
19807,A,6576,1.4829
19807,B,6247,1.4087
19807,C,7317,1.65
19807,D,5535,1.2482
19807,E,41778,9.4212
19807,F,7618,1.7179
19807,G,10240,2.3092
19807,H,21246,4.7911
19807,I,45130,10.1771
19807,J,24220,5.4618
19807,K,34820,7.8522
19807,L,12192,2.7494
19807,M,27836,6.2772
19807,N,27293,6.1548
19807,O,6457,1.4561
19807,P,1308,0.295
19807,Q,2527,0.5699
19807,R,51994,11.725
19807,S,13273,2.9932
19807,T,4432,0.9994
19807,U,1710,0.3856
19807,V,65,0.0147
19807,W,1025,0.2311
19807,X,205,0.0462
19807,Y,268,0.0604
19807,Z,82133,18.5216
19809,A,2366,1.1223
19809,B,5809,2.7556
19809,C,2828,1.3415
19809,D,2356,1.1176
19809,E,3626,1.72
19809,F,1216,0.5768
19809,G,3637,1.7253
19809,H,2626,1.2457
19809,I,16959,8.0447
19809,J,11602,5.5035
19809,K,8583,4.0714
19809,L,5777,2.7404
19809,M,6001,2.8466
19809,N,11313,5.3664
19809,O,5486,2.6023
19809,P,741,0.3515
19809,Q,706,0.3349
19809,R,54478,25.8422
19809,S,5541,2.6284
19809,T,2666,1.2646
19809,U,214,0.1015
19809,V,25,0.0119
19809,W,541,0.2566
19809,X,215,0.102
19809,Y,351,0.1665
19809,Z,55147,26.1596
19821,A,3238,2.7734
19821,B,3523,3.0175
19821,C,1755,1.5032
19821,D,1664,1.4253
19821,E,4391,3.761
19821,F,2122,1.8175
19821,G,1974,1.6908
19821,H,4819,4.1276
19821,I,5534,4.74
19821,J,8061,6.9044
19821,K,11420,9.7815
19821,L,4246,3.6368
19821,M,4067,3.4835
19821,N,7931,6.7931
19821,O,2901,2.4848
19821,P,617,0.5285
19821,Q,615,0.5268
19821,R,9257,7.9288
19821,S,5200,4.4539
19821,T,1823,1.5614
19821,U,516,0.442
19821,V,54,0.0463
19821,W,344,0.2946
19821,X,223,0.191
19821,Y,108,0.0925
19821,Z,30348,25.9938
19824,A,1361,1.3937
19824,B,1984,2.0317
19824,C,1230,1.2595
19824,D,1052,1.0773
19824,E,4181,4.2814
19824,F,1441,1.4756
19824,G,2503,2.5631
19824,H,4351,4.4555
19824,I,10462,10.7133
19824,J,5126,5.2491
19824,K,7641,7.8246
19824,L,2513,2.5734
19824,M,4342,4.4463
19824,N,5902,6.0438
19824,O,1796,1.8391
19824,P,305,0.3123
19824,Q,885,0.9063
19824,R,7405,7.5829
19824,S,3221,3.2984
19824,T,1331,1.363
19824,U,503,0.5151
19824,V,34,0.0348
19824,W,200,0.2048
19824,X,88,0.0901
19824,Y,97,0.0993
19824,Z,27700,28.3655
19845,A,1078,0.7366
19845,B,3080,2.1046
19845,C,2449,1.6734
19845,D,2157,1.4739
19845,E,9416,6.4341
19845,F,2689,1.8374
19845,G,2337,1.5969
19845,H,2900,1.9816
19845,I,20324,13.8876
19845,J,7016,4.7941
19845,K,9106,6.2222
19845,L,3499,2.3909
19845,M,9994,6.829
19845,N,8990,6.143
19845,O,2135,1.4589
19845,P,561,0.3833
19845,Q,544,0.3717
19845,R,17186,11.7434
19845,S,7299,4.9875
19845,T,1522,1.04
19845,U,482,0.3294
19845,V,29,0.0198
19845,W,281,0.192
19845,X,78,0.0533
19845,Y,349,0.2385
19845,Z,30845,21.0768
20001,A,161078,1.7984
20001,B,160282,1.7895
20001,C,89512,0.9994
20001,D,139183,1.554
20001,E,393876,4.3976
20001,F,204079,2.2785
20001,G,170310,1.9015
20001,H,341687,3.8149
20001,I,551759,6.1604
20001,J,436483,4.8733
20001,K,712955,7.9601
20001,L,187505,2.0935
20001,M,476821,5.3237
20001,N,670084,7.4815
20001,O,184001,2.0544
20001,P,22022,0.2459
20001,Q,33266,0.3714
20001,R,1224278,13.669
20001,S,218505,2.4396
20001,T,91730,1.0242
20001,U,244581,2.7307
20001,V,957,0.0107
20001,W,6157,0.0687
20001,X,3375,0.0377
20001,Y,34416,0.3843
20001,Z,2197695,24.5372
20011,A,13136,1.3915
20011,B,29238,3.0971
20011,C,6444,0.6826
20011,D,24938,2.6416
20011,E,45518,4.8216
20011,F,31372,3.3232
20011,G,14892,1.5775
20011,H,41167,4.3607
20011,I,70993,7.5201
20011,J,58592,6.2065
20011,K,46092,4.8824
20011,L,16936,1.794
20011,M,47790,5.0623
20011,N,51499,5.4552
20011,O,16005,1.6954
20011,P,1348,0.1428
20011,Q,4769,0.5052
20011,R,130590,13.8331
20011,S,31740,3.3621
20011,T,7935,0.8405
20011,U,5592,0.5923
20011,V,608,0.0644
20011,W,1372,0.1453
20011,X,508,0.0538
20011,Y,1530,0.1621
20011,Z,243437,25.7867
20013,A,9512,1.4554
20013,B,9290,1.4214
20013,C,4503,0.689
20013,D,7951,1.2165
20013,E,26884,4.1134
20013,F,9657,1.4776
20013,G,8543,1.3071
20013,H,19876,3.0411
20013,I,78687,12.0395
20013,J,49276,7.5395
20013,K,46735,7.1507
20013,L,11475,1.7557
20013,M,39675,6.0705
20013,N,44254,6.7711
20013,O,16148,2.4707
20013,P,1379,0.211
20013,Q,1698,0.2598
20013,R,100765,15.4176
20013,S,15657,2.3956
20013,T,5904,0.9033
20013,U,7870,1.2042
20013,V,75,0.0115
20013,W,757,0.1158
20013,X,350,0.0536
20013,Y,524,0.0802
20013,Z,136128,20.8283
20032,A,378,0.5951
20032,B,1352,2.1284
20032,C,442,0.6958
20032,D,1266,1.993
20032,E,1895,2.9833
20032,F,573,0.9021
20032,G,1249,1.9663
20032,H,1224,1.9269
20032,I,7897,12.4321
20032,J,4085,6.4309
20032,K,3307,5.2062
20032,L,1168,1.8388
20032,M,2285,3.5972
20032,N,4624,7.2795
20032,O,2360,3.7153
20032,P,108,0.17
20032,Q,313,0.4928
20032,R,8420,13.2555
20032,S,1732,2.7267
20032,T,497,0.7824
20032,U,55,0.0866
20032,V,19,0.0299
20032,W,106,0.1669
20032,X,48,0.0756
20032,Y,93,0.1464
20032,Z,18025,28.3764
20045,A,2802,2.3105
20045,B,2020,1.6657
20045,C,679,0.5599
20045,D,1559,1.2855
20045,E,4279,3.5284
20045,F,1637,1.3498
20045,G,1191,0.9821
20045,H,3029,2.4977
20045,I,4700,3.8756
20045,J,9647,7.9548
20045,K,5723,4.7191
20045,L,2748,2.266
20045,M,5111,4.2145
20045,N,6867,5.6624
20045,O,3714,3.0625
20045,P,268,0.221
20045,Q,385,0.3175
20045,R,28385,23.4059
20045,S,4245,3.5004
20045,T,1572,1.2962
20045,U,725,0.5978
20045,V,46,0.0379
20045,W,406,0.3348
20045,X,104,0.0858
20045,Y,93,0.0767
20045,Z,29338,24.1917
20060,A,20426,2.2009
20060,B,21020,2.2649
20060,C,4884,0.5263
20060,D,17206,1.854
20060,E,21274,2.2923
20060,F,9233,0.9949
20060,G,11659,1.2563
20060,H,22616,2.4369
20060,I,68036,7.3309
20060,J,57563,6.2024
20060,K,102773,11.0738
20060,L,17350,1.8695
20060,M,46248,4.9832
20060,N,64738,6.9755
20060,O,29266,3.1534
20060,P,1535,0.1654
20060,Q,3283,0.3537
20060,R,171779,18.5092
20060,S,35892,3.8674
20060,T,10802,1.1639
20060,U,2527,0.2723
20060,V,26,0.0028
20060,W,541,0.0583
20060,X,313,0.0337
20060,Y,902,0.0972
20060,Z,186180,20.0609
20175,A,5552,2.0119
20175,B,6895,2.4986
20175,C,1590,0.5762
20175,D,4168,1.5104
20175,E,7071,2.5624
20175,F,1824,0.661
20175,G,3747,1.3578
20175,H,5661,2.0514
20175,I,31144,11.286
20175,J,14962,5.422
20175,K,37533,13.6013
20175,L,5014,1.817
20175,M,14542,5.2698
20175,N,25993,9.4194
20175,O,5644,2.0453
20175,P,355,0.1286
20175,Q,580,0.2102
20175,R,32202,11.6694
20175,S,5930,2.1489
20175,T,2751,0.9969
20175,U,62,0.0225
20175,V,69,0.025
20175,W,520,0.1884
20175,X,180,0.0652
20175,Y,153,0.0554
20175,Z,61810,22.3988
20178,A,5441,1.7522
20178,B,11426,3.6796
20178,C,2348,0.7561
20178,D,3068,0.988
20178,E,8549,2.7531
20178,F,2396,0.7716
20178,G,4286,1.3803
20178,H,5063,1.6305
20178,I,16073,5.1761
20178,J,16328,5.2582
20178,K,30647,9.8695
20178,L,5647,1.8186
20178,M,10687,3.4416
20178,N,16069,5.1748
20178,O,7231,2.3287
20178,P,1295,0.417
20178,Q,833,0.2683
20178,R,51081,16.45
20178,S,9661,3.1112
20178,T,2727,0.8782
20178,U,1006,0.324
20178,V,69,0.0222
20178,W,509,0.1639
20178,X,190,0.0612
20178,Y,246,0.0792
20178,Z,97646,31.4458
20228,A,3077,0.7575
20228,B,8784,2.1623
20228,C,2386,0.5874
20228,D,7876,1.9388
20228,E,18865,4.644
20228,F,5881,1.4477
20228,G,5415,1.333
20228,H,8978,2.2101
20228,I,15620,3.8451
20228,J,22595,5.5622
20228,K,40417,9.9494
20228,L,7328,1.8039
20228,M,32656,8.0389
20228,N,23078,5.6811
20228,O,4945,1.2173
20228,P,654,0.161
20228,Q,704,0.1733
20228,R,81299,20.0132
20228,S,9880,2.4321
20228,T,2778,0.6839
20228,U,708,0.1743
20228,V,69,0.017
20228,W,553,0.1361
20228,X,279,0.0687
20228,Y,295,0.0726
20228,Z,101107,24.8893
20238,A,5128,2.8897
20238,B,1486,0.8374
20238,C,1021,0.5754
20238,D,1808,1.0188
20238,E,3137,1.7678
20238,F,1932,1.0887
20238,G,2490,1.4032
20238,H,4658,2.6249
20238,I,9061,5.106
20238,J,9925,5.5929
20238,K,10217,5.7575
20238,L,3866,2.1786
20238,M,10471,5.9006
20238,N,10307,5.8082
20238,O,3705,2.0878
20238,P,578,0.3257
20238,Q,489,0.2756
20238,R,39004,21.9794
20238,S,5266,2.9675
20238,T,1664,0.9377
20238,U,2146,1.2093
20238,V,85,0.0479
20238,W,453,0.2553
20238,X,139,0.0783
20238,Y,127,0.0716
20238,Z,48294,27.2145
20250,A,6043,1.6511
20250,B,5296,1.447
20250,C,1042,0.2847
20250,D,6132,1.6754
20250,E,8997,2.4581
20250,F,3114,0.8508
20250,G,3545,0.9686
20250,H,7932,2.1672
20250,I,12424,3.3945
20250,J,34614,9.4572
20250,K,54927,15.0071
20250,L,7745,2.1161
20250,M,24766,6.7665
20250,N,25909,7.0788
20250,O,7741,2.115
20250,P,538,0.147
20250,Q,1027,0.2806
20250,R,66631,18.2048
20250,S,9986,2.7284
20250,T,2787,0.7615
20250,U,216,0.059
20250,V,67,0.0183
20250,W,440,0.1202
20250,X,163,0.0445
20250,Y,539,0.1473
20250,Z,73386,20.0504
20295,A,843,1.0592
20295,B,3520,4.4227
20295,C,348,0.4372
20295,D,1967,2.4714
20295,E,3752,4.7142
20295,F,785,0.9863
20295,G,1566,1.9676
20295,H,2895,3.6374
20295,I,1187,1.4914
20295,J,4658,5.8526
20295,K,7839,9.8494
20295,L,1586,1.9927
20295,M,4068,5.1113
20295,N,6094,7.6568
20295,O,1866,2.3445
20295,P,68,0.0854
20295,Q,196,0.2463
20295,R,10932,13.7356
20295,S,2314,2.9074
20295,T,706,0.8871
20295,U,235,0.2953
20295,V,39,0.049
20295,W,68,0.0854
20295,X,34,0.0427
20295,Y,273,0.343
20295,Z,21750,27.3279
20310,A,610,1.2661
20310,B,775,1.6086
20310,C,427,0.8863
20310,D,406,0.8427
20310,E,2406,4.994
20310,F,1227,2.5468
20310,G,899,1.866
20310,H,1163,2.414
20310,I,6219,12.9084
20310,J,1835,3.8088
20310,K,7477,15.5195
20310,L,710,1.4737
20310,M,1371,2.8457
20310,N,2212,4.5913
20310,O,601,1.2475
20310,P,14,0.0291
20310,Q,138,0.2864
20310,R,4729,9.8157
20310,S,981,2.0362
20310,T,452,0.9382
20310,U,122,0.2532
20310,V,2,0.0042
20310,W,93,0.193
20310,X,48,0.0996
20310,Y,88,0.1827
20310,Z,13173,27.3424
20383,A,1393,1.1883
20383,B,2085,1.7786
20383,C,784,0.6688
20383,D,2032,1.7334
20383,E,4316,3.6817
20383,F,1248,1.0646
20383,G,1706,1.4553
20383,H,3617,3.0855
20383,I,11521,9.8279
20383,J,8146,6.9489
20383,K,12021,10.2545
20383,L,3502,2.9874
20383,M,6946,5.9253
20383,N,8126,6.9319
20383,O,3230,2.7553
20383,P,90,0.0768
20383,Q,274,0.2337
20383,R,17886,15.2576
20383,S,5195,4.4316
20383,T,1256,1.0714
20383,U,459,0.3915
20383,V,72,0.0614
20383,W,214,0.1826
20383,X,136,0.116
20383,Y,145,0.1237
20383,Z,20827,17.7664
20400,A,3144,0.8438
20400,B,4599,1.2342
20400,C,1513,0.406
20400,D,2553,0.6851
20400,E,10998,2.9515
20400,F,4485,1.2036
20400,G,6738,1.8083
20400,H,6470,1.7364
20400,I,24790,6.6529
20400,J,12367,3.3189
20400,K,15436,4.1426
20400,L,6363,1.7076
20400,M,26550,7.1252
20400,N,24274,6.5144
20400,O,9087,2.4387
20400,P,1430,0.3838
20400,Q,1886,0.5061
20400,R,87437,23.4655
20400,S,9411,2.5256
20400,T,4066,1.0912
20400,U,4570,1.2265
20400,V,185,0.0496
20400,W,595,0.1597
20400,X,376,0.1009
20400,Y,678,0.182
20400,Z,102619,27.5399
20443,A,1870,1.2829
20443,B,2657,1.8228
20443,C,806,0.5529
20443,D,2663,1.8269
20443,E,6387,4.3817
20443,F,2432,1.6684
20443,G,2605,1.7871
20443,H,5274,3.6182
20443,I,15096,10.3564
20443,J,7667,5.2598
20443,K,21599,14.8177
20443,L,2700,1.8523
20443,M,7383,5.065
20443,N,10474,7.1855
20443,O,2351,1.6129
20443,P,312,0.214
20443,Q,725,0.4974
20443,R,25169,17.2668
20443,S,3882,2.6632
20443,T,1414,0.9701
20443,U,1016,0.697
20443,V,16,0.011
20443,W,155,0.1063
20443,X,96,0.0659
20443,Y,193,0.1324
20443,Z,20823,14.2853
20517,A,7681,1.949
20517,B,4811,1.2208
20517,C,2008,0.5095
20517,D,3905,0.9909
20517,E,8374,2.1249
20517,F,3680,0.9338
20517,G,3675,0.9325
20517,H,8735,2.2165
20517,I,30460,7.7291
20517,J,19066,4.8379
20517,K,29738,7.5459
20517,L,8553,2.1703
20517,M,18128,4.5999
20517,N,22871,5.8034
20517,O,9241,2.3449
20517,P,464,0.1177
20517,Q,982,0.2492
20517,R,79254,20.1104
20517,S,14047,3.5644
20517,T,5420,1.3753
20517,U,3585,0.9097
20517,V,37,0.0094
20517,W,749,0.1901
20517,X,360,0.0913
20517,Y,195,0.0495
20517,Z,108076,27.4238
20550,A,2139,0.7139
20550,B,3701,1.2353
20550,C,1984,0.6622
20550,D,3931,1.3121
20550,E,9149,3.0537
20550,F,4840,1.6155
20550,G,2619,0.8742
20550,H,8370,2.7937
20550,I,34639,11.5617
20550,J,11128,3.7143
20550,K,41558,13.8711
20550,L,6115,2.041
20550,M,10800,3.6048
20550,N,19447,6.491
20550,O,7891,2.6338
20550,P,456,0.1522
20550,Q,802,0.2677
20550,R,35922,11.9899
20550,S,8369,2.7934
20550,T,2083,0.6953
20550,U,429,0.1432
20550,V,40,0.0134
20550,W,87,0.029
20550,X,78,0.026
20550,Y,42,0.014
20550,Z,82982,27.6975
20570,A,4084,1.8442
20570,B,5338,2.4104
20570,C,479,0.2163
20570,D,1629,0.7356
20570,E,2964,1.3384
20570,F,1938,0.8751
20570,G,1496,0.6755
20570,H,2716,1.2264
20570,I,8630,3.897
20570,J,8206,3.7055
20570,K,27055,12.217
20570,L,3131,1.4138
20570,M,8630,3.897
20570,N,10437,4.713
20570,O,2808,1.268
20570,P,237,0.107
20570,Q,463,0.2091
20570,R,26524,11.9773
20570,S,3721,1.6803
20570,T,2405,1.086
20570,U,177,0.0799
20570,V,25,0.0113
20570,W,389,0.1757
20570,X,154,0.0695
20570,Y,148,0.0668
20570,Z,97669,44.1037
20614,A,786,0.9767
20614,B,1333,1.6564
20614,C,769,0.9556
20614,D,984,1.2227
20614,E,5364,6.6653
20614,F,2944,3.6582
20614,G,2445,3.0381
20614,H,3444,4.2795
20614,I,6658,8.2732
20614,J,3508,4.359
20614,K,8224,10.2191
20614,L,1529,1.8999
20614,M,3501,4.3503
20614,N,5234,6.5037
20614,O,1359,1.6887
20614,P,136,0.169
20614,Q,553,0.6872
20614,R,13626,16.9315
20614,S,2398,2.9797
20614,T,501,0.6225
20614,U,365,0.4535
20614,V,16,0.0199
20614,W,94,0.1168
20614,X,82,0.1019
20614,Y,50,0.0621
20614,Z,14574,18.1095
20621,A,2820,1.398
20621,B,3384,1.6776
20621,C,1202,0.5959
20621,D,2011,0.9969
20621,E,6623,3.2833
20621,F,2842,1.4089
20621,G,2142,1.0619
20621,H,4263,2.1133
20621,I,18724,9.2823
20621,J,10130,5.0219
20621,K,33310,16.5132
20621,L,4305,2.1342
20621,M,7059,3.4994
20621,N,13401,6.6434
20621,O,3455,1.7128
20621,P,590,0.2925
20621,Q,850,0.4214
20621,R,39723,19.6923
20621,S,4551,2.2561
20621,T,1938,0.9607
20621,U,1669,0.8274
20621,V,49,0.0243
20621,W,238,0.118
20621,X,151,0.0749
20621,Y,257,0.1274
20621,Z,36031,17.8621
20710,A,8295,1.3542
20710,B,17143,2.7987
20710,C,3085,0.5036
20710,D,8481,1.3846
20710,E,40634,6.6337
20710,F,13893,2.2681
20710,G,10858,1.7726
20710,H,23293,3.8027
20710,I,40651,6.6365
20710,J,27890,4.5532
20710,K,59865,9.7733
20710,L,15416,2.5168
20710,M,32312,5.2751
20710,N,36359,5.9358
20710,O,8859,1.4463
20710,P,607,0.0991
20710,Q,1518,0.2478
20710,R,69037,11.2707
20710,S,22134,3.6135
20710,T,5842,0.9537
20710,U,4146,0.6769
20710,V,674,0.11
20710,W,1059,0.1729
20710,X,267,0.0436
20710,Y,806,0.1316
20710,Z,159412,26.0249
20750,A,4336,1.4797
20750,B,7865,2.684
20750,C,1898,0.6477
20750,D,3944,1.3459
20750,E,8705,2.9706
20750,F,4281,1.4609
20750,G,4120,1.406
20750,H,8189,2.7945
20750,I,23825,8.1304
20750,J,21090,7.1971
20750,K,19675,6.7142
20750,L,5248,1.7909
20750,M,10454,3.5675
20750,N,24163,8.2457
20750,O,5354,1.8271
20750,P,637,0.2174
20750,Q,913,0.3116
20750,R,55275,18.8629
20750,S,7066,2.4113
20750,T,3129,1.0678
20750,U,1408,0.4805
20750,V,131,0.0447
20750,W,358,0.1222
20750,X,167,0.057
20750,Y,375,0.128
20750,Z,70430,24.0346
20770,A,5043,1.4941
20770,B,7419,2.1981
20770,C,2063,0.6112
20770,D,4768,1.4126
20770,E,18618,5.516
20770,F,5490,1.6265
20770,G,4747,1.4064
20770,H,9022,2.673
20770,I,30729,9.1042
20770,J,14279,4.2305
20770,K,44986,13.3282
20770,L,5935,1.7584
20770,M,15355,4.5493
20770,N,19193,5.6864
20770,O,7402,2.193
20770,P,380,0.1126
20770,Q,1014,0.3004
20770,R,35990,10.6629
20770,S,10515,3.1153
20770,T,2961,0.8773
20770,U,1877,0.5561
20770,V,178,0.0527
20770,W,437,0.1295
20770,X,196,0.0581
20770,Y,852,0.2524
20770,Z,88076,26.0947
20787,A,1407,0.8011
20787,B,4238,2.4131
20787,C,889,0.5062
20787,D,4064,2.314
20787,E,7705,4.3872
20787,F,2429,1.3831
20787,G,2298,1.3085
20787,H,5793,3.2985
20787,I,11450,6.5196
20787,J,10429,5.9382
20787,K,18420,10.4883
20787,L,6216,3.5394
20787,M,11501,6.5486
20787,N,11275,6.4199
20787,O,3820,2.1751
20787,P,195,0.111
20787,Q,412,0.2346
20787,R,24342,13.8602
20787,S,4458,2.5384
20787,T,1949,1.1098
20787,U,944,0.5375
20787,V,7,0.004
20787,W,265,0.1509
20787,X,55,0.0313
20787,Y,187,0.1065
20787,Z,40877,23.2752
23001,A,80295,1.8363
23001,B,150462,3.441
23001,C,23573,0.5391
23001,D,44207,1.011
23001,E,191087,4.3701
23001,F,62333,1.4255
23001,G,84572,1.9341
23001,H,245929,5.6243
23001,I,560941,12.8286
23001,J,254914,5.8298
23001,K,459529,10.5093
23001,L,92257,2.1099
23001,M,285466,6.5285
23001,N,361208,8.2607
23001,O,148692,3.4005
23001,P,5884,0.1346
23001,Q,15301,0.3499
23001,R,316987,7.2494
23001,S,125324,2.8661
23001,T,42290,0.9672
23001,U,177326,4.0554
23001,V,710,0.0162
23001,W,4662,0.1066
23001,X,1556,0.0356
23001,Y,3598,0.0823
23001,Z,633494,14.4878
23068,A,4712,1.1564
23068,B,12632,3.1
23068,C,3166,0.777
23068,D,6722,1.6496
23068,E,23768,5.8329
23068,F,3752,0.9208
23068,G,7034,1.7262
23068,H,10016,2.458
23068,I,37638,9.2367
23068,J,27149,6.6626
23068,K,46427,11.3936
23068,L,8163,2.0033
23068,M,14601,3.5832
23068,N,37461,9.1932
23068,O,11780,2.8909
23068,P,1795,0.4405
23068,Q,1144,0.2807
23068,R,52160,12.8005
23068,S,10945,2.686
23068,T,2942,0.722
23068,U,1554,0.3814
23068,V,63,0.0155
23068,W,442,0.1085
23068,X,171,0.042
23068,Y,289,0.0709
23068,Z,80958,19.8678
23079,A,3619,1.1634
23079,B,7490,2.4078
23079,C,1501,0.4825
23079,D,3216,1.0338
23079,E,12650,4.0666
23079,F,4561,1.4662
23079,G,4743,1.5247
23079,H,6815,2.1908
23079,I,55861,17.9575
23079,J,18432,5.9253
23079,K,37563,12.0753
23079,L,5663,1.8205
23079,M,16553,5.3213
23079,N,28484,9.1567
23079,O,12036,3.8692
23079,P,302,0.0971
23079,Q,558,0.1794
23079,R,30154,9.6935
23079,S,8959,2.88
23079,T,1777,0.5712
23079,U,904,0.2906
23079,V,39,0.0125
23079,W,331,0.1064
23079,X,72,0.0231
23079,Y,191,0.0614
23079,Z,48599,15.623
23090,A,2226,1.0531
23090,B,5079,2.4029
23090,C,862,0.4078
23090,D,2445,1.1567
23090,E,8154,3.8577
23090,F,2209,1.0451
23090,G,3281,1.5523
23090,H,5464,2.5851
23090,I,33519,15.858
23090,J,23102,10.9297
23090,K,14368,6.7976
23090,L,3801,1.7983
23090,M,11836,5.5997
23090,N,11097,5.2501
23090,O,5747,2.7189
23090,P,447,0.2115
23090,Q,439,0.2077
23090,R,30244,14.3086
23090,S,5443,2.5751
23090,T,1213,0.5739
23090,U,6980,3.3023
23090,V,24,0.0114
23090,W,260,0.123
23090,X,175,0.0828
23090,Y,125,0.0591
23090,Z,32829,15.5316
23162,A,26091,1.1911
23162,B,53422,2.4389
23162,C,9632,0.4397
23162,D,30926,1.4119
23162,E,55719,2.5438
23162,F,22944,1.0475
23162,G,28710,1.3107
23162,H,86664,3.9565
23162,I,505666,23.0855
23162,J,126640,5.7816
23162,K,204217,9.3233
23162,L,45810,2.0914
23162,M,108206,4.94
23162,N,153898,7.026
23162,O,42008,1.9178
23162,P,1716,0.0783
23162,Q,4792,0.2188
23162,R,272278,12.4305
23162,S,48498,2.2141
23162,T,20768,0.9481
23162,U,16234,0.7411
23162,V,115,0.0053
23162,W,2568,0.1172
23162,X,706,0.0322
23162,Y,2343,0.107
23162,Z,319834,14.6016
23168,A,1760,1.4445
23168,B,2870,2.3555
23168,C,1095,0.8987
23168,D,2229,1.8294
23168,E,4428,3.6342
23168,F,1188,0.975
23168,G,1657,1.3599
23168,H,6016,4.9375
23168,I,9296,7.6295
23168,J,9236,7.5802
23168,K,11610,9.5287
23168,L,3029,2.486
23168,M,6966,5.7172
23168,N,8453,6.9376
23168,O,2723,2.2348
23168,P,196,0.1609
23168,Q,375,0.3078
23168,R,23190,19.0327
23168,S,3630,2.9792
23168,T,723,0.5934
23168,U,972,0.7977
23168,V,18,0.0148
23168,W,124,0.1018
23168,X,36,0.0295
23168,Y,86,0.0706
23168,Z,19937,16.3629
23182,A,16111,1.4247
23182,B,34510,3.0518
23182,C,5332,0.4715
23182,D,18051,1.5963
23182,E,54524,4.8216
23182,F,20509,1.8136
23182,G,19594,1.7327
23182,H,50284,4.4467
23182,I,151434,13.3916
23182,J,72833,6.4407
23182,K,129605,11.4612
23182,L,28761,2.5434
23182,M,63614,5.6255
23182,N,56544,5.0003
23182,O,13602,1.2028
23182,P,702,0.0621
23182,Q,3109,0.2749
23182,R,196031,17.3353
23182,S,30254,2.6754
23182,T,12232,1.0817
23182,U,18515,1.6373
23182,V,367,0.0325
23182,W,2028,0.1793
23182,X,707,0.0625
23182,Y,779,0.0689
23182,Z,130785,11.5655
23189,A,7009,0.6974
23189,B,22032,2.192
23189,C,4020,0.4
23189,D,11047,1.0991
23189,E,54371,5.4096
23189,F,9920,0.987
23189,G,14598,1.4524
23189,H,41834,4.1622
23189,I,159905,15.9096
23189,J,45574,4.5343
23189,K,106759,10.6219
23189,L,24633,2.4508
23189,M,57893,5.76
23189,N,82075,8.166
23189,O,11101,1.1045
23189,P,1824,0.1815
23189,Q,1976,0.1966
23189,R,125067,12.4434
23189,S,18812,1.8717
23189,T,7619,0.758
23189,U,10587,1.0533
23189,V,106,0.0105
23189,W,905,0.09
23189,X,201,0.02
23189,Y,401,0.0399
23189,Z,184819,18.3883
23300,A,2409,0.8253
23300,B,5919,2.0279
23300,C,2862,0.9805
23300,D,3078,1.0545
23300,E,12957,4.4391
23300,F,4246,1.4547
23300,G,8976,3.0752
23300,H,9950,3.4089
23300,I,40119,13.7449
23300,J,19345,6.6277
23300,K,25034,8.5768
23300,L,5595,1.9169
23300,M,14452,4.9513
23300,N,26221,8.9834
23300,O,18205,6.2371
23300,P,321,0.11
23300,Q,539,0.1847
23300,R,42817,14.6693
23300,S,7583,2.598
23300,T,2081,0.713
23300,U,5081,1.7408
23300,V,51,0.0175
23300,W,207,0.0709
23300,X,74,0.0254
23300,Y,170,0.0582
23300,Z,33590,11.5081
23350,A,1229,1.2399
23350,B,2605,2.6281
23350,C,443,0.4469
23350,D,1569,1.5829
23350,E,2633,2.6564
23350,F,741,0.7476
23350,G,906,0.914
23350,H,2894,2.9197
23350,I,17023,17.1741
23350,J,9706,9.7922
23350,K,6006,6.0593
23350,L,1906,1.9229
23350,M,5255,5.3017
23350,N,7804,7.8733
23350,O,3284,3.3132
23350,P,425,0.4288
23350,Q,290,0.2926
23350,R,12976,13.0912
23350,S,3468,3.4988
23350,T,555,0.5599
23350,U,2194,2.2135
23350,V,35,0.0353
23350,W,58,0.0585
23350,X,33,0.0333
23350,Y,54,0.0545
23350,Z,15028,15.1614
23417,A,17528,1.2654
23417,B,47405,3.4224
23417,C,5999,0.4331
23417,D,24034,1.7351
23417,E,114877,8.2936
23417,F,17227,1.2437
23417,G,30528,2.204
23417,H,45318,3.2717
23417,I,69541,5.0205
23417,J,68011,4.9101
23417,K,96740,6.9842
23417,L,37003,2.6714
23417,M,85032,6.1389
23417,N,94244,6.804
23417,O,92679,6.691
23417,P,1810,0.1307
23417,Q,4421,0.3192
23417,R,200871,14.5019
23417,S,32797,2.3678
23417,T,13443,0.9705
23417,U,6516,0.4704
23417,V,608,0.0439
23417,W,1498,0.1081
23417,X,905,0.0653
23417,Y,1416,0.1022
23417,Z,274682,19.8307
23419,A,1005,0.595
23419,B,3722,2.2037
23419,C,1192,0.7057
23419,D,2667,1.579
23419,E,7595,4.4967
23419,F,1440,0.8526
23419,G,2676,1.5844
23419,H,3708,2.1954
23419,I,21805,12.9099
23419,J,10544,6.2427
23419,K,10490,6.2107
23419,L,3332,1.9728
23419,M,5401,3.1977
23419,N,12342,7.3072
23419,O,4888,2.894
23419,P,380,0.225
23419,Q,468,0.2771
23419,R,18497,10.9514
23419,S,4648,2.7519
23419,T,1213,0.7182
23419,U,965,0.5713
23419,V,14,0.0083
23419,W,206,0.122
23419,X,43,0.0255
23419,Y,189,0.1119
23419,Z,49471,29.2899
23464,A,2451,1.1608
23464,B,4548,2.154
23464,C,672,0.3183
23464,D,3652,1.7297
23464,E,7968,3.7738
23464,F,2619,1.2404
23464,G,2284,1.0818
23464,H,6983,3.3073
23464,I,24253,11.4867
23464,J,12681,6.006
23464,K,18967,8.9832
23464,L,9645,4.5681
23464,M,12026,5.6958
23464,N,11970,5.6693
23464,O,3030,1.4351
23464,P,266,0.126
23464,Q,710,0.3363
23464,R,37398,17.7125
23464,S,4396,2.082
23464,T,3204,1.5175
23464,U,415,0.1966
23464,V,69,0.0327
23464,W,158,0.0748
23464,X,92,0.0436
23464,Y,317,0.1501
23464,Z,40365,19.1177
23466,A,7693,0.6727
23466,B,24192,2.1155
23466,C,4839,0.4231
23466,D,17976,1.5719
23466,E,49205,4.3027
23466,F,10174,0.8897
23466,G,18818,1.6455
23466,H,26872,2.3498
23466,I,148252,12.9639
23466,J,86895,7.5986
23466,K,110837,9.6922
23466,L,24593,2.1505
23466,M,55900,4.8882
23466,N,76461,6.6861
23466,O,34462,3.0135
23466,P,2480,0.2169
23466,Q,2807,0.2455
23466,R,169276,14.8024
23466,S,33543,2.9332
23466,T,6559,0.5736
23466,U,2683,0.2346
23466,V,609,0.0533
23466,W,1604,0.1403
23466,X,701,0.0613
23466,Y,1838,0.1607
23466,Z,224304,19.6143
23500,A,1524,0.6052
23500,B,7818,3.1045
23500,C,2048,0.8133
23500,D,5073,2.0145
23500,E,9829,3.9031
23500,F,1924,0.764
23500,G,2630,1.0444
23500,H,4794,1.9037
23500,I,30885,12.2645
23500,J,9835,3.9055
23500,K,15979,6.3453
23500,L,3872,1.5376
23500,M,8474,3.365
23500,N,13244,5.2592
23500,O,4503,1.7881
23500,P,538,0.2136
23500,Q,748,0.297
23500,R,32990,13.1004
23500,S,3982,1.5813
23500,T,1359,0.5397
23500,U,10191,4.0469
23500,V,129,0.0512
23500,W,234,0.0929
23500,X,202,0.0802
23500,Y,192,0.0762
23500,Z,78828,31.3027
23555,A,9074,1.2133
23555,B,20668,2.7634
23555,C,4080,0.5455
23555,D,13559,1.8129
23555,E,33309,4.4536
23555,F,10006,1.3379
23555,G,16317,2.1817
23555,H,27717,3.7059
23555,I,62986,8.4216
23555,J,57005,7.6219
23555,K,60210,8.0505
23555,L,21725,2.9048
23555,M,42359,5.6637
23555,N,79540,10.635
23555,O,11668,1.5601
23555,P,1107,0.148
23555,Q,2467,0.3299
23555,R,126665,16.9359
23555,S,22997,3.0748
23555,T,8415,1.1251
23555,U,1199,0.1603
23555,V,115,0.0154
23555,W,583,0.078
23555,X,225,0.0301
23555,Y,1852,0.2476
23555,Z,112060,14.9831
23570,A,6288,1.2071
23570,B,10126,1.9438
23570,C,2519,0.4836
23570,D,14323,2.7495
23570,E,28510,5.4728
23570,F,6575,1.2622
23570,G,8060,1.5472
23570,H,12249,2.3513
23570,I,91676,17.5983
23570,J,40372,7.7499
23570,K,53958,10.3579
23570,L,9071,1.7413
23570,M,24809,4.7624
23570,N,31936,6.1305
23570,O,14336,2.752
23570,P,580,0.1113
23570,Q,1258,0.2415
23570,R,41690,8.0029
23570,S,10454,2.0068
23570,T,5617,1.0783
23570,U,32722,6.2814
23570,V,242,0.0465
23570,W,355,0.0681
23570,X,257,0.0493
23570,Y,222,0.0426
23570,Z,72731,13.9616
23574,A,1981,1.2958
23574,B,4044,2.6453
23574,C,1973,1.2906
23574,D,3820,2.4988
23574,E,5572,3.6448
23574,F,2004,1.3109
23574,G,1414,0.9249
23574,H,6906,4.5174
23574,I,23364,15.283
23574,J,8210,5.3704
23574,K,8147,5.3292
23574,L,2741,1.793
23574,M,5033,3.2922
23574,N,10517,6.8794
23574,O,21584,14.1186
23574,P,896,0.5861
23574,Q,855,0.5593
23574,R,20665,13.5175
23574,S,5380,3.5192
23574,T,1481,0.9688
23574,U,2113,1.3822
23574,V,14,0.0092
23574,W,58,0.0379
23574,X,85,0.0556
23574,Y,92,0.0602
23574,Z,13927,9.11
23580,A,4154,0.8992
23580,B,6184,1.3386
23580,C,2288,0.4953
23580,D,6823,1.4769
23580,E,20307,4.3956
23580,F,3004,0.6502
23580,G,4940,1.0693
23580,H,9088,1.9672
23580,I,42810,9.2666
23580,J,21852,4.73
23580,K,27909,6.0411
23580,L,9778,2.1165
23580,M,15802,3.4205
23580,N,36080,7.8098
23580,O,31414,6.7998
23580,P,1234,0.2671
23580,Q,1021,0.221
23580,R,61868,13.3918
23580,S,9771,2.115
23580,T,2999,0.6492
23580,U,4186,0.9061
23580,V,84,0.0182
23580,W,347,0.0751
23580,X,245,0.053
23580,Y,224,0.0485
23580,Z,137571,29.7784
23586,A,4686,1.883
23586,B,7095,2.851
23586,C,1404,0.5642
23586,D,3389,1.3618
23586,E,10257,4.1217
23586,F,2471,0.9929
23586,G,4463,1.7934
23586,H,8235,3.3091
23586,I,25140,10.1022
23586,J,15674,6.2984
23586,K,25018,10.0532
23586,L,10043,4.0357
23586,M,13599,5.4646
23586,N,18016,7.2395
23586,O,4345,1.746
23586,P,264,0.1061
23586,Q,615,0.2471
23586,R,35025,14.0744
23586,S,6592,2.6489
23586,T,3678,1.478
23586,U,1708,0.6863
23586,V,149,0.0599
23586,W,363,0.1459
23586,X,176,0.0707
23586,Y,221,0.0888
23586,Z,46230,18.577
23660,A,34682,1.5594
23660,B,89596,4.0285
23660,C,15062,0.6772
23660,D,35771,1.6084
23660,E,141479,6.3613
23660,F,32188,1.4473
23660,G,42648,1.9176
23660,H,93201,4.1906
23660,I,173002,7.7787
23660,J,141033,6.3412
23660,K,183899,8.2686
23660,L,78594,3.5338
23660,M,141980,6.3838
23660,N,185826,8.3553
23660,O,52522,2.3615
23660,P,2830,0.1272
23660,Q,6108,0.2746
23660,R,280477,12.611
23660,S,62372,2.8044
23660,T,18950,0.852
23660,U,22509,1.0121
23660,V,326,0.0147
23660,W,1799,0.0809
23660,X,1025,0.0461
23660,Y,1408,0.0633
23660,Z,384775,17.3006
23670,A,5770,0.9284
23670,B,14449,2.3249
23670,C,2093,0.3368
23670,D,7827,1.2594
23670,E,62575,10.0685
23670,F,13227,2.1283
23670,G,12953,2.0842
23670,H,16571,2.6663
23670,I,68196,10.9729
23670,J,43684,7.0289
23670,K,22947,3.6922
23670,L,13934,2.242
23670,M,20528,3.303
23670,N,65654,10.5639
23670,O,7089,1.1406
23670,P,778,0.1252
23670,Q,2309,0.3715
23670,R,100830,16.2238
23670,S,14751,2.3735
23670,T,3226,0.5191
23670,U,7331,1.1796
23670,V,349,0.0562
23670,W,925,0.1488
23670,X,425,0.0684
23670,Y,424,0.0682
23670,Z,112650,18.1256
23672,A,6879,1.8514
23672,B,10101,2.7186
23672,C,2081,0.5601
23672,D,5756,1.5492
23672,E,17112,4.6055
23672,F,4060,1.0927
23672,G,6085,1.6377
23672,H,9558,2.5725
23672,I,42168,11.3492
23672,J,19439,5.2318
23672,K,35910,9.6649
23672,L,8135,2.1895
23672,M,19736,5.3118
23672,N,20646,5.5567
23672,O,7337,1.9747
23672,P,263,0.0708
23672,Q,742,0.1997
23672,R,48560,13.0695
23672,S,10450,2.8125
23672,T,3006,0.809
23672,U,3670,0.9877
23672,V,189,0.0509
23672,W,645,0.1736
23672,X,309,0.0832
23672,Y,377,0.1015
23672,Z,88338,23.7754
23675,A,3347,0.6041
23675,B,11906,2.149
23675,C,1482,0.2675
23675,D,3391,0.6121
23675,E,17007,3.0698
23675,F,4431,0.7998
23675,G,6389,1.1532
23675,H,8964,1.618
23675,I,40499,7.3101
23675,J,22053,3.9806
23675,K,184984,33.3895
23675,L,7814,1.4104
23675,M,17934,3.2371
23675,N,41337,7.4613
23675,O,22348,4.0338
23675,P,359,0.0648
23675,Q,749,0.1352
23675,R,57906,10.452
23675,S,10733,1.9373
23675,T,2656,0.4794
23675,U,5494,0.9917
23675,V,147,0.0265
23675,W,431,0.0778
23675,X,296,0.0534
23675,Y,359,0.0648
23675,Z,81002,14.6208
23678,A,2006,0.7926
23678,B,4710,1.8611
23678,C,1364,0.539
23678,D,2892,1.1427
23678,E,8723,3.4467
23678,F,2040,0.8061
23678,G,2342,0.9254
23678,H,7759,3.0658
23678,I,64256,25.3896
23678,J,7695,3.0405
23678,K,16554,6.541
23678,L,2998,1.1846
23678,M,7888,3.1168
23678,N,16347,6.4592
23678,O,10426,4.1196
23678,P,333,0.1316
23678,Q,800,0.3161
23678,R,19198,7.5857
23678,S,4261,1.6837
23678,T,1165,0.4603
23678,U,454,0.1794
23678,V,24,0.0095
23678,W,94,0.0371
23678,X,50,0.0198
23678,Y,168,0.0664
23678,Z,68533,27.0796
23682,A,732,0.6986
23682,B,3802,3.6285
23682,C,150,0.1432
23682,D,1703,1.6253
23682,E,2969,2.8335
23682,F,518,0.4944
23682,G,690,0.6585
23682,H,1761,1.6806
23682,I,17273,16.4849
23682,J,7664,7.3143
23682,K,14551,13.8871
23682,L,2016,1.924
23682,M,4341,4.1429
23682,N,7000,6.6806
23682,O,8000,7.635
23682,P,161,0.1537
23682,Q,224,0.2138
23682,R,11093,10.5868
23682,S,1869,1.7837
23682,T,378,0.3608
23682,U,385,0.3674
23682,V,3,0.0029
23682,W,50,0.0477
23682,X,76,0.0725
23682,Y,49,0.0468
23682,Z,17323,16.5326
23686,A,6294,0.9932
23686,B,11225,1.7713
23686,C,4450,0.7022
23686,D,8774,1.3845
23686,E,24287,3.8325
23686,F,10692,1.6872
23686,G,8303,1.3102
23686,H,21848,3.4476
23686,I,117789,18.587
23686,J,72939,11.5097
23686,K,39627,6.2531
23686,L,9257,1.4607
23686,M,22104,3.488
23686,N,32214,5.0833
23686,O,12756,2.0129
23686,P,733,0.1157
23686,Q,2062,0.3254
23686,R,63826,10.0717
23686,S,12187,1.9231
23686,T,3955,0.6241
23686,U,1701,0.2684
23686,V,179,0.0282
23686,W,611,0.0964
23686,X,353,0.0557
23686,Y,435,0.0686
23686,Z,145115,22.8991
23807,A,22154,1.7731
23807,B,77537,6.2057
23807,C,8338,0.6673
23807,D,30933,2.4757
23807,E,46400,3.7137
23807,F,13219,1.058
23807,G,19959,1.5974
23807,H,27400,2.193
23807,I,106669,8.5373
23807,J,77288,6.1858
23807,K,90141,7.2145
23807,L,25900,2.0729
23807,M,50805,4.0662
23807,N,134813,10.7899
23807,O,35638,2.8523
23807,P,4000,0.3201
23807,Q,3257,0.2607
23807,R,131323,10.5105
23807,S,34417,2.7546
23807,T,11517,0.9218
23807,U,11146,0.8921
23807,V,159,0.0127
23807,W,1128,0.0903
23807,X,465,0.0372
23807,Y,731,0.0585
23807,Z,284105,22.7386
23815,A,3082,0.8204
23815,B,10877,2.8955
23815,C,1588,0.4227
23815,D,6493,1.7285
23815,E,36849,9.8093
23815,F,3991,1.0624
23815,G,7836,2.086
23815,H,10956,2.9165
23815,I,24840,6.6125
23815,J,39504,10.5161
23815,K,30962,8.2422
23815,L,14323,3.8128
23815,M,13548,3.6065
23815,N,24787,6.5984
23815,O,5843,1.5554
23815,P,616,0.164
23815,Q,1702,0.4531
23815,R,29866,7.9504
23815,S,8537,2.2726
23815,T,2224,0.592
23815,U,9701,2.5824
23815,V,235,0.0626
23815,W,461,0.1227
23815,X,233,0.062
23815,Y,252,0.0671
23815,Z,86348,22.986
23855,A,5444,1.1818
23855,B,14430,3.1324
23855,C,1931,0.4192
23855,D,12370,2.6852
23855,E,17443,3.7864
23855,F,4164,0.9039
23855,G,6396,1.3884
23855,H,10572,2.2949
23855,I,63661,13.8192
23855,J,28915,6.2767
23855,K,27023,5.866
23855,L,12993,2.8205
23855,M,27436,5.9557
23855,N,40519,8.7956
23855,O,14813,3.2155
23855,P,1052,0.2284
23855,Q,1207,0.262
23855,R,58437,12.6852
23855,S,11675,2.5343
23855,T,5027,1.0912
23855,U,1196,0.2596
23855,V,11,0.0024
23855,W,552,0.1198
23855,X,211,0.0458
23855,Y,166,0.036
23855,Z,93027,20.1938
23999,N,12,100.0
25001,A,6867,1.8167
25001,B,7000,1.8518
25001,C,5561,1.4712
25001,D,5221,1.3812
25001,E,28508,7.5418
25001,F,15506,4.1021
25001,G,11189,2.96
25001,H,20566,5.4407
25001,I,43872,11.6063
25001,J,22992,6.0825
25001,K,32425,8.578
25001,L,9808,2.5947
25001,M,25262,6.683
25001,N,24250,6.4153
25001,O,2956,0.782
25001,P,736,0.1947
25001,Q,1722,0.4556
25001,R,37031,9.7965
25001,S,14417,3.814
25001,T,3917,1.0362
25001,U,2519,0.6664
25001,V,205,0.0542
25001,W,631,0.1669
25001,X,113,0.0299
25001,Y,903,0.2389
25001,Z,53825,14.2393
25019,A,375,0.7258
25019,B,363,0.7026
25019,C,655,1.2678
25019,D,332,0.6426
25019,E,2983,5.7738
25019,F,7039,13.6246
25019,G,1411,2.7311
25019,H,2201,4.2602
25019,I,5987,11.5883
25019,J,1548,2.9963
25019,K,3224,6.2403
25019,L,837,1.6201
25019,M,2174,4.208
25019,N,1893,3.6641
25019,O,421,0.8149
25019,P,67,0.1297
25019,Q,186,0.36
25019,R,7074,13.6923
25019,S,1360,2.6324
25019,T,735,1.4227
25019,U,281,0.5439
25019,V,2,0.0039
25019,W,60,0.1161
25019,X,35,0.0677
25019,Y,30,0.0581
25019,Z,10391,20.1127
25035,A,2401,1.7491
25035,B,2410,1.7557
25035,C,2473,1.8016
25035,D,1969,1.4344
25035,E,9046,6.5899
25035,F,2385,1.7375
25035,G,2065,1.5043
25035,H,8034,5.8527
25035,I,13272,9.6685
25035,J,4861,3.5412
25035,K,15396,11.2159
25035,L,2584,1.8824
25035,M,8221,5.9889
25035,N,8807,6.4158
25035,O,1772,1.2909
25035,P,201,0.1464
25035,Q,601,0.4378
25035,R,25695,18.7186
25035,S,5462,3.979
25035,T,1449,1.0556
25035,U,2081,1.516
25035,V,94,0.0685
25035,W,240,0.1748
25035,X,80,0.0583
25035,Y,194,0.1413
25035,Z,15477,11.2749
25040,A,1353,1.213
25040,B,1631,1.4623
25040,C,2017,1.8084
25040,D,1792,1.6066
25040,E,6907,6.1925
25040,F,1671,1.4981
25040,G,4400,3.9448
25040,H,5393,4.8351
25040,I,6390,5.729
25040,J,8994,8.0636
25040,K,9837,8.8194
25040,L,2125,1.9052
25040,M,7267,6.5153
25040,N,5520,4.949
25040,O,1905,1.7079
25040,P,142,0.1273
25040,Q,641,0.5747
25040,R,12951,11.6113
25040,S,5214,4.6746
25040,T,1031,0.9243
25040,U,1486,1.3323
25040,V,102,0.0914
25040,W,343,0.3075
25040,X,84,0.0753
25040,Y,234,0.2098
25040,Z,22108,19.821
25053,A,1093,1.1612
25053,B,1100,1.1686
25053,C,1027,1.0911
25053,D,1154,1.226
25053,E,4778,5.076
25053,F,2031,2.1577
25053,G,1721,1.8283
25053,H,4843,5.1451
25053,I,14993,15.9281
25053,J,5418,5.7559
25053,K,9569,10.1658
25053,L,2181,2.317
25053,M,4676,4.9677
25053,N,5666,6.0194
25053,O,1027,1.0911
25053,P,135,0.1434
25053,Q,382,0.4058
25053,R,13831,14.6937
25053,S,3682,3.9117
25053,T,833,0.885
25053,U,985,1.0464
25053,V,25,0.0266
25053,W,217,0.2305
25053,X,59,0.0627
25053,Y,79,0.0839
25053,Z,12624,13.4114
25086,A,47,1.2803
25086,B,78,2.1248
25086,C,38,1.0351
25086,D,35,0.9534
25086,E,254,6.9191
25086,F,44,1.1986
25086,G,82,2.2337
25086,H,195,5.3119
25086,I,311,8.4718
25086,J,240,6.5377
25086,K,200,5.4481
25086,L,102,2.7785
25086,M,168,4.5764
25086,N,346,9.4252
25086,O,107,2.9147
25086,P,4,0.109
25086,Q,16,0.4358
25086,R,536,14.6009
25086,S,192,5.2302
25086,T,71,1.9341
25086,U,19,0.5176
25086,W,15,0.4086
25086,X,3,0.0817
25086,Y,5,0.1362
25086,Z,563,15.3364
25095,A,190,1.7822
25095,B,152,1.4258
25095,C,207,1.9417
25095,D,140,1.3132
25095,E,555,5.2059
25095,F,219,2.0542
25095,G,153,1.4351
25095,H,676,6.3409
25095,I,2521,23.6469
25095,J,515,4.8307
25095,K,660,6.1908
25095,L,173,1.6227
25095,M,650,6.097
25095,N,472,4.4274
25095,O,122,1.1444
25095,P,10,0.0938
25095,Q,48,0.4502
25095,R,1168,10.9558
25095,S,388,3.6394
25095,T,109,1.0224
25095,U,112,1.0506
25095,V,1,0.0094
25095,W,33,0.3095
25095,X,8,0.075
25095,Y,27,0.2533
25095,Z,1352,12.6817
25099,A,656,2.0744
25099,B,315,0.9961
25099,C,216,0.683
25099,D,147,0.4648
25099,E,1620,5.1227
25099,F,376,1.189
25099,G,680,2.1503
25099,H,1516,4.7938
25099,I,1583,5.0057
25099,J,1879,5.9417
25099,K,6072,19.2006
25099,L,544,1.7202
25099,M,3698,11.6937
25099,N,1846,5.8373
25099,O,226,0.7146
25099,P,67,0.2119
25099,Q,131,0.4142
25099,R,2799,8.8509
25099,S,735,2.3242
25099,T,172,0.5439
25099,U,10,0.0316
25099,V,1,0.0032
25099,W,14,0.0443
25099,X,1,0.0032
25099,Y,1554,4.914
25099,Z,4766,15.0708
25120,A,141,0.891
25120,B,153,0.9668
25120,C,303,1.9147
25120,D,213,1.346
25120,E,451,2.8499
25120,F,233,1.4724
25120,G,381,2.4076
25120,H,546,3.4502
25120,I,2484,15.6967
25120,J,1678,10.6035
25120,K,1489,9.4092
25120,L,184,1.1627
25120,M,583,3.684
25120,N,775,4.8973
25120,O,292,1.8452
25120,P,52,0.3286
25120,Q,107,0.6761
25120,R,1958,12.3728
25120,S,580,3.6651
25120,T,161,1.0174
25120,W,23,0.1453
25120,X,18,0.1137
25120,Y,14,0.0885
25120,Z,3006,18.9953
25123,A,777,1.8397
25123,B,674,1.5958
25123,C,759,1.797
25123,D,592,1.4016
25123,E,3373,7.9861
25123,F,790,1.8704
25123,G,808,1.9131
25123,H,2633,6.234
25123,I,3247,7.6878
25123,J,1452,3.4378
25123,K,4309,10.2022
25123,L,827,1.958
25123,M,2594,6.1417
25123,N,2572,6.0896
25123,O,640,1.5153
25123,P,137,0.3244
25123,Q,224,0.5304
25123,R,4200,9.9441
25123,S,1620,3.8356
25123,T,362,0.8571
25123,U,2422,5.7344
25123,V,15,0.0355
25123,W,77,0.1823
25123,X,19,0.045
25123,Y,85,0.2013
25123,Z,7028,16.6398
25126,A,27236,1.6612
25126,B,17881,1.0906
25126,C,14617,0.8915
25126,D,15863,0.9675
25126,E,91183,5.5616
25126,F,38727,2.3621
25126,G,35010,2.1354
25126,H,86264,5.2616
25126,I,114638,6.9922
25126,J,95657,5.8345
25126,K,187899,11.4607
25126,L,38928,2.3744
25126,M,133456,8.14
25126,N,74199,4.5257
25126,O,18332,1.1181
25126,P,2105,0.1284
25126,Q,8986,0.5481
25126,R,242716,14.8042
25126,S,59685,3.6404
25126,T,9241,0.5636
25126,U,55278,3.3716
25126,V,413,0.0252
25126,W,2147,0.131
25126,X,386,0.0235
25126,Y,10083,0.615
25126,Z,258580,15.7718
25148,A,655,1.7485
25148,B,652,1.7405
25148,C,649,1.7325
25148,D,278,0.7421
25148,E,955,2.5494
25148,F,598,1.5964
25148,G,616,1.6444
25148,H,1805,4.8185
25148,I,8604,22.9685
25148,J,1311,3.4997
25148,K,3368,8.9909
25148,L,896,2.3919
25148,M,1658,4.4261
25148,N,1892,5.0507
25148,O,744,1.9861
25148,P,78,0.2082
25148,Q,99,0.2643
25148,R,5412,14.4474
25148,S,2030,5.4191
25148,T,425,1.1345
25148,U,158,0.4218
25148,V,16,0.0427
25148,W,72,0.1922
25148,X,39,0.1041
25148,Y,25,0.0667
25148,Z,4425,11.8126
25151,A,3167,2.332
25151,B,1980,1.458
25151,C,2628,1.9351
25151,D,2168,1.5964
25151,E,10656,7.8465
25151,F,3386,2.4933
25151,G,3643,2.6825
25151,H,8882,6.5403
25151,I,7033,5.1787
25151,J,7582,5.583
25151,K,19478,14.3426
25151,L,3791,2.7915
25151,M,8696,6.4033
25151,N,11668,8.5917
25151,O,1763,1.2982
25151,P,371,0.2732
25151,Q,622,0.458
25151,R,12904,9.5019
25151,S,4822,3.5507
25151,T,1048,0.7717
25151,U,1113,0.8196
25151,V,9,0.0066
25151,W,327,0.2408
25151,X,69,0.0508
25151,Y,81,0.0596
25151,Z,17918,13.1939
25154,A,564,1.2296
25154,B,459,1.0007
25154,C,483,1.053
25154,D,651,1.4192
25154,E,2092,4.5607
25154,F,838,1.8269
25154,G,1087,2.3697
25154,H,2283,4.9771
25154,I,2391,5.2126
25154,J,5045,10.9985
25154,K,2802,6.1086
25154,L,698,1.5217
25154,M,2500,5.4502
25154,N,3695,8.0554
25154,O,829,1.8073
25154,P,164,0.3575
25154,Q,577,1.2579
25154,R,3341,7.2836
25154,S,2677,5.8361
25154,T,369,0.8044
25154,U,538,1.1729
25154,V,22,0.048
25154,W,110,0.2398
25154,X,54,0.1177
25154,Y,76,0.1657
25154,Z,11525,25.1254
25168,A,565,1.2383
25168,B,513,1.1243
25168,C,1049,2.299
25168,D,587,1.2865
25168,E,2159,4.7317
25168,F,928,2.0338
25168,G,1608,3.5242
25168,H,3023,6.6253
25168,I,8575,18.7933
25168,J,2396,5.2512
25168,K,2449,5.3673
25168,L,943,2.0667
25168,M,2793,6.1212
25168,N,3462,7.5874
25168,O,469,1.0279
25168,P,61,0.1337
25168,Q,191,0.4186
25168,R,3831,8.3962
25168,S,2028,4.4446
25168,T,474,1.0388
25168,U,204,0.4471
25168,V,2,0.0044
25168,W,89,0.1951
25168,X,21,0.046
25168,Y,26,0.057
25168,Z,7182,15.7403
25175,A,39148,1.3545
25175,B,44715,1.5471
25175,C,31335,1.0841
25175,D,33564,1.1613
25175,E,202620,7.0103
25175,F,75270,2.6042
25175,G,76794,2.6569
25175,H,156539,5.416
25175,I,301080,10.4169
25175,J,200941,6.9522
25175,K,303251,10.492
25175,L,89257,3.0881
25175,M,268252,9.2811
25175,N,184619,6.3875
25175,O,31540,1.0912
25175,P,3208,0.111
25175,Q,16265,0.5627
25175,R,296536,10.2596
25175,S,82355,2.8493
25175,T,18592,0.6433
25175,U,48015,1.6612
25175,V,693,0.024
25175,W,2984,0.1032
25175,X,325,0.0112
25175,Y,10833,0.3748
25175,Z,371586,12.8562
25178,A,2086,1.9121
25178,B,1581,1.4492
25178,C,2303,2.111
25178,D,1260,1.1549
25178,E,8649,7.9278
25178,F,3464,3.1752
25178,G,3418,3.133
25178,H,5836,5.3494
25178,I,12061,11.0553
25178,J,7174,6.5758
25178,K,8085,7.4108
25178,L,3111,2.8516
25178,M,7052,6.464
25178,N,6897,6.3219
25178,O,1252,1.1476
25178,P,296,0.2713
25178,Q,682,0.6251
25178,R,11026,10.1066
25178,S,3472,3.1825
25178,T,836,0.7663
25178,U,385,0.3529
25178,V,8,0.0073
25178,W,162,0.1485
25178,X,60,0.055
25178,Y,130,0.1192
25178,Z,17811,16.3258
25181,A,1145,1.1862
25181,B,1138,1.1789
25181,C,1988,2.0595
25181,D,1519,1.5736
25181,E,6209,6.4323
25181,F,3019,3.1276
25181,G,2479,2.5681
25181,H,4436,4.5955
25181,I,13035,13.5037
25181,J,5150,5.3352
25181,K,7822,8.1033
25181,L,2101,2.1765
25181,M,5969,6.1836
25181,N,4545,4.7084
25181,O,1636,1.6948
25181,P,281,0.2911
25181,Q,421,0.4361
25181,R,12260,12.7008
25181,S,3748,3.8828
25181,T,1339,1.3871
25181,U,174,0.1803
25181,V,10,0.0104
25181,W,250,0.259
25181,X,65,0.0673
25181,Y,166,0.172
25181,Z,15624,16.1858
25183,A,8624,1.9055
25183,B,4981,1.1006
25183,C,4046,0.894
25183,D,4156,0.9183
25183,E,24738,5.4659
25183,F,9276,2.0496
25183,G,12323,2.7228
25183,H,20168,4.4562
25183,I,28552,6.3086
25183,J,27557,6.0888
25183,K,58006,12.8166
25183,L,10462,2.3116
25183,M,36973,8.1693
25183,N,26410,5.8354
25183,O,10166,2.2462
25183,P,821,0.1814
25183,Q,4334,0.9576
25183,R,54435,12.0275
25183,S,17997,3.9765
25183,T,3080,0.6805
25183,U,1808,0.3995
25183,V,66,0.0146
25183,W,909,0.2008
25183,X,139,0.0307
25183,Y,396,0.0875
25183,Z,82163,18.1541
25200,A,2875,2.1491
25200,B,1734,1.2962
25200,C,1524,1.1392
25200,D,1472,1.1003
25200,E,9240,6.907
25200,F,3122,2.3337
25200,G,4040,3.0199
25200,H,6820,5.098
25200,I,12437,9.2967
25200,J,8148,6.0907
25200,K,16517,12.3466
25200,L,3106,2.3218
25200,M,9477,7.0841
25200,N,6912,5.1668
25200,O,1495,1.1175
25200,P,295,0.2205
25200,Q,808,0.604
25200,R,15830,11.833
25200,S,3919,2.9295
25200,T,636,0.4754
25200,U,2802,2.0945
25200,V,29,0.0217
25200,W,202,0.151
25200,X,39,0.0292
25200,Y,168,0.1256
25200,Z,20131,15.0481
25214,A,3407,1.2739
25214,B,3681,1.3763
25214,C,3542,1.3244
25214,D,2992,1.1187
25214,E,15768,5.8957
25214,F,5928,2.2165
25214,G,7306,2.7317
25214,H,15188,5.6788
25214,I,15027,5.6186
25214,J,13749,5.1408
25214,K,31770,11.8789
25214,L,6408,2.396
25214,M,23160,8.6596
25214,N,16694,6.2419
25214,O,3322,1.2421
25214,P,296,0.1107
25214,Q,1808,0.676
25214,R,27999,10.4689
25214,S,9878,3.6934
25214,T,2188,0.8181
25214,U,2603,0.9733
25214,V,60,0.0224
25214,W,266,0.0995
25214,X,52,0.0194
25214,Y,1195,0.4468
25214,Z,53163,19.8777
25224,A,1222,1.2115
25224,B,638,0.6325
25224,C,1248,1.2373
25224,D,883,0.8754
25224,E,4617,4.5773
25224,F,1364,1.3523
25224,G,2163,2.1444
25224,H,4684,4.6437
25224,I,10139,10.0519
25224,J,7219,7.1569
25224,K,11721,11.6203
25224,L,2131,2.1127
25224,M,5627,5.5786
25224,N,7425,7.3612
25224,O,1698,1.6834
25224,P,226,0.2241
25224,Q,509,0.5046
25224,R,9003,8.9256
25224,S,4954,4.9114
25224,T,890,0.8824
25224,U,1296,1.2849
25224,V,45,0.0446
25224,W,199,0.1973
25224,X,27,0.0268
25224,Y,267,0.2647
25224,Z,20672,20.4943
25245,A,5134,1.7443
25245,B,5592,1.8999
25245,C,4197,1.4259
25245,D,3647,1.2391
25245,E,19444,6.6061
25245,F,6014,2.0432
25245,G,6731,2.2868
25245,H,14671,4.9844
25245,I,24928,8.4692
25245,J,15065,5.1183
25245,K,41983,14.2636
25245,L,7040,2.3918
25245,M,22897,7.7792
25245,N,18600,6.3193
25245,O,2739,0.9306
25245,P,289,0.0982
25245,Q,1301,0.442
25245,R,41937,14.248
25245,S,10760,3.6557
25245,T,3439,1.1684
25245,U,1911,0.6493
25245,V,188,0.0639
25245,W,1353,0.4597
25245,X,178,0.0605
25245,Y,275,0.0934
25245,Z,34023,11.5592
25258,A,2241,0.9048
25258,B,4741,1.9142
25258,C,1857,0.7498
25258,D,3346,1.351
25258,E,14981,6.0487
25258,F,5029,2.0305
25258,G,8115,3.2765
25258,H,11012,4.4462
25258,I,13422,5.4192
25258,J,18634,7.5236
25258,K,24550,9.9122
25258,L,7229,2.9188
25258,M,28164,11.3714
25258,N,13585,5.485
25258,O,2119,0.8556
25258,P,253,0.1022
25258,Q,1282,0.5176
25258,R,31817,12.8463
25258,S,9069,3.6617
25258,T,2254,0.9101
25258,U,6696,2.7036
25258,V,30,0.0121
25258,W,538,0.2172
25258,X,80,0.0323
25258,Y,215,0.0868
25258,Z,36415,14.7028
25260,A,9136,2.6377
25260,B,3521,1.0166
25260,C,2208,0.6375
25260,D,3045,0.8791
25260,E,13582,3.9213
25260,F,6220,1.7958
25260,G,5832,1.6838
25260,H,16231,4.6862
25260,I,15341,4.4292
25260,J,18572,5.362
25260,K,44564,12.8663
25260,L,7009,2.0236
25260,M,24858,7.1769
25260,N,18037,5.2076
25260,O,6789,1.9601
25260,P,1606,0.4637
25260,Q,2614,0.7547
25260,R,39353,11.3618
25260,S,8523,2.4607
25260,T,2969,0.8572
25260,U,7115,2.0542
25260,V,35,0.0101
25260,W,224,0.0647
25260,X,106,0.0306
25260,Y,7675,2.2159
25260,Z,81196,23.4426
25269,A,55597,1.605
25269,B,41246,1.1907
25269,C,27621,0.7974
25269,D,28667,0.8276
25269,E,199987,5.7734
25269,F,71536,2.0652
25269,G,84654,2.4439
25269,H,164297,4.743
25269,I,196177,5.6634
25269,J,170891,4.9334
25269,K,454884,13.1319
25269,L,67333,1.9438
25269,M,320832,9.262
25269,N,186812,5.393
25269,O,42894,1.2383
25269,P,7989,0.2306
25269,Q,15950,0.4605
25269,R,340380,9.8263
25269,S,101020,2.9163
25269,T,29759,0.8591
25269,U,72084,2.081
25269,V,287,0.0083
25269,W,3323,0.0959
25269,X,853,0.0246
25269,Y,50528,1.4587
25269,Z,728352,21.0266
25279,A,4615,1.6309
25279,B,3313,1.1708
25279,C,5517,1.9496
25279,D,3180,1.1238
25279,E,18406,6.5044
25279,F,4486,1.5853
25279,G,6801,2.4034
25279,H,11153,3.9413
25279,I,29234,10.3309
25279,J,21427,7.572
25279,K,22202,7.8459
25279,L,7460,2.6363
25279,M,20148,7.12
25279,N,19868,7.0211
25279,O,6067,2.144
25279,P,997,0.3523
25279,Q,1750,0.6184
25279,R,44857,15.8518
25279,S,10839,3.8303
25279,T,3680,1.3005
25279,U,1947,0.688
25279,V,36,0.0127
25279,W,920,0.3251
25279,X,274,0.0968
25279,Y,819,0.2894
25279,Z,32981,11.655
25281,A,1221,1.218
25281,B,628,0.6265
25281,C,1708,1.7038
25281,D,1249,1.2459
25281,E,6022,6.0073
25281,F,2888,2.8809
25281,G,2958,2.9508
25281,H,4434,4.4232
25281,I,16342,16.3021
25281,J,7036,7.0188
25281,K,9571,9.5476
25281,L,1916,1.9113
25281,M,3727,3.7179
25281,N,6322,6.3065
25281,O,1720,1.7158
25281,P,207,0.2065
25281,Q,1101,1.0983
25281,R,7930,7.9106
25281,S,4128,4.1179
25281,T,1198,1.1951
25281,U,1121,1.1183
25281,V,14,0.014
25281,W,281,0.2803
25281,X,107,0.1067
25281,Y,144,0.1436
25281,Z,16272,16.2322
25286,A,32116,1.6436
25286,B,26192,1.3405
25286,C,19557,1.0009
25286,D,16895,0.8647
25286,E,115448,5.9084
25286,F,36984,1.8928
25286,G,54648,2.7968
25286,H,77736,3.9784
25286,I,126475,6.4728
25286,J,108393,5.5474
25286,K,258460,13.2275
25286,L,42552,2.1777
25286,M,150074,7.6805
25286,N,106458,5.4483
25286,O,21716,1.1114
25286,P,5561,0.2846
25286,Q,11663,0.5969
25286,R,368269,18.8473
25286,S,61451,3.1449
25286,T,12059,0.6172
25286,U,40914,2.0939
25286,V,671,0.0343
25286,W,1512,0.0774
25286,X,484,0.0248
25286,Y,2908,0.1488
25286,Z,254763,13.0383
25288,A,1901,2.1773
25288,B,496,0.5681
25288,C,873,0.9999
25288,D,766,0.8773
25288,E,4763,5.4553
25288,F,1607,1.8406
25288,G,3247,3.7189
25288,H,3170,3.6307
25288,I,9529,10.914
25288,J,6888,7.8891
25288,K,6612,7.573
25288,L,1535,1.7581
25288,M,5442,6.233
25288,N,13190,15.1071
25288,O,1277,1.4626
25288,P,89,0.1019
25288,Q,483,0.5532
25288,R,7017,8.0369
25288,S,3521,4.0328
25288,T,661,0.7571
25288,U,360,0.4123
25288,V,17,0.0195
25288,W,186,0.213
25288,X,26,0.0298
25288,Y,52,0.0596
25288,Z,13602,15.579
25290,A,53687,1.8568
25290,B,42300,1.463
25290,C,26617,0.9206
25290,D,32044,1.1083
25290,E,188360,6.5146
25290,F,80629,2.7886
25290,G,53129,1.8375
25290,H,158393,5.4782
25290,I,376536,13.0229
25290,J,139556,4.8267
25290,K,287444,9.9416
25290,L,67019,2.3179
25290,M,194915,6.7414
25290,N,140773,4.8688
25290,O,25807,0.8926
25290,P,3922,0.1356
25290,Q,13715,0.4743
25290,R,587401,20.3159
25290,S,75096,2.5973
25290,T,15180,0.525
25290,U,73553,2.5439
25290,V,406,0.014
25290,W,2335,0.0808
25290,X,536,0.0185
25290,Y,4447,0.1538
25290,Z,247532,8.5612
25293,A,646,1.1748
25293,B,623,1.133
25293,C,591,1.0748
25293,D,686,1.2476
25293,E,2277,4.141
25293,F,1496,2.7206
25293,G,1227,2.2314
25293,H,3141,5.7123
25293,I,9797,17.8169
25293,J,2980,5.4195
25293,K,5136,9.3404
25293,L,1057,1.9223
25293,M,2391,4.3483
25293,N,2714,4.9357
25293,O,726,1.3203
25293,P,55,0.1
25293,Q,236,0.4292
25293,R,8911,16.2056
25293,S,1943,3.5336
25293,T,302,0.5492
25293,U,626,1.1385
25293,W,70,0.1273
25293,X,23,0.0418
25293,Y,67,0.1218
25293,Z,7266,13.214
25295,A,7252,2.3848
25295,B,3682,1.2108
25295,C,4017,1.321
25295,D,3307,1.0875
25295,E,15751,5.1797
25295,F,5650,1.858
25295,G,9146,3.0076
25295,H,13447,4.422
25295,I,16204,5.3286
25295,J,20493,6.7391
25295,K,34326,11.288
25295,L,7420,2.44
25295,M,26970,8.869
25295,N,16590,5.4556
25295,O,6728,2.2125
25295,P,596,0.196
25295,Q,2060,0.6774
25295,R,34460,11.3321
25295,S,9883,3.25
25295,T,2643,0.8691
25295,U,7013,2.3062
25295,V,109,0.0358
25295,W,459,0.1509
25295,X,93,0.0306
25295,Y,818,0.269
25295,Z,54976,18.0787
25297,A,2178,2.1103
25297,B,1015,0.9835
25297,C,1162,1.1259
25297,D,1290,1.2499
25297,E,4683,4.5375
25297,F,1837,1.7799
25297,G,2835,2.7469
25297,H,5454,5.2846
25297,I,13897,13.4653
25297,J,5957,5.772
25297,K,9697,9.3958
25297,L,2886,2.7963
25297,M,7536,7.3019
25297,N,5602,5.428
25297,O,1200,1.1627
25297,P,141,0.1366
25297,Q,613,0.594
25297,R,20203,19.5754
25297,S,2517,2.4388
25297,T,564,0.5465
25297,U,897,0.8691
25297,V,18,0.0174
25297,W,123,0.1192
25297,X,34,0.0329
25297,Y,81,0.0785
25297,Z,10786,10.4509
25299,A,406,1.9865
25299,B,90,0.4404
25299,C,363,1.7761
25299,D,167,0.8171
25299,E,582,2.8476
25299,F,293,1.4336
25299,G,229,1.1205
25299,H,1296,6.3411
25299,I,2332,11.4101
25299,J,812,3.973
25299,K,2179,10.6615
25299,L,442,2.1626
25299,M,721,3.5277
25299,N,1229,6.0133
25299,O,247,1.2085
25299,P,42,0.2055
25299,Q,105,0.5137
25299,R,6184,30.2574
25299,S,526,2.5736
25299,T,110,0.5382
25299,U,126,0.6165
25299,V,3,0.0147
25299,W,47,0.23
25299,X,8,0.0391
25299,Y,30,0.1468
25299,Z,1869,9.1447
25307,A,92627,2.5768
25307,B,117911,3.2802
25307,C,32123,0.8936
25307,D,42984,1.1958
25307,E,251219,6.9887
25307,F,93744,2.6079
25307,G,82665,2.2997
25307,H,235492,6.5512
25307,I,232456,6.4667
25307,J,195905,5.4499
25307,K,426551,11.8663
25307,L,113313,3.1523
25307,M,246728,6.8638
25307,N,247120,6.8747
25307,O,45650,1.2699
25307,P,4021,0.1119
25307,Q,12849,0.3574
25307,R,379858,10.5673
25307,S,116461,3.2398
25307,T,66019,1.8366
25307,U,86553,2.4078
25307,V,683,0.019
25307,W,5098,0.1418
25307,X,1432,0.0398
25307,Y,4011,0.1116
25307,Z,461171,12.8294
25312,A,928,2.8002
25312,B,387,1.1678
25312,C,336,1.0139
25312,D,381,1.1497
25312,E,1505,4.5413
25312,F,456,1.376
25312,G,590,1.7803
25312,H,1654,4.9909
25312,I,4420,13.3374
25312,J,1409,4.2517
25312,K,2643,7.9753
25312,L,613,1.8497
25312,M,2072,6.2523
25312,N,2725,8.2227
25312,O,793,2.3929
25312,P,100,0.3018
25312,Q,215,0.6488
25312,R,4130,12.4623
25312,S,1320,3.9831
25312,T,312,0.9415
25312,U,323,0.9747
25312,V,12,0.0362
25312,W,32,0.0966
25312,X,29,0.0875
25312,Y,46,0.1388
25312,Z,5709,17.2269
25317,A,4808,2.611
25317,B,2480,1.3468
25317,C,1616,0.8776
25317,D,1900,1.0318
25317,E,11336,6.156
25317,F,3130,1.6997
25317,G,4037,2.1923
25317,H,7630,4.1435
25317,I,14503,7.8759
25317,J,12953,7.0341
25317,K,14976,8.1327
25317,L,3527,1.9153
25317,M,12314,6.6871
25317,N,11772,6.3928
25317,O,3424,1.8594
25317,P,276,0.1499
25317,Q,1207,0.6555
25317,R,21047,11.4296
25317,S,9433,5.1226
25317,T,1757,0.9541
25317,U,78,0.0424
25317,V,89,0.0483
25317,W,425,0.2308
25317,X,80,0.0434
25317,Y,383,0.208
25317,Z,38964,21.1594
25320,A,2546,1.677
25320,B,2637,1.7369
25320,C,2546,1.677
25320,D,1945,1.2811
25320,E,7232,4.7635
25320,F,2844,1.8733
25320,G,4081,2.688
25320,H,7878,5.189
25320,I,18611,12.2585
25320,J,8337,5.4913
25320,K,11858,7.8105
25320,L,4159,2.7394
25320,M,11969,7.8836
25320,N,14386,9.4756
25320,O,2106,1.3872
25320,P,232,0.1528
25320,Q,516,0.3399
25320,R,16334,10.7587
25320,S,7264,4.7846
25320,T,1825,1.2021
25320,U,1909,1.2574
25320,V,94,0.0619
25320,W,435,0.2865
25320,X,147,0.0968
25320,Y,197,0.1298
25320,Z,19733,12.9975
25322,A,5267,1.7417
25322,B,2774,0.9173
25322,C,3119,1.0314
25322,D,2908,0.9616
25322,E,15471,5.1159
25322,F,3895,1.288
25322,G,8523,2.8184
25322,H,9679,3.2006
25322,I,27484,9.0884
25322,J,28089,9.2884
25322,K,37516,12.4058
25322,L,5658,1.871
25322,M,19100,6.316
25322,N,15658,5.1778
25322,O,3574,1.1818
25322,P,568,0.1878
25322,Q,1330,0.4398
25322,R,36633,12.1138
25322,S,9054,2.994
25322,T,1512,0.5
25322,U,2170,0.7176
25322,V,112,0.037
25322,W,386,0.1276
25322,X,60,0.0198
25322,Y,422,0.1395
25322,Z,61446,20.3189
25324,A,327,1.2894
25324,B,384,1.5141
25324,C,303,1.1947
25324,D,286,1.1277
25324,E,1064,4.1954
25324,F,615,2.425
25324,G,769,3.0322
25324,H,2016,7.9492
25324,I,5523,21.7775
25324,J,1335,5.264
25324,K,1670,6.5849
25324,L,532,2.0977
25324,M,1108,4.3689
25324,N,1525,6.0132
25324,O,296,1.1671
25324,P,2,0.0079
25324,Q,40,0.1577
25324,R,2022,7.9729
25324,S,601,2.3698
25324,T,602,2.3737
25324,U,256,1.0094
25324,V,13,0.0513
25324,W,5,0.0197
25324,X,2,0.0079
25324,Y,12,0.0473
25324,Z,4053,15.9812
25326,A,3728,3.0542
25326,B,1233,1.0102
25326,C,1648,1.3501
25326,D,1486,1.2174
25326,E,8251,6.7597
25326,F,1656,1.3567
25326,G,3444,2.8215
25326,H,5378,4.406
25326,I,9522,7.801
25326,J,15454,12.6609
25326,K,11059,9.0602
25326,L,2994,2.4529
25326,M,9176,7.5176
25326,N,7038,5.766
25326,O,1513,1.2395
25326,P,218,0.1786
25326,Q,1535,1.2576
25326,R,10914,8.9414
25326,S,4094,3.3541
25326,T,678,0.5555
25326,U,828,0.6783
25326,V,29,0.0238
25326,W,248,0.2032
25326,X,15,0.0123
25326,Y,66,0.0541
25326,Z,19856,16.2673
25328,A,270,0.4705
25328,B,713,1.2425
25328,C,893,1.5562
25328,D,422,0.7354
25328,E,3400,5.9251
25328,F,728,1.2687
25328,G,1307,2.2777
25328,H,2939,5.1217
25328,I,8551,14.9016
25328,J,2214,3.8583
25328,K,3758,6.549
25328,L,981,1.7096
25328,M,2332,4.0639
25328,N,2660,4.6355
25328,O,458,0.7981
25328,P,123,0.2143
25328,Q,254,0.4426
25328,R,8293,14.452
25328,S,1373,2.3927
25328,T,691,1.2042
25328,U,85,0.1481
25328,V,6,0.0105
25328,W,87,0.1516
25328,X,24,0.0418
25328,Y,37,0.0645
25328,Z,14784,25.7637
25335,A,1682,2.1307
25335,B,1248,1.5809
25335,C,641,0.812
25335,D,1025,1.2984
25335,E,4566,5.784
25335,F,1981,2.5094
25335,G,2030,2.5715
25335,H,3044,3.856
25335,I,11035,13.9786
25335,J,3296,4.1752
25335,K,7051,8.9319
25335,L,1661,2.1041
25335,M,3269,4.141
25335,N,4432,5.6142
25335,O,1470,1.8621
25335,P,163,0.2065
25335,Q,417,0.5282
25335,R,6587,8.3441
25335,S,3094,3.9193
25335,T,587,0.7436
25335,U,406,0.5143
25335,V,6,0.0076
25335,W,164,0.2077
25335,X,102,0.1292
25335,Y,83,0.1051
25335,Z,18902,23.9442
25339,A,779,2.2375
25339,B,253,0.7267
25339,C,748,2.1485
25339,D,592,1.7004
25339,E,2050,5.8883
25339,F,1058,3.0389
25339,G,887,2.5478
25339,H,978,2.8091
25339,I,3276,9.4097
25339,J,1524,4.3774
25339,K,2931,8.4188
25339,L,636,1.8268
25339,M,1547,4.4435
25339,N,1967,5.6499
25339,O,722,2.0738
25339,P,62,0.1781
25339,Q,206,0.5917
25339,R,3309,9.5045
25339,S,1496,4.297
25339,T,385,1.1058
25339,U,259,0.7439
25339,V,22,0.0632
25339,W,84,0.2413
25339,X,61,0.1752
25339,Y,230,0.6606
25339,Z,8753,25.1415
25368,A,274,1.2473
25368,B,252,1.1471
25368,C,379,1.7252
25368,D,224,1.0197
25368,E,1469,6.687
25368,F,420,1.9119
25368,G,331,1.5067
25368,H,1363,6.2045
25368,I,3080,14.0204
25368,J,856,3.8966
25368,K,1811,8.2438
25368,L,521,2.3716
25368,M,984,4.4792
25368,N,1566,7.1286
25368,O,313,1.4248
25368,P,9,0.041
25368,Q,103,0.4689
25368,R,4410,20.0747
25368,S,686,3.1227
25368,T,211,0.9605
25368,U,35,0.1593
25368,V,4,0.0182
25368,W,32,0.1457
25368,X,6,0.0273
25368,Y,26,0.1184
25368,Z,2603,11.8491
25372,A,1240,1.4473
25372,B,774,0.9034
25372,C,1185,1.3831
25372,D,1159,1.3528
25372,E,4063,4.7423
25372,F,1618,1.8885
25372,G,1973,2.3029
25372,H,4110,4.7971
25372,I,17504,20.4305
25372,J,4859,5.6714
25372,K,7884,9.2021
25372,L,2165,2.527
25372,M,5543,6.4697
25372,N,4575,5.3399
25372,O,1115,1.3014
25372,P,75,0.0875
25372,Q,343,0.4003
25372,R,11808,13.7822
25372,S,3080,3.5949
25372,T,819,0.9559
25372,U,80,0.0934
25372,V,26,0.0303
25372,W,303,0.3537
25372,X,74,0.0864
25372,Y,78,0.091
25372,Z,9223,10.765
25377,A,5480,1.5937
25377,B,5339,1.5527
25377,C,3558,1.0347
25377,D,2902,0.8439
25377,E,15074,4.3837
25377,F,7348,2.1369
25377,G,8460,2.4603
25377,H,15466,4.4977
25377,I,29196,8.4906
25377,J,24381,7.0903
25377,K,37109,10.7918
25377,L,7788,2.2649
25377,M,25928,7.5402
25377,N,18624,5.4161
25377,O,2300,0.6689
25377,P,463,0.1346
25377,Q,1590,0.4624
25377,R,73726,21.4405
25377,S,10775,3.1335
25377,T,2627,0.764
25377,U,2052,0.5967
25377,V,91,0.0265
25377,W,745,0.2167
25377,X,49,0.0142
25377,Y,632,0.1838
25377,Z,42160,12.2607
25386,A,8876,1.7441
25386,B,8853,1.7396
25386,C,7002,1.3759
25386,D,6437,1.2649
25386,E,30141,5.9227
25386,F,10973,2.1562
25386,G,9602,1.8868
25386,H,29635,5.8232
25386,I,38533,7.5717
25386,J,21812,4.286
25386,K,85489,16.7985
25386,L,9782,1.9221
25386,M,38723,7.609
25386,N,22397,4.401
25386,O,5547,1.09
25386,P,627,0.1232
25386,Q,2035,0.3999
25386,R,93497,18.372
25386,S,18911,3.716
25386,T,3326,0.6536
25386,U,13858,2.7231
25386,V,98,0.0193
25386,W,600,0.1179
25386,X,224,0.044
25386,Y,558,0.1096
25386,Z,41374,8.1299
25394,A,5707,2.6629
25394,B,3779,1.7633
25394,C,3349,1.5627
25394,D,2240,1.0452
25394,E,12507,5.8359
25394,F,3913,1.8258
25394,G,4639,2.1646
25394,H,9386,4.3796
25394,I,41237,19.2416
25394,J,16530,7.7131
25394,K,12645,5.9003
25394,L,4356,2.0326
25394,M,14075,6.5675
25394,N,10321,4.8159
25394,O,2179,1.0167
25394,P,232,0.1083
25394,Q,588,0.2744
25394,R,25297,11.8038
25394,S,10982,5.1243
25394,T,2450,1.1432
25394,U,437,0.2039
25394,V,56,0.0261
25394,W,569,0.2655
25394,X,134,0.0625
25394,Y,343,0.16
25394,Z,26361,12.3003
25398,A,1608,2.5149
25398,B,1003,1.5687
25398,C,1224,1.9144
25398,D,765,1.1965
25398,E,2506,3.9194
25398,F,1170,1.8299
25398,G,1094,1.711
25398,H,2798,4.3761
25398,I,11945,18.6822
25398,J,3579,5.5976
25398,K,6354,9.9378
25398,L,1766,2.7621
25398,M,3666,5.7337
25398,N,4157,6.5016
25398,O,822,1.2856
25398,P,62,0.097
25398,Q,262,0.4098
25398,R,7739,12.1039
25398,S,3006,4.7014
25398,T,919,1.4373
25398,U,23,0.036
25398,V,24,0.0375
25398,W,134,0.2096
25398,X,24,0.0375
25398,Y,45,0.0704
25398,Z,7243,11.3282
25402,A,3909,1.2217
25402,B,3275,1.0236
25402,C,3885,1.2142
25402,D,3381,1.0567
25402,E,16581,5.1823
25402,F,6029,1.8843
25402,G,7276,2.2741
25402,H,16925,5.2898
25402,I,27947,8.7347
25402,J,11780,3.6818
25402,K,35486,11.091
25402,L,5949,1.8593
25402,M,18447,5.7655
25402,N,19233,6.0112
25402,O,3730,1.1658
25402,P,577,0.1803
25402,Q,1454,0.4544
25402,R,40708,12.7231
25402,S,10978,3.4311
25402,T,3198,0.9995
25402,U,6057,1.8931
25402,V,91,0.0284
25402,W,1034,0.3232
25402,X,146,0.0456
25402,Y,717,0.2241
25402,Z,71160,22.2408
25407,A,1496,0.9368
25407,B,770,0.4822
25407,C,1827,1.1441
25407,D,1127,0.7057
25407,E,5998,3.756
25407,F,2029,1.2706
25407,G,3208,2.0089
25407,H,4762,2.982
25407,I,18160,11.3719
25407,J,9121,5.7116
25407,K,13150,8.2346
25407,L,2361,1.4785
25407,M,8363,5.237
25407,N,19858,12.4352
25407,O,4882,3.0571
25407,P,488,0.3056
25407,Q,722,0.4521
25407,R,14022,8.7807
25407,S,9841,6.1625
25407,T,1646,1.0307
25407,U,3339,2.0909
25407,V,59,0.0369
25407,W,545,0.3413
25407,X,79,0.0495
25407,Y,231,0.1447
25407,Z,31608,19.7931
25426,A,918,0.9884
25426,B,764,0.8226
25426,C,2452,2.6401
25426,D,1546,1.6646
25426,E,3752,4.0399
25426,F,2795,3.0095
25426,G,2327,2.5055
25426,H,3614,3.8913
25426,I,17680,19.0365
25426,J,3950,4.2531
25426,K,8544,9.1996
25426,L,1743,1.8767
25426,M,4710,5.0714
25426,N,4462,4.8044
25426,O,1484,1.5979
25426,P,225,0.2423
25426,Q,712,0.7666
25426,R,8824,9.501
25426,S,3634,3.9128
25426,T,707,0.7612
25426,U,1018,1.0961
25426,V,31,0.0334
25426,W,184,0.1981
25426,X,64,0.0689
25426,Y,111,0.1195
25426,Z,16623,17.8984
25430,A,34049,1.2715
25430,B,32377,1.2091
25430,C,24947,0.9316
25430,D,23213,0.8668
25430,E,119541,4.464
25430,F,52031,1.943
25430,G,59127,2.208
25430,H,112597,4.2047
25430,I,113175,4.2263
25430,J,146371,5.4659
25430,K,451497,16.8602
25430,L,57165,2.1347
25430,M,224577,8.3864
25430,N,111938,4.1801
25430,O,36927,1.379
25430,P,10335,0.3859
25430,Q,20283,0.7574
25430,R,301911,11.2742
25430,S,84343,3.1496
25430,T,17529,0.6546
25430,U,58919,2.2002
25430,V,287,0.0107
25430,W,2275,0.085
25430,X,587,0.0219
25430,Y,84788,3.1662
25430,Z,497093,18.5629
25436,A,398,0.5651
25436,B,682,0.9684
25436,C,920,1.3063
25436,D,766,1.0877
25436,E,3368,4.7823
25436,F,2572,3.652
25436,G,953,1.3532
25436,H,2605,3.6989
25436,I,14919,21.1836
25436,J,2613,3.7102
25436,K,5358,7.6079
25436,L,1235,1.7536
25436,M,3706,5.2622
25436,N,3325,4.7212
25436,O,717,1.0181
25436,P,50,0.071
25436,Q,321,0.4558
25436,R,7025,9.9749
25436,S,2227,3.1621
25436,T,634,0.9002
25436,U,1372,1.9481
25436,V,13,0.0185
25436,W,167,0.2371
25436,X,30,0.0426
25436,Y,68,0.0966
25436,Z,14383,20.4226
25438,A,3009,1.9857
25438,B,3610,2.3823
25438,C,1718,1.1337
25438,D,1095,0.7226
25438,E,5030,3.3193
25438,F,2014,1.3291
25438,G,3931,2.5941
25438,H,6349,4.1898
25438,I,15180,10.0174
25438,J,9294,6.1332
25438,K,23500,15.5079
25438,L,4223,2.7868
25438,M,7680,5.0681
25438,N,10391,6.8571
25438,O,2207,1.4564
25438,P,168,0.1109
25438,Q,307,0.2026
25438,R,20647,13.6251
25438,S,6983,4.6081
25438,T,1707,1.1265
25438,U,498,0.3286
25438,V,278,0.1835
25438,W,837,0.5523
25438,X,100,0.066
25438,Y,152,0.1003
25438,Z,20628,13.6126
25473,A,11348,0.9528
25473,B,13952,1.1714
25473,C,12856,1.0794
25473,D,10465,0.8786
25473,E,73286,6.1531
25473,F,21653,1.818
25473,G,23671,1.9874
25473,H,53644,4.504
25473,I,80807,6.7846
25473,J,81517,6.8442
25473,K,113288,9.5117
25473,L,25526,2.1432
25473,M,87554,7.3511
25473,N,58127,4.8804
25473,O,14190,1.1914
25473,P,2529,0.2123
25473,Q,6303,0.5292
25473,R,200840,16.8626
25473,S,36347,3.0517
25473,T,6992,0.5871
25473,U,16998,1.4272
25473,V,374,0.0314
25473,W,1128,0.0947
25473,X,315,0.0264
25473,Y,3050,0.2561
25473,Z,234278,19.6701
25483,A,232,1.8205
25483,B,282,2.2128
25483,C,47,0.3688
25483,D,241,1.8911
25483,E,500,3.9234
25483,F,254,1.9931
25483,G,206,1.6164
25483,H,1026,8.0508
25483,I,2442,19.162
25483,J,578,4.5355
25483,K,987,7.7448
25483,L,339,2.6601
25483,M,569,4.4648
25483,N,712,5.5869
25483,O,85,0.667
25483,P,46,0.361
25483,Q,32,0.2511
25483,R,1094,8.5844
25483,S,318,2.4953
25483,T,356,2.7935
25483,U,37,0.2903
25483,V,2,0.0157
25483,X,3,0.0235
25483,Y,8,0.0628
25483,Z,2348,18.4244
25486,A,6168,4.407
25486,B,2543,1.8169
25486,C,1287,0.9195
25486,D,1171,0.8367
25486,E,5277,3.7704
25486,F,2261,1.6155
25486,G,6946,4.9628
25486,H,5543,3.9604
25486,I,8495,6.0696
25486,J,11127,7.9501
25486,K,12357,8.829
25486,L,3430,2.4507
25486,M,11275,8.0559
25486,N,9040,6.459
25486,O,2749,1.9641
25486,P,297,0.2122
25486,Q,692,0.4944
25486,R,17974,12.8422
25486,S,6727,4.8064
25486,T,1402,1.0017
25486,U,3092,2.2092
25486,V,70,0.05
25486,W,285,0.2036
25486,X,49,0.035
25486,Y,122,0.0872
25486,Z,19581,13.9904
25488,A,893,1.2643
25488,B,1223,1.7315
25488,C,370,0.5238
25488,D,736,1.042
25488,E,3478,4.9242
25488,F,1204,1.7046
25488,G,971,1.3748
25488,H,3232,4.5759
25488,I,8790,12.445
25488,J,2584,3.6585
25488,K,13438,19.0256
25488,L,1387,1.9637
25488,M,2700,3.8227
25488,N,4587,6.4943
25488,O,661,0.9358
25488,P,99,0.1402
25488,Q,164,0.2322
25488,R,5499,7.7855
25488,S,1716,2.4295
25488,T,2508,3.5508
25488,U,2841,4.0223
25488,V,33,0.0467
25488,W,49,0.0694
25488,X,25,0.0354
25488,Y,77,0.109
25488,Z,11366,16.0921
25489,A,896,2.3262
25489,B,790,2.051
25489,C,518,1.3449
25489,D,297,0.7711
25489,E,2525,6.5555
25489,F,772,2.0043
25489,G,946,2.4561
25489,H,1657,4.302
25489,I,6842,17.7636
25489,J,2491,6.4673
25489,K,4204,10.9147
25489,L,853,2.2146
25489,M,2405,6.244
25489,N,3254,8.4482
25489,O,319,0.8282
25489,P,9,0.0234
25489,Q,118,0.3064
25489,R,4722,12.2595
25489,S,1474,3.8269
25489,T,392,1.0177
25489,U,149,0.3868
25489,V,6,0.0156
25489,W,109,0.283
25489,X,16,0.0415
25489,Y,10,0.026
25489,Z,2743,7.1215
25491,A,547,1.7942
25491,B,355,1.1644
25491,C,584,1.9156
25491,D,563,1.8467
25491,E,2065,6.7734
25491,F,896,2.939
25491,G,640,2.0993
25491,H,1696,5.563
25491,I,1687,5.5335
25491,J,1798,5.8976
25491,K,2476,8.1215
25491,L,571,1.8729
25491,M,1959,6.4257
25491,N,2292,7.518
25491,O,341,1.1185
25491,P,27,0.0886
25491,Q,99,0.3247
25491,R,5787,18.9819
25491,S,1340,4.3953
25491,T,423,1.3875
25491,U,344,1.1283
25491,V,12,0.0394
25491,W,159,0.5215
25491,X,24,0.0787
25491,Y,23,0.0754
25491,Z,3779,12.3954
25506,A,282,1.0174
25506,B,446,1.609
25506,C,620,2.2367
25506,D,505,1.8219
25506,E,1063,3.8349
25506,F,516,1.8615
25506,G,510,1.8399
25506,H,1883,6.7932
25506,I,3758,13.5575
25506,J,735,2.6516
25506,K,2411,8.698
25506,L,382,1.3781
25506,M,1158,4.1776
25506,N,1318,4.7549
25506,O,747,2.6949
25506,P,77,0.2778
25506,Q,107,0.386
25506,R,4204,15.1665
25506,S,1028,3.7086
25506,T,347,1.2518
25506,U,31,0.1118
25506,V,26,0.0938
25506,W,88,0.3175
25506,X,25,0.0902
25506,Y,15,0.0541
25506,Z,5437,19.6147
25513,A,3108,1.1064
25513,B,4595,1.6357
25513,C,3875,1.3794
25513,D,3943,1.4036
25513,E,16364,5.8251
25513,F,5720,2.0361
25513,G,6038,2.1493
25513,H,19077,6.7908
25513,I,22650,8.0627
25513,J,21283,7.5761
25513,K,19063,6.7858
25513,L,4705,1.6748
25513,M,12374,4.4048
25513,N,11815,4.2058
25513,O,2446,0.8707
25513,P,274,0.0975
25513,Q,1173,0.4176
25513,R,97305,34.6376
25513,S,7078,2.5196
25513,T,1362,0.4848
25513,U,737,0.2623
25513,V,23,0.0082
25513,W,306,0.1089
25513,X,125,0.0445
25513,Y,176,0.0627
25513,Z,15308,5.4492
25518,A,488,1.4352
25518,B,658,1.9351
25518,C,417,1.2264
25518,D,271,0.797
25518,E,1123,3.3026
25518,F,389,1.144
25518,G,704,2.0704
25518,H,1266,3.7232
25518,I,3634,10.6873
25518,J,4399,12.9371
25518,K,1847,5.4319
25518,L,713,2.0969
25518,M,1443,4.2437
25518,N,1215,3.5732
25518,O,383,1.1264
25518,P,57,0.1676
25518,Q,144,0.4235
25518,R,6191,18.2072
25518,S,1206,3.5467
25518,T,279,0.8205
25518,U,152,0.447
25518,V,1,0.0029
25518,W,54,0.1588
25518,X,29,0.0853
25518,Y,21,0.0618
25518,Z,6919,20.3482
25524,A,340,1.0298
25524,B,880,2.6655
25524,C,840,2.5443
25524,D,461,1.3963
25524,E,1119,3.3894
25524,F,757,2.2929
25524,G,710,2.1505
25524,H,1749,5.2976
25524,I,2711,8.2114
25524,J,2365,7.1634
25524,K,3189,9.6592
25524,L,659,1.9961
25524,M,1387,4.2011
25524,N,1846,5.5914
25524,O,635,1.9234
25524,P,109,0.3302
25524,Q,120,0.3635
25524,R,3546,10.7406
25524,S,1577,4.7766
25524,T,364,1.1025
25524,U,64,0.1939
25524,V,7,0.0212
25524,W,93,0.2817
25524,X,31,0.0939
25524,Y,31,0.0939
25524,Z,7425,22.4898
25530,A,3242,2.6862
25530,B,2444,2.025
25530,C,1435,1.189
25530,D,797,0.6604
25530,E,2584,2.141
25530,F,1486,1.2312
25530,G,2462,2.0399
25530,H,4240,3.5131
25530,I,9724,8.0569
25530,J,5566,4.6118
25530,K,10085,8.356
25530,L,2866,2.3747
25530,M,6973,5.7776
25530,N,6424,5.3227
25530,O,2647,2.1932
25530,P,222,0.1839
25530,Q,291,0.2411
25530,R,20230,16.7618
25530,S,10109,8.3759
25530,T,1816,1.5047
25530,U,507,0.4201
25530,V,162,0.1342
25530,W,846,0.701
25530,X,201,0.1665
25530,Y,173,0.1433
25530,Z,23159,19.1887
25535,A,1991,1.4898
25535,B,1540,1.1523
25535,C,2357,1.7636
25535,D,1936,1.4486
25535,E,7216,5.3994
25535,F,2625,1.9642
25535,G,2456,1.8377
25535,H,6051,4.5277
25535,I,11089,8.2974
25535,J,4317,3.2302
25535,K,10714,8.0168
25535,L,3019,2.259
25535,M,7030,5.2602
25535,N,8103,6.0631
25535,O,1988,1.4875
25535,P,294,0.22
25535,Q,901,0.6742
25535,R,24740,18.5119
25535,S,3997,2.9908
25535,T,940,0.7034
25535,U,729,0.5455
25535,V,28,0.021
25535,W,108,0.0808
25535,X,41,0.0307
25535,Y,94,0.0703
25535,Z,29340,21.9538
25572,A,5708,2.9079
25572,B,4432,2.2578
25572,C,2125,1.0826
25572,D,2792,1.4223
25572,E,13484,6.8693
25572,F,3844,1.9583
25572,G,3863,1.968
25572,H,7912,4.0307
25572,I,11663,5.9416
25572,J,10099,5.1448
25572,K,25148,12.8113
25572,L,5141,2.619
25572,M,12556,6.3965
25572,N,19760,10.0665
25572,O,3661,1.8651
25572,P,545,0.2776
25572,Q,694,0.3535
25572,R,25563,13.0227
25572,S,7974,4.0623
25572,T,2530,1.2889
25572,U,855,0.4356
25572,V,108,0.055
25572,W,797,0.406
25572,X,191,0.0973
25572,Y,304,0.1549
25572,Z,24546,12.5046
25580,A,512,1.9107
25580,B,492,1.836
25580,C,493,1.8398
25580,D,348,1.2987
25580,E,1627,6.0716
25580,F,460,1.7166
25580,G,555,2.0711
25580,H,1623,6.0566
25580,I,3283,12.2514
25580,J,1633,6.094
25580,K,2160,8.0606
25580,L,641,2.3921
25580,M,1442,5.3812
25580,N,2180,8.1352
25580,O,555,2.0711
25580,P,17,0.0634
25580,Q,68,0.2538
25580,R,3221,12.02
25580,S,1436,5.3588
25580,T,374,1.3957
25580,U,53,0.1978
25580,V,15,0.056
25580,W,83,0.3097
25580,X,35,0.1306
25580,Y,34,0.1269
25580,Z,3457,12.9007
25592,A,1345,2.0535
25592,B,1143,1.7451
25592,C,1506,2.2993
25592,D,992,1.5146
25592,E,4361,6.6582
25592,F,1708,2.6077
25592,G,1469,2.2428
25592,H,3133,4.7834
25592,I,8398,12.8218
25592,J,3255,4.9696
25592,K,5644,8.6171
25592,L,1529,2.3344
25592,M,4653,7.104
25592,N,5119,7.8155
25592,O,721,1.1008
25592,P,43,0.0657
25592,Q,201,0.3069
25592,R,8999,13.7394
25592,S,2605,3.9772
25592,T,718,1.0962
25592,U,271,0.4138
25592,V,31,0.0473
25592,W,195,0.2977
25592,X,33,0.0504
25592,Y,100,0.1527
25592,Z,7326,11.1851
25594,A,695,0.9811
25594,B,580,0.8187
25594,C,918,1.2959
25594,D,882,1.245
25594,E,5104,7.2049
25594,F,1195,1.6869
25594,G,1106,1.5612
25594,H,2414,3.4076
25594,I,20420,28.8251
25594,J,2592,3.6589
25594,K,4747,6.7009
25594,L,1370,1.9339
25594,M,2807,3.9624
25594,N,3709,5.2357
25594,O,866,1.2225
25594,P,148,0.2089
25594,Q,317,0.4475
25594,R,7094,10.014
25594,S,2294,3.2382
25594,T,723,1.0206
25594,U,181,0.2555
25594,V,17,0.024
25594,W,96,0.1355
25594,X,56,0.0791
25594,Y,45,0.0635
25594,Z,10465,14.7725
25596,A,1421,1.377
25596,B,1482,1.4361
25596,C,1463,1.4177
25596,D,1788,1.7327
25596,E,4057,3.9314
25596,F,1910,1.8509
25596,G,1892,1.8334
25596,H,5267,5.104
25596,I,21443,20.7793
25596,J,6033,5.8463
25596,K,7533,7.2998
25596,L,2063,1.9991
25596,M,5157,4.9974
25596,N,5543,5.3714
25596,O,1345,1.3034
25596,P,89,0.0862
25596,Q,397,0.3847
25596,R,10570,10.2428
25596,S,4270,4.1378
25596,T,1154,1.1183
25596,U,254,0.2461
25596,V,41,0.0397
25596,W,327,0.3169
25596,X,61,0.0591
25596,Y,76,0.0736
25596,Z,17558,17.0146
25599,A,2794,1.8735
25599,B,2245,1.5054
25599,C,1800,1.207
25599,D,2164,1.451
25599,E,10328,6.9253
25599,F,2533,1.6985
25599,G,2831,1.8983
25599,H,8822,5.9155
25599,I,12027,8.0646
25599,J,7948,5.3294
25599,K,10913,7.3176
25599,L,3156,2.1162
25599,M,9570,6.417
25599,N,10427,6.9917
25599,O,2034,1.3639
25599,P,127,0.0852
25599,Q,738,0.4949
25599,R,27594,18.5028
25599,S,5552,3.7228
25599,T,2387,1.6006
25599,U,1461,0.9797
25599,V,28,0.0188
25599,W,334,0.224
25599,X,100,0.0671
25599,Y,111,0.0744
25599,Z,21110,14.1551
25612,A,3009,2.4828
25612,B,3517,2.902
25612,C,1793,1.4794
25612,D,1741,1.4365
25612,E,8040,6.634
25612,F,3392,2.7988
25612,G,2641,2.1792
25612,H,5995,4.9466
25612,I,23033,19.0051
25612,J,5765,4.7568
25612,K,10725,8.8494
25612,L,3249,2.6808
25612,M,6766,5.5828
25612,N,6848,5.6504
25612,O,1346,1.1106
25612,P,138,0.1139
25612,Q,382,0.3152
25612,R,13464,11.1095
25612,S,3619,2.9861
25612,T,3934,3.246
25612,U,1124,0.9274
25612,V,12,0.0099
25612,W,141,0.1163
25612,X,32,0.0264
25612,Y,214,0.1766
25612,Z,10274,8.4773
25645,A,1568,3.5307
25645,B,589,1.3262
25645,C,616,1.387
25645,D,403,0.9074
25645,E,1617,3.641
25645,F,692,1.5582
25645,G,861,1.9387
25645,H,1494,3.364
25645,I,8402,18.9187
25645,J,4825,10.8644
25645,K,3101,6.9825
25645,L,962,2.1661
25645,M,3232,7.2775
25645,N,3210,7.2279
25645,O,474,1.0673
25645,P,28,0.063
25645,Q,129,0.2905
25645,R,5832,13.1319
25645,S,1943,4.375
25645,T,575,1.2947
25645,U,213,0.4796
25645,V,44,0.0991
25645,W,228,0.5134
25645,X,44,0.0991
25645,Y,66,0.1486
25645,Z,3263,7.3473
25649,A,399,0.549
25649,B,933,1.2839
25649,C,1301,1.7903
25649,D,1130,1.555
25649,E,3115,4.2864
25649,F,1558,2.1439
25649,G,1301,1.7903
25649,H,3341,4.5974
25649,I,8564,11.7846
25649,J,6322,8.6995
25649,K,5383,7.4074
25649,L,1367,1.8811
25649,M,3288,4.5245
25649,N,3839,5.2827
25649,O,1460,2.0091
25649,P,85,0.117
25649,Q,476,0.655
25649,R,8716,11.9938
25649,S,2825,3.8874
25649,T,601,0.827
25649,U,173,0.2381
25649,V,32,0.044
25649,W,150,0.2064
25649,X,37,0.0509
25649,Y,107,0.1472
25649,Z,16168,22.2482
25653,A,523,1.2825
25653,B,409,1.003
25653,C,673,1.6504
25653,D,382,0.9368
25653,E,2412,5.9148
25653,F,718,1.7607
25653,G,765,1.876
25653,H,1690,4.1443
25653,I,5660,13.8797
25653,J,2471,6.0595
25653,K,4042,9.912
25653,L,882,2.1629
25653,M,2103,5.1571
25653,N,1985,4.8677
25653,O,534,1.3095
25653,P,53,0.13
25653,Q,186,0.4561
25653,R,3686,9.039
25653,S,1385,3.3964
25653,T,463,1.1354
25653,U,250,0.6131
25653,V,8,0.0196
25653,W,46,0.1128
25653,X,13,0.0319
25653,Y,29,0.0711
25653,Z,9411,23.0781
25658,A,3186,2.6342
25658,B,1528,1.2634
25658,C,2053,1.6974
25658,D,1282,1.06
25658,E,6878,5.6867
25658,F,8424,6.965
25658,G,2535,2.0959
25658,H,6418,5.3064
25658,I,9607,7.9431
25658,J,7733,6.3937
25658,K,10190,8.4251
25658,L,3257,2.6929
25658,M,7949,6.5722
25658,N,6458,5.3395
25658,O,1663,1.375
25658,P,218,0.1802
25658,Q,631,0.5217
25658,R,16127,13.3338
25658,S,5327,4.4044
25658,T,1523,1.2592
25658,U,1755,1.451
25658,V,24,0.0198
25658,W,530,0.4382
25658,X,90,0.0744
25658,Y,726,0.6003
25658,Z,14836,12.2664
25662,A,1628,2.1201
25662,B,1267,1.65
25662,C,1521,1.9808
25662,D,1227,1.5979
25662,E,4706,6.1286
25662,F,1490,1.9404
25662,G,2076,2.7035
25662,H,4196,5.4644
25662,I,9976,12.9916
25662,J,4795,6.2445
25662,K,5935,7.7291
25662,L,2132,2.7765
25662,M,5706,7.4308
25662,N,6045,7.8723
25662,O,1053,1.3713
25662,P,84,0.1094
25662,Q,268,0.349
25662,R,9516,12.3926
25662,S,4546,5.9202
25662,T,931,1.2124
25662,U,319,0.4154
25662,V,38,0.0495
25662,W,366,0.4766
25662,X,102,0.1328
25662,Y,123,0.1602
25662,Z,6742,8.78
25718,A,1870,1.7126
25718,B,2346,2.1485
25718,C,1672,1.5312
25718,D,1280,1.1722
25718,E,5593,5.1221
25718,F,1924,1.762
25718,G,3611,3.307
25718,H,4367,3.9993
25718,I,13328,12.2059
25718,J,6634,6.0755
25718,K,10658,9.7607
25718,L,1993,1.8252
25718,M,10077,9.2286
25718,N,6116,5.6011
25718,O,1123,1.0285
25718,P,178,0.163
25718,Q,351,0.3214
25718,R,15367,14.0732
25718,S,5547,5.08
25718,T,1171,1.0724
25718,U,1295,1.186
25718,V,74,0.0678
25718,W,601,0.5504
25718,X,76,0.0696
25718,Y,164,0.1502
25718,Z,11777,10.7855
25736,A,6033,3.4072
25736,B,2541,1.4351
25736,C,2533,1.4306
25736,D,1796,1.0143
25736,E,8913,5.0338
25736,F,2729,1.5413
25736,G,5562,3.1412
25736,H,7459,4.2126
25736,I,6032,3.4067
25736,J,14489,8.1829
25736,K,19812,11.1892
25736,L,4364,2.4646
25736,M,15442,8.7211
25736,N,12309,6.9517
25736,O,2764,1.561
25736,P,272,0.1536
25736,Q,1266,0.715
25736,R,16728,9.4474
25736,S,7123,4.0228
25736,T,1525,0.8613
25736,U,3032,1.7124
25736,V,87,0.0491
25736,W,365,0.2061
25736,X,86,0.0486
25736,Y,207,0.1169
25736,Z,33595,18.9734
25740,A,5077,1.5195
25740,B,3109,0.9305
25740,C,3749,1.122
25740,D,2496,0.747
25740,E,16092,4.8161
25740,F,57591,17.2361
25740,G,11638,3.4831
25740,H,13877,4.1532
25740,I,24658,7.3798
25740,J,13413,4.0143
25740,K,27795,8.3186
25740,L,5113,1.5302
25740,M,18554,5.5529
25740,N,17543,5.2504
25740,O,2610,0.7811
25740,P,521,0.1559
25740,Q,1251,0.3744
25740,R,34916,10.4498
25740,S,8382,2.5086
25740,T,3704,1.1086
25740,U,5313,1.5901
25740,V,31,0.0093
25740,W,408,0.1221
25740,X,46,0.0138
25740,Y,997,0.2984
25740,Z,55246,16.5343
25743,A,4209,2.0925
25743,B,2017,1.0027
25743,C,2750,1.3671
25743,D,2466,1.2259
25743,E,9404,4.6751
25743,F,5059,2.515
25743,G,4604,2.2888
25743,H,8831,4.3902
25743,I,30479,15.1523
25743,J,9005,4.4767
25743,K,18356,9.1255
25743,L,4061,2.0189
25743,M,15142,7.5277
25743,N,11950,5.9408
25743,O,3506,1.743
25743,P,452,0.2247
25743,Q,972,0.4832
25743,R,31219,15.5202
25743,S,9204,4.5757
25743,T,1339,0.6657
25743,U,3188,1.5849
25743,V,79,0.0393
25743,W,572,0.2844
25743,X,112,0.0557
25743,Y,143,0.0711
25743,Z,22032,10.953
25745,A,1705,1.428
25745,B,609,0.5101
25745,C,1408,1.1793
25745,D,942,0.789
25745,E,4107,3.4399
25745,F,1641,1.3744
25745,G,2208,1.8493
25745,H,4476,3.7489
25745,I,8512,7.1293
25745,J,7836,6.5631
25745,K,14009,11.7334
25745,L,1374,1.1508
25745,M,4453,3.7297
25745,N,12833,10.7484
25745,O,2677,2.2422
25745,P,158,0.1323
25745,Q,485,0.4062
25745,R,16228,13.592
25745,S,5011,4.197
25745,T,1196,1.0017
25745,U,772,0.6466
25745,V,16,0.0134
25745,W,469,0.3928
25745,X,96,0.0804
25745,Y,163,0.1365
25745,Z,26010,21.785
25754,A,128730,2.0496
25754,B,81569,1.2987
25754,C,69812,1.1115
25754,D,60711,0.9666
25754,E,383443,6.1052
25754,F,139781,2.2256
25754,G,157470,2.5072
25754,H,310486,4.9436
25754,I,367294,5.8481
25754,J,320951,5.1102
25754,K,662702,10.5516
25754,L,135741,2.1613
25754,M,508121,8.0903
25754,N,353203,5.6237
25754,O,60651,0.9657
25754,P,16836,0.2681
25754,Q,32408,0.516
25754,R,1017381,16.1988
25754,S,185024,2.946
25754,T,44574,0.7097
25754,U,179076,2.8513
25754,V,1050,0.0167
25754,W,5803,0.0924
25754,X,935,0.0149
25754,Y,20136,0.3206
25754,Z,1036724,16.5067
25758,A,20932,3.146
25758,B,8447,1.2696
25758,C,5589,0.84
25758,D,6801,1.0222
25758,E,29453,4.4267
25758,F,11382,1.7107
25758,G,18118,2.7231
25758,H,28642,4.3048
25758,I,38049,5.7186
25758,J,44044,6.6196
25758,K,111252,16.7207
25758,L,16948,2.5472
25758,M,62343,9.3699
25758,N,35960,5.4046
25758,O,8980,1.3497
25758,P,1023,0.1538
25758,Q,3016,0.4533
25758,R,68490,10.2938
25758,S,23839,3.5829
25758,T,4398,0.661
25758,U,9182,1.38
25758,V,176,0.0265
25758,W,735,0.1105
25758,X,175,0.0263
25758,Y,2021,0.3037
25758,Z,105358,15.8349
25769,A,2247,1.7716
25769,B,1467,1.1566
25769,C,1775,1.3995
25769,D,1683,1.3269
25769,E,7685,6.0591
25769,F,2549,2.0097
25769,G,2640,2.0814
25769,H,5788,4.5634
25769,I,16533,13.035
25769,J,7432,5.8596
25769,K,15254,12.0266
25769,L,2885,2.2746
25769,M,8801,6.9389
25769,N,6691,5.2754
25769,O,1084,0.8547
25769,P,248,0.1955
25769,Q,668,0.5267
25769,R,17502,13.799
25769,S,2481,1.9561
25769,T,784,0.6181
25769,U,482,0.38
25769,V,21,0.0166
25769,W,63,0.0497
25769,X,15,0.0118
25769,Y,2118,1.6699
25769,Z,17939,14.1436
25772,A,3529,6.1995
25772,B,282,0.4954
25772,C,447,0.7853
25772,D,415,0.729
25772,E,1935,3.3993
25772,F,672,1.1805
25772,G,2377,4.1757
25772,H,1374,2.4137
25772,I,606,1.0646
25772,J,4872,8.5588
25772,K,7436,13.063
25772,L,1335,2.3452
25772,M,5995,10.5316
25772,N,3773,6.6281
25772,O,790,1.3878
25772,P,94,0.1651
25772,Q,104,0.1827
25772,R,6063,10.651
25772,S,2186,3.8402
25772,T,260,0.4567
25772,U,102,0.1792
25772,V,18,0.0316
25772,W,117,0.2055
25772,X,18,0.0316
25772,Y,51,0.0896
25772,Z,12073,21.209
25777,A,211,0.8051
25777,B,189,0.7211
25777,C,291,1.1103
25777,D,193,0.7364
25777,E,1215,4.6358
25777,F,676,2.5793
25777,G,634,2.419
25777,H,1530,5.8377
25777,I,3884,14.8193
25777,J,2475,9.4433
25777,K,1468,5.6011
25777,L,448,1.7093
25777,M,1444,5.5096
25777,N,1478,5.6393
25777,O,349,1.3316
25777,P,32,0.1221
25777,Q,104,0.3968
25777,R,4731,18.0511
25777,S,791,3.018
25777,T,255,0.9729
25777,U,37,0.1412
25777,V,7,0.0267
25777,W,87,0.3319
25777,X,15,0.0572
25777,Y,47,0.1793
25777,Z,3618,13.8044
25779,A,478,1.1587
25779,B,213,0.5163
25779,C,634,1.5368
25779,D,296,0.7175
25779,E,1064,2.5791
25779,F,830,2.0119
25779,G,1449,3.5124
25779,H,1646,3.9899
25779,I,4218,10.2245
25779,J,2320,5.6237
25779,K,7078,17.1571
25779,L,546,1.3235
25779,M,1545,3.7451
25779,N,4628,11.2183
25779,O,964,2.3367
25779,P,93,0.2254
25779,Q,177,0.429
25779,R,4213,10.2123
25779,S,1731,4.196
25779,T,285,0.6908
25779,U,472,1.1441
25779,V,12,0.0291
25779,W,93,0.2254
25779,X,42,0.1018
25779,Y,97,0.2351
25779,Z,6130,14.8592
25781,A,2301,2.3884
25781,B,590,0.6124
25781,C,710,0.737
25781,D,737,0.765
25781,E,4100,4.2557
25781,F,1481,1.5372
25781,G,2387,2.4776
25781,H,3878,4.0252
25781,I,8788,9.1217
25781,J,6037,6.2662
25781,K,11649,12.0913
25781,L,2079,2.1579
25781,M,7349,7.628
25781,N,8326,8.6421
25781,O,1287,1.3359
25781,P,120,0.1246
25781,Q,513,0.5325
25781,R,8143,8.4522
25781,S,3627,3.7647
25781,T,728,0.7556
25781,U,476,0.4941
25781,V,39,0.0405
25781,W,159,0.165
25781,X,20,0.0208
25781,Y,238,0.247
25781,Z,20580,21.3614
25785,A,5345,2.3564
25785,B,2790,1.23
25785,C,2992,1.319
25785,D,2468,1.088
25785,E,9855,4.3446
25785,F,4968,2.1902
25785,G,7090,3.1257
25785,H,11315,4.9883
25785,I,15225,6.712
25785,J,17926,7.9028
25785,K,22017,9.7063
25785,L,5907,2.6041
25785,M,16880,7.4417
25785,N,13856,6.1085
25785,O,3534,1.558
25785,P,457,0.2015
25785,Q,1224,0.5396
25785,R,31599,13.9306
25785,S,8874,3.9122
25785,T,1486,0.6551
25785,U,2440,1.0757
25785,V,122,0.0538
25785,W,276,0.1217
25785,X,82,0.0362
25785,Y,330,0.1455
25785,Z,37773,16.6525
25793,A,1331,1.3943
25793,B,631,0.661
25793,C,850,0.8905
25793,D,818,0.8569
25793,E,4015,4.2061
25793,F,1094,1.1461
25793,G,2052,2.1497
25793,H,3539,3.7074
25793,I,19293,20.2112
25793,J,5715,5.987
25793,K,9672,10.1323
25793,L,1666,1.7453
25793,M,6284,6.5831
25793,N,5638,5.9063
25793,O,2077,2.1758
25793,P,204,0.2137
25793,Q,587,0.6149
25793,R,7884,8.2592
25793,S,3878,4.0626
25793,T,943,0.9879
25793,U,1195,1.2519
25793,V,58,0.0608
25793,W,244,0.2556
25793,X,40,0.0419
25793,Y,177,0.1854
25793,Z,15572,16.3131
25797,A,1484,1.4043
25797,B,1090,1.0314
25797,C,1658,1.5689
25797,D,1668,1.5784
25797,E,6748,6.3854
25797,F,1968,1.8623
25797,G,1790,1.6938
25797,H,6063,5.7372
25797,I,6710,6.3495
25797,J,4127,3.9053
25797,K,10558,9.9907
25797,L,1903,1.8008
25797,M,6507,6.1574
25797,N,6237,5.9019
25797,O,1343,1.2708
25797,P,101,0.0956
25797,Q,397,0.3757
25797,R,28179,26.665
25797,S,3994,3.7794
25797,T,863,0.8166
25797,U,1110,1.0504
25797,V,32,0.0303
25797,W,216,0.2044
25797,X,66,0.0625
25797,Y,179,0.1694
25797,Z,10687,10.1128
25799,A,5798,1.564
25799,B,4022,1.0849
25799,C,2936,0.792
25799,D,3694,0.9964
25799,E,20229,5.4566
25799,F,5164,1.393
25799,G,9673,2.6092
25799,H,16213,4.3734
25799,I,28430,7.6688
25799,J,34438,9.2894
25799,K,44543,12.0152
25799,L,9220,2.487
25799,M,31198,8.4155
25799,N,21735,5.8629
25799,O,5213,1.4062
25799,P,628,0.1694
25799,Q,1422,0.3836
25799,R,54886,14.8052
25799,S,17430,4.7016
25799,T,2991,0.8068
25799,U,3044,0.8211
25799,V,173,0.0467
25799,W,959,0.2587
25799,X,129,0.0348
25799,Y,332,0.0896
25799,Z,46222,12.4681
25805,A,687,0.9268
25805,B,782,1.055
25805,C,1228,1.6567
25805,D,769,1.0375
25805,E,3193,4.3076
25805,F,1702,2.2962
25805,G,1213,1.6364
25805,H,4078,5.5016
25805,I,11290,15.2312
25805,J,3767,5.082
25805,K,4195,5.6594
25805,L,1407,1.8982
25805,M,3567,4.8122
25805,N,4456,6.0115
25805,O,684,0.9228
25805,P,81,0.1093
25805,Q,252,0.34
25805,R,14873,20.065
25805,S,2331,3.1447
25805,T,478,0.6449
25805,U,191,0.2577
25805,V,20,0.027
25805,W,107,0.1444
25805,X,40,0.054
25805,Y,52,0.0702
25805,Z,12681,17.1078
25807,A,268,0.7743
25807,B,243,0.7021
25807,C,786,2.271
25807,D,369,1.0661
25807,E,2154,6.2235
25807,F,1657,4.7875
25807,G,859,2.4819
25807,H,1612,4.6575
25807,I,5712,16.5034
25807,J,1603,4.6315
25807,K,2834,8.1881
25807,L,631,1.8231
25807,M,2041,5.897
25807,N,1518,4.3859
25807,O,378,1.0921
25807,P,10,0.0289
25807,Q,137,0.3958
25807,R,3162,9.1358
25807,S,1436,4.149
25807,T,395,1.1413
25807,U,92,0.2658
25807,V,4,0.0116
25807,W,147,0.4247
25807,X,26,0.0751
25807,Y,45,0.13
25807,Z,6492,18.757
25815,A,6321,2.4112
25815,B,5693,2.1716
25815,C,3359,1.2813
25815,D,3220,1.2283
25815,E,20110,7.671
25815,F,8861,3.3801
25815,G,6046,2.3063
25815,H,15756,6.0102
25815,I,28656,10.9309
25815,J,13778,5.2557
25815,K,18473,7.0466
25815,L,8558,3.2645
25815,M,17383,6.6308
25815,N,19477,7.4296
25815,O,3373,1.2866
25815,P,267,0.1018
25815,Q,992,0.3784
25815,R,41558,15.8525
25815,S,10268,3.9168
25815,T,2818,1.0749
25815,U,3156,1.2039
25815,V,36,0.0137
25815,W,493,0.1881
25815,X,149,0.0568
25815,Y,424,0.1617
25815,Z,22930,8.7467
25817,A,13160,1.7004
25817,B,12363,1.5974
25817,C,7559,0.9767
25817,D,8083,1.0444
25817,E,32614,4.214
25817,F,12748,1.6471
25817,G,17961,2.3207
25817,H,30681,3.9642
25817,I,39130,5.0559
25817,J,69787,9.0171
25817,K,82856,10.7057
25817,L,19674,2.542
25817,M,71761,9.2721
25817,N,52600,6.7964
25817,O,15458,1.9973
25817,P,1440,0.1861
25817,Q,5292,0.6838
25817,R,79101,10.2205
25817,S,28320,3.6592
25817,T,6720,0.8683
25817,U,22251,2.875
25817,V,136,0.0176
25817,W,863,0.1115
25817,X,167,0.0216
25817,Y,2296,0.2967
25817,Z,140922,18.2083
25823,A,263,0.706
25823,B,437,1.173
25823,C,348,0.9341
25823,D,456,1.224
25823,E,1344,3.6077
25823,F,824,2.2118
25823,G,891,2.3917
25823,H,1356,3.6399
25823,I,6780,18.1994
25823,J,3159,8.4796
25823,K,3125,8.3884
25823,L,673,1.8065
25823,M,2140,5.7443
25823,N,1673,4.4908
25823,O,465,1.2482
25823,P,18,0.0483
25823,Q,96,0.2577
25823,R,6877,18.4598
25823,S,1219,3.2721
25823,T,311,0.8348
25823,U,81,0.2174
25823,V,3,0.0081
25823,W,72,0.1933
25823,X,41,0.1101
25823,Y,18,0.0483
25823,Z,4584,12.3047
25839,A,684,1.9805
25839,B,168,0.4864
25839,C,669,1.9371
25839,D,396,1.1466
25839,E,1055,3.0548
25839,F,627,1.8155
25839,G,521,1.5086
25839,H,1556,4.5054
25839,I,3859,11.1738
25839,J,1629,4.7168
25839,K,3626,10.4992
25839,L,703,2.0356
25839,M,1376,3.9842
25839,N,2097,6.0719
25839,O,726,2.1022
25839,P,62,0.1795
25839,Q,112,0.3243
25839,R,8371,24.2385
25839,S,1364,3.9495
25839,T,243,0.7036
25839,U,209,0.6052
25839,V,11,0.0319
25839,W,44,0.1274
25839,X,56,0.1621
25839,Y,28,0.0811
25839,Z,4344,12.5782
25841,A,847,1.1064
25841,B,839,1.0959
25841,C,1782,2.3277
25841,D,796,1.0398
25841,E,4678,6.1106
25841,F,2023,2.6425
25841,G,2269,2.9639
25841,H,3430,4.4804
25841,I,11783,15.3915
25841,J,5427,7.089
25841,K,6366,8.3156
25841,L,1530,1.9986
25841,M,4083,5.3334
25841,N,4679,6.1119
25841,O,1428,1.8653
25841,P,246,0.3213
25841,Q,352,0.4598
25841,R,8627,11.269
25841,S,2921,3.8156
25841,T,982,1.2827
25841,U,519,0.6779
25841,V,7,0.0091
25841,W,298,0.3893
25841,X,66,0.0862
25841,Y,95,0.1241
25841,Z,10482,13.6921
25843,A,20016,1.5536
25843,B,15210,1.1806
25843,C,9835,0.7634
25843,D,10396,0.8069
25843,E,57364,4.4525
25843,F,20995,1.6296
25843,G,28047,2.177
25843,H,58672,4.554
25843,I,123236,9.5653
25843,J,70410,5.4651
25843,K,177901,13.8083
25843,L,25658,1.9915
25843,M,85820,6.6612
25843,N,84911,6.5906
25843,O,19766,1.5342
25843,P,2125,0.1649
25843,Q,8521,0.6614
25843,R,122355,9.497
25843,S,48109,3.7341
25843,T,8927,0.6929
25843,U,17481,1.3568
25843,V,460,0.0357
25843,W,2268,0.176
25843,X,371,0.0288
25843,Y,4397,0.3413
25843,Z,265108,20.5772
25845,A,1243,1.0465
25845,B,1047,0.8815
25845,C,1737,1.4624
25845,D,1305,1.0987
25845,E,6447,5.4277
25845,F,1733,1.459
25845,G,2821,2.375
25845,H,4404,3.7077
25845,I,10527,8.8627
25845,J,7793,6.5609
25845,K,6118,5.1507
25845,L,2201,1.853
25845,M,6288,5.2939
25845,N,5944,5.0043
25845,O,1855,1.5617
25845,P,362,0.3048
25845,Q,857,0.7215
25845,R,41628,35.0466
25845,S,3703,3.1176
25845,T,915,0.7703
25845,U,225,0.1894
25845,V,11,0.0093
25845,W,253,0.213
25845,X,83,0.0699
25845,Y,140,0.1179
25845,Z,9139,7.6941
25851,A,1343,2.4865
25851,B,997,1.8459
25851,C,1411,2.6124
25851,D,798,1.4774
25851,E,3375,6.2486
25851,F,1242,2.2995
25851,G,1089,2.0162
25851,H,3121,5.7783
25851,I,6725,12.4509
25851,J,2818,5.2174
25851,K,3825,7.0818
25851,L,1292,2.3921
25851,M,3355,6.2116
25851,N,4461,8.2593
25851,O,609,1.1275
25851,P,51,0.0944
25851,Q,201,0.3721
25851,R,7534,13.9488
25851,S,2342,4.3361
25851,T,623,1.1534
25851,U,262,0.4851
25851,V,19,0.0352
25851,W,149,0.2759
25851,X,65,0.1203
25851,Y,62,0.1148
25851,Z,6243,11.5585
25862,A,1337,1.6622
25862,B,856,1.0642
25862,C,1438,1.7878
25862,D,1126,1.3999
25862,E,3880,4.8237
25862,F,1919,2.3857
25862,G,1764,2.193
25862,H,3810,4.7367
25862,I,13928,17.3156
25862,J,4559,5.6679
25862,K,7385,9.1812
25862,L,1896,2.3572
25862,M,5485,6.8191
25862,N,4288,5.3309
25862,O,947,1.1773
25862,P,55,0.0684
25862,Q,302,0.3755
25862,R,11542,14.3493
25862,S,3677,4.5713
25862,T,899,1.1177
25862,U,181,0.225
25862,V,34,0.0423
25862,W,359,0.4463
25862,X,35,0.0435
25862,Y,159,0.1977
25862,Z,8575,10.6606
25867,A,665,1.0437
25867,B,434,0.6812
25867,C,791,1.2415
25867,D,721,1.1316
25867,E,3410,5.352
25867,F,785,1.2321
25867,G,1347,2.1141
25867,H,2966,4.6552
25867,I,8548,13.4162
25867,J,7154,11.2283
25867,K,7164,11.244
25867,L,1180,1.852
25867,M,3347,5.2532
25867,N,2853,4.4778
25867,O,760,1.1928
25867,P,35,0.0549
25867,Q,259,0.4065
25867,R,8039,12.6173
25867,S,2334,3.6632
25867,T,673,1.0563
25867,U,240,0.3767
25867,V,11,0.0173
25867,W,229,0.3594
25867,X,41,0.0644
25867,Y,89,0.1397
25867,Z,9639,15.1285
25871,A,388,0.8872
25871,B,366,0.8369
25871,C,713,1.6303
25871,D,421,0.9626
25871,E,1974,4.5135
25871,F,774,1.7697
25871,G,925,2.115
25871,H,2093,4.7856
25871,I,7552,17.2676
25871,J,4532,10.3624
25871,K,3334,7.6232
25871,L,862,1.971
25871,M,1918,4.3855
25871,N,2027,4.6347
25871,O,417,0.9535
25871,P,37,0.0846
25871,Q,154,0.3521
25871,R,7811,17.8598
25871,S,1408,3.2194
25871,T,347,0.7934
25871,U,86,0.1966
25871,V,4,0.0091
25871,W,91,0.2081
25871,X,14,0.032
25871,Y,18,0.0412
25871,Z,5469,12.5049
25873,A,3799,1.5193
25873,B,1673,0.6691
25873,C,3002,1.2006
25873,D,2109,0.8434
25873,E,13432,5.3718
25873,F,5497,2.1984
25873,G,4464,1.7853
25873,H,10135,4.0533
25873,I,26113,10.4433
25873,J,11409,4.5628
25873,K,22008,8.8016
25873,L,4890,1.9556
25873,M,14642,5.8557
25873,N,12608,5.0423
25873,O,9396,3.7577
25873,P,736,0.2943
25873,Q,2661,1.0642
25873,R,28004,11.1995
25873,S,10943,4.3764
25873,T,2002,0.8007
25873,U,613,0.2452
25873,V,73,0.0292
25873,W,306,0.1224
25873,X,90,0.036
25873,Y,264,0.1056
25873,Z,59177,23.6664
25875,A,6669,1.8189
25875,B,7522,2.0516
25875,C,4821,1.3149
25875,D,3910,1.0664
25875,E,21015,5.7317
25875,F,7607,2.0748
25875,G,7290,1.9883
25875,H,20943,5.7121
25875,I,50621,13.8067
25875,J,22657,6.1796
25875,K,29381,8.0135
25875,L,8618,2.3505
25875,M,26039,7.102
25875,N,25838,7.0472
25875,O,3397,0.9265
25875,P,505,0.1377
25875,Q,1359,0.3707
25875,R,47386,12.9243
25875,S,14515,3.9589
25875,T,3969,1.0825
25875,U,3832,1.0452
25875,V,178,0.0485
25875,W,961,0.2621
25875,X,148,0.0404
25875,Y,328,0.0895
25875,Z,47133,12.8553
25878,A,4447,2.3047
25878,B,2800,1.4511
25878,C,2086,1.0811
25878,D,1485,0.7696
25878,E,6810,3.5293
25878,F,2182,1.1308
25878,G,4287,2.2218
25878,H,11529,5.975
25878,I,17698,9.1721
25878,J,11897,6.1657
25878,K,15610,8.09
25878,L,5089,2.6374
25878,M,13893,7.2002
25878,N,11147,5.777
25878,O,2224,1.1526
25878,P,117,0.0606
25878,Q,536,0.2778
25878,R,29389,15.2311
25878,S,9117,4.725
25878,T,3281,1.7004
25878,U,135,0.07
25878,V,126,0.0653
25878,W,741,0.384
25878,X,117,0.0606
25878,Y,186,0.0964
25878,Z,36025,18.6703
25885,A,1950,1.7565
25885,B,1817,1.6367
25885,C,1954,1.7601
25885,D,1588,1.4304
25885,E,4672,4.2084
25885,F,1817,1.6367
25885,G,2348,2.115
25885,H,4524,4.0751
25885,I,17933,16.1537
25885,J,6823,6.146
25885,K,8744,7.8764
25885,L,2059,1.8547
25885,M,6346,5.7163
25885,N,6415,5.7785
25885,O,1489,1.3413
25885,P,146,0.1315
25885,Q,278,0.2504
25885,R,12918,11.6363
25885,S,4969,4.476
25885,T,1262,1.1368
25885,U,158,0.1423
25885,V,67,0.0604
25885,W,214,0.1928
25885,X,119,0.1072
25885,Y,153,0.1378
25885,Z,20252,18.2426
25898,A,167,0.8755
25898,B,148,0.7759
25898,C,320,1.6776
25898,D,175,0.9174
25898,E,1063,5.5727
25898,F,426,2.2333
25898,G,488,2.5583
25898,H,1373,7.1979
25898,I,2275,11.9266
25898,J,1052,5.5151
25898,K,1510,7.9161
25898,L,393,2.0603
25898,M,1202,6.3014
25898,N,786,4.1206
25898,O,265,1.3893
25898,P,30,0.1573
25898,Q,112,0.5872
25898,R,2285,11.979
25898,S,678,3.5544
25898,T,220,1.1533
25898,U,271,1.4207
25898,V,5,0.0262
25898,W,11,0.0577
25898,X,18,0.0944
25898,Y,111,0.5819
25898,Z,3691,19.3499
25899,A,51245,2.3305
25899,B,32423,1.4745
25899,C,21699,0.9868
25899,D,22662,1.0306
25899,E,114380,5.2017
25899,F,39381,1.7909
25899,G,55776,2.5365
25899,H,103014,4.6848
25899,I,80331,3.6532
25899,J,133497,6.0711
25899,K,208088,9.4632
25899,L,48962,2.2266
25899,M,179862,8.1796
25899,N,116100,5.2799
25899,O,27433,1.2476
25899,P,3505,0.1594
25899,Q,12982,0.5904
25899,R,277790,12.6331
25899,S,79216,3.6025
25899,T,14638,0.6657
25899,U,36847,1.6757
25899,V,622,0.0283
25899,W,2265,0.103
25899,X,509,0.0231
25899,Y,3661,0.1665
25899,Z,532021,24.1948
27001,A,20734,1.1707
27001,B,36686,2.0714
27001,C,15070,0.8509
27001,D,25415,1.435
27001,E,58761,3.3179
27001,F,27124,1.5315
27001,G,21919,1.2376
27001,H,59053,3.3344
27001,I,188954,10.6691
27001,J,101945,5.7562
27001,K,115942,6.5465
27001,L,49021,2.7679
27001,M,101613,5.7375
27001,N,85878,4.849
27001,O,57603,3.2525
27001,P,4310,0.2434
27001,Q,6288,0.355
27001,R,347729,19.6341
27001,S,51182,2.8899
27001,T,17812,1.0057
27001,U,15810,0.8927
27001,V,315,0.0178
27001,W,1748,0.0987
27001,X,805,0.0455
27001,Y,5628,0.3178
27001,Z,353703,19.9714
27006,A,612,0.837
27006,B,1123,1.5359
27006,C,808,1.105
27006,D,994,1.3594
27006,E,3143,4.2985
27006,F,349,0.4773
27006,G,791,1.0818
27006,H,1194,1.633
27006,I,5163,7.0611
27006,J,2558,3.4984
27006,K,8637,11.8123
27006,L,1355,1.8531
27006,M,2470,3.3781
27006,N,4166,5.6976
27006,O,1884,2.5766
27006,P,323,0.4417
27006,Q,185,0.253
27006,R,8183,11.1913
27006,S,2124,2.9049
27006,T,512,0.7002
27006,U,454,0.6209
27006,V,10,0.0137
27006,W,87,0.119
27006,X,53,0.0725
27006,Y,106,0.145
27006,Z,25835,35.3328
27025,A,1869,1.7638
27025,B,4678,4.4146
27025,C,649,0.6125
27025,D,948,0.8946
27025,E,816,0.7701
27025,F,191,0.1802
27025,G,627,0.5917
27025,H,4474,4.2221
27025,I,3080,2.9066
27025,J,11207,10.576
27025,K,9811,9.2586
27025,L,2094,1.9761
27025,M,2576,2.431
27025,N,2516,2.3743
27025,O,1638,1.5458
27025,P,162,0.1529
27025,Q,217,0.2048
27025,R,14723,13.8941
27025,S,1032,0.9739
27025,T,462,0.436
27025,U,59,0.0557
27025,V,1,0.0009
27025,W,96,0.0906
27025,X,44,0.0415
27025,Y,43,0.0406
27025,Z,41953,39.591
27050,A,302,0.7401
27050,B,767,1.8797
27050,C,523,1.2817
27050,D,571,1.3993
27050,E,799,1.9581
27050,F,327,0.8014
27050,G,389,0.9533
27050,H,916,2.2448
27050,I,2520,6.1757
27050,J,1568,3.8427
27050,K,4674,11.4545
27050,L,808,1.9801
27050,M,1365,3.3452
27050,N,1531,3.752
27050,O,1058,2.5928
27050,P,58,0.1421
27050,Q,88,0.2157
27050,R,6972,17.0861
27050,S,939,2.3012
27050,T,622,1.5243
27050,U,285,0.6984
27050,V,3,0.0074
27050,W,43,0.1054
27050,X,41,0.1005
27050,Y,65,0.1593
27050,Z,13571,33.2582
27073,A,1970,2.7377
27073,B,2465,3.4256
27073,C,123,0.1709
27073,D,500,0.6948
27073,E,1092,1.5175
27073,F,150,0.2085
27073,G,399,0.5545
27073,H,1191,1.6551
27073,I,3211,4.4623
27073,J,3386,4.7055
27073,K,7091,9.8542
27073,L,690,0.9589
27073,M,3753,5.2155
27073,N,1813,2.5195
27073,O,1073,1.4911
27073,P,129,0.1793
27073,Q,174,0.2418
27073,R,14798,20.5645
27073,S,809,1.1243
27073,T,555,0.7713
27073,U,24,0.0334
27073,V,3,0.0042
27073,W,39,0.0542
27073,X,35,0.0486
27073,Y,74,0.1028
27073,Z,26412,36.7042
27075,A,499,1.5566
27075,B,770,2.4019
27075,C,620,1.934
27075,D,401,1.2509
27075,E,772,2.4081
27075,F,358,1.1167
27075,G,566,1.7655
27075,H,899,2.8043
27075,I,1675,5.2249
27075,J,1356,4.2298
27075,K,2493,7.7765
27075,L,888,2.77
27075,M,1654,5.1594
27075,N,1639,5.1126
27075,O,1142,3.5623
27075,P,135,0.4211
27075,Q,107,0.3338
27075,R,6326,19.733
27075,S,1323,4.1269
27075,T,265,0.8266
27075,U,243,0.758
27075,V,25,0.078
27075,W,53,0.1653
27075,X,32,0.0998
27075,Y,37,0.1154
27075,Z,7780,24.2685
27077,A,403,1.3497
27077,B,905,3.0309
27077,C,567,1.8989
27077,D,394,1.3195
27077,E,332,1.1119
27077,F,132,0.4421
27077,G,194,0.6497
27077,H,493,1.6511
27077,I,1014,3.396
27077,J,894,2.9941
27077,K,6564,21.9833
27077,L,717,2.4013
27077,M,913,3.0577
27077,N,1596,5.3451
27077,O,684,2.2908
27077,P,137,0.4588
27077,Q,88,0.2947
27077,R,3887,13.0179
27077,S,564,1.8889
27077,T,292,0.9779
27077,U,99,0.3316
27077,V,2,0.0067
27077,W,31,0.1038
27077,X,12,0.0402
27077,Y,19,0.0636
27077,Z,8926,29.8938
27086,B,1,0.885
27086,C,1,0.885
27086,D,1,0.885
27086,H,15,13.2743
27086,I,3,2.6549
27086,K,3,2.6549
27086,L,1,0.885
27086,M,7,6.1947
27086,N,19,16.8142
27086,O,5,4.4248
27086,R,10,8.8496
27086,S,24,21.2389
27086,T,7,6.1947
27086,Z,16,14.1593
27099,A,901,2.1179
27099,B,1757,4.13
27099,C,620,1.4574
27099,D,645,1.5161
27099,E,812,1.9087
27099,F,575,1.3516
27099,G,422,0.992
27099,H,1305,3.0676
27099,I,2868,6.7416
27099,J,2967,6.9743
27099,K,2301,5.4088
27099,L,1596,3.7516
27099,M,1669,3.9232
27099,N,1846,4.3392
27099,O,1719,4.0407
27099,P,121,0.2844
27099,Q,168,0.3949
27099,R,10104,23.7506
27099,S,1082,2.5434
27099,T,565,1.3281
27099,U,195,0.4584
27099,W,106,0.2492
27099,X,67,0.1575
27099,Y,617,1.4503
27099,Z,7514,17.6625
27135,A,263,1.0216
27135,B,392,1.5226
27135,C,746,2.8977
27135,D,372,1.4449
27135,E,639,2.482
27135,F,288,1.1187
27135,G,227,0.8817
27135,H,860,3.3405
27135,I,1889,7.3373
27135,J,1373,5.3331
27135,K,1556,6.0439
27135,L,646,2.5092
27135,M,812,3.154
27135,N,1320,5.1272
27135,O,970,3.7677
27135,P,75,0.2913
27135,Q,113,0.4389
27135,R,5681,22.0664
27135,S,720,2.7967
27135,T,214,0.8312
27135,U,841,3.2667
27135,V,6,0.0233
27135,W,34,0.1321
27135,X,18,0.0699
27135,Y,29,0.1126
27135,Z,5661,21.9887
27150,A,335,1.4409
27150,B,363,1.5613
27150,C,204,0.8774
27150,D,544,2.3398
27150,E,416,1.7892
27150,F,62,0.2667
27150,G,131,0.5634
27150,H,478,2.0559
27150,I,2090,8.9892
27150,J,694,2.9849
27150,K,1323,5.6903
27150,L,639,2.7484
27150,M,868,3.7333
27150,N,1057,4.5462
27150,O,574,2.4688
27150,P,27,0.1161
27150,Q,135,0.5806
27150,R,2361,10.1548
27150,S,544,2.3398
27150,T,358,1.5398
27150,U,2,0.0086
27150,V,2,0.0086
27150,W,51,0.2194
27150,X,70,0.3011
27150,Y,192,0.8258
27150,Z,9730,41.8495
27160,A,138,0.6255
27160,B,383,1.7359
27160,C,230,1.0425
27160,D,379,1.7178
27160,E,659,2.9869
27160,F,292,1.3235
27160,G,348,1.5773
27160,H,690,3.1274
27160,I,1928,8.7386
27160,J,1087,4.9268
27160,K,3329,15.0886
27160,L,543,2.4611
27160,M,643,2.9144
27160,N,1025,4.6458
27160,O,642,2.9098
27160,P,52,0.2357
27160,Q,96,0.4351
27160,R,3059,13.8648
27160,S,378,1.7133
27160,T,82,0.3717
27160,U,27,0.1224
27160,W,21,0.0952
27160,X,16,0.0725
27160,Y,29,0.1314
27160,Z,5987,27.1359
27205,A,322,0.6419
27205,B,632,1.2599
27205,C,906,1.8061
27205,D,614,1.224
27205,E,901,1.7962
27205,F,472,0.941
27205,G,507,1.0107
27205,H,803,1.6008
27205,I,2570,5.1234
27205,J,1810,3.6083
27205,K,6021,12.0031
27205,L,787,1.5689
27205,M,1554,3.098
27205,N,1692,3.3731
27205,O,1591,3.1717
27205,P,95,0.1894
27205,Q,95,0.1894
27205,R,12873,25.6629
27205,S,964,1.9218
27205,T,202,0.4027
27205,U,61,0.1216
27205,V,6,0.012
27205,W,47,0.0937
27205,X,20,0.0399
27205,Y,46,0.0917
27205,Z,14571,29.0479
27245,A,344,1.4998
27245,B,192,0.8371
27245,C,392,1.7091
27245,D,243,1.0595
27245,E,1068,4.6564
27245,F,538,2.3457
27245,G,745,3.2482
27245,H,612,2.6683
27245,I,3571,15.5694
27245,J,1216,5.3017
27245,K,1760,7.6735
27245,L,431,1.8791
27245,M,1189,5.184
27245,N,1258,5.4848
27245,O,512,2.2323
27245,P,271,1.1815
27245,Q,53,0.2311
27245,R,2093,9.1254
27245,S,1281,5.5851
27245,T,277,1.2077
27245,U,98,0.4273
27245,V,3,0.0131
27245,W,38,0.1657
27245,X,39,0.17
27245,Y,28,0.1221
27245,Z,4684,20.422
27250,A,247,1.5055
27250,B,997,6.0767
27250,C,182,1.1093
27250,D,165,1.0057
27250,E,205,1.2495
27250,F,60,0.3657
27250,G,152,0.9264
27250,H,260,1.5847
27250,I,931,5.6744
27250,J,1990,12.129
27250,K,824,5.0222
27250,L,772,4.7053
27250,M,573,3.4924
27250,N,506,3.084
27250,O,591,3.6021
27250,P,39,0.2377
27250,Q,29,0.1768
27250,R,1839,11.2086
27250,S,494,3.0109
27250,T,925,5.6378
27250,U,6,0.0366
27250,W,30,0.1828
27250,X,24,0.1463
27250,Y,36,0.2194
27250,Z,4530,27.6102
27361,A,670,1.0536
27361,B,748,1.1763
27361,C,857,1.3477
27361,D,1481,2.329
27361,E,2016,3.1704
27361,F,847,1.332
27361,G,783,1.2313
27361,H,2333,3.6689
27361,I,7950,12.5022
27361,J,2686,4.224
27361,K,3423,5.383
27361,L,1156,1.8179
27361,M,3206,5.0418
27361,N,4603,7.2387
27361,O,2780,4.3718
27361,P,156,0.2453
27361,Q,146,0.2296
27361,R,10042,15.792
27361,S,1736,2.73
27361,T,593,0.9326
27361,U,909,1.4295
27361,V,3,0.0047
27361,W,76,0.1195
27361,X,31,0.0488
27361,Y,238,0.3743
27361,Z,14120,22.2051
27372,A,191,1.8304
27372,B,99,0.9487
27372,C,105,1.0062
27372,D,30,0.2875
27372,E,82,0.7858
27372,F,6,0.0575
27372,G,63,0.6037
27372,H,92,0.8816
27372,I,424,4.0632
27372,J,176,1.6866
27372,K,2384,22.8462
27372,L,245,2.3479
27372,M,183,1.7537
27372,N,439,4.207
27372,O,138,1.3225
27372,P,127,1.2171
27372,Q,16,0.1533
27372,R,1238,11.8639
27372,S,147,1.4087
27372,T,77,0.7379
27372,U,25,0.2396
27372,W,61,0.5846
27372,X,4,0.0383
27372,Y,6,0.0575
27372,Z,4077,39.0704
27413,A,620,1.5493
27413,B,965,2.4114
27413,C,367,0.9171
27413,D,700,1.7492
27413,E,921,2.3014
27413,F,288,0.7197
27413,G,512,1.2794
27413,H,788,1.9691
27413,I,1665,4.1605
27413,J,1342,3.3534
27413,K,2282,5.7023
27413,L,764,1.9091
27413,M,859,2.1465
27413,N,1700,4.248
27413,O,1180,2.9486
27413,P,95,0.2374
27413,Q,134,0.3348
27413,R,13048,32.6045
27413,S,847,2.1165
27413,T,439,1.097
27413,U,24,0.06
27413,V,2,0.005
27413,W,92,0.2299
27413,X,25,0.0625
27413,Y,36,0.09
27413,Z,10324,25.7977
27425,A,933,2.0054
27425,B,1489,3.2005
27425,C,530,1.1392
27425,D,476,1.0231
27425,E,948,2.0377
27425,F,312,0.6706
27425,G,367,0.7888
27425,H,1210,2.6008
27425,I,1833,3.9399
27425,J,2173,4.6707
27425,K,2539,5.4574
27425,L,1894,4.071
27425,M,2145,4.6105
27425,N,3456,7.4284
27425,O,1254,2.6954
27425,P,62,0.1333
27425,Q,62,0.1333
27425,R,12428,26.7131
27425,S,1031,2.2161
27425,T,526,1.1306
27425,U,89,0.1913
27425,W,71,0.1526
27425,X,60,0.129
27425,Y,672,1.4444
27425,Z,9964,21.4169
27430,A,2545,2.6035
27430,B,2402,2.4572
27430,C,729,0.7457
27430,D,783,0.801
27430,E,1588,1.6245
27430,F,565,0.578
27430,G,2077,2.1247
27430,H,1436,1.469
27430,I,2547,2.6055
27430,J,6494,6.6432
27430,K,10671,10.9162
27430,L,2796,2.8602
27430,M,2726,2.7886
27430,N,5834,5.968
27430,O,1894,1.9375
27430,P,237,0.2424
27430,Q,101,0.1033
27430,R,12429,12.7146
27430,S,1275,1.3043
27430,T,503,0.5146
27430,U,92,0.0941
27430,V,95,0.0972
27430,W,87,0.089
27430,X,40,0.0409
27430,Y,55,0.0563
27430,Z,37753,38.6204
27450,A,740,1.3119
27450,B,785,1.3917
27450,C,670,1.1878
27450,D,783,1.3882
27450,E,545,0.9662
27450,F,226,0.4007
27450,G,875,1.5513
27450,H,809,1.4343
27450,I,4671,8.2812
27450,J,1761,3.1221
27450,K,5071,8.9903
27450,L,934,1.6559
27450,M,1039,1.842
27450,N,2167,3.8419
27450,O,1449,2.5689
27450,P,70,0.1241
27450,Q,53,0.094
27450,R,14182,25.1432
27450,S,955,1.6931
27450,T,723,1.2818
27450,U,77,0.1365
27450,V,28,0.0496
27450,W,52,0.0922
27450,X,74,0.1312
27450,Y,58,0.1028
27450,Z,17608,31.2171
27491,A,515,0.9021
27491,B,592,1.0369
27491,C,524,0.9178
27491,D,659,1.1543
27491,E,1117,1.9565
27491,F,368,0.6446
27491,G,408,0.7146
27491,H,665,1.1648
27491,I,7823,13.7024
27491,J,1487,2.6046
27491,K,11279,19.7558
27491,L,767,1.3434
27491,M,1400,2.4522
27491,N,2157,3.7781
27491,O,1230,2.1544
27491,P,49,0.0858
27491,Q,124,0.2172
27491,R,7071,12.3853
27491,S,1056,1.8496
27491,T,461,0.8075
27491,U,89,0.1559
27491,V,3,0.0053
27491,W,38,0.0666
27491,X,42,0.0736
27491,Y,37,0.0648
27491,Z,17131,30.006
27495,A,277,0.726
27495,B,624,1.6356
27495,C,264,0.692
27495,D,303,0.7942
27495,E,516,1.3525
27495,F,214,0.5609
27495,G,317,0.8309
27495,H,578,1.515
27495,I,1243,3.258
27495,J,771,2.0209
27495,K,2333,6.115
27495,L,650,1.7037
27495,M,941,2.4664
27495,N,1084,2.8413
27495,O,766,2.0078
27495,P,132,0.346
27495,Q,74,0.194
27495,R,4820,12.6337
27495,S,904,2.3695
27495,T,181,0.4744
27495,U,803,2.1047
27495,V,1,0.0026
27495,W,59,0.1546
27495,X,8,0.021
27495,Y,32,0.0839
27495,Z,20257,53.0955
27580,A,128,0.6395
27580,B,286,1.4289
27580,C,151,0.7544
27580,D,159,0.7944
27580,E,225,1.1242
27580,F,130,0.6495
27580,G,542,2.708
27580,H,558,2.7879
27580,I,1871,9.348
27580,J,675,3.3725
27580,K,984,4.9163
27580,L,192,0.9593
27580,M,529,2.643
27580,N,1316,6.5751
27580,O,565,2.8229
27580,P,62,0.3098
27580,Q,44,0.2198
27580,R,3392,16.9473
27580,S,352,1.7587
27580,T,342,1.7087
27580,U,9,0.045
27580,V,16,0.0799
27580,W,15,0.0749
27580,X,32,0.1599
27580,Y,28,0.1399
27580,Z,7412,37.0322
27600,A,397,0.9709
27600,B,1313,3.2112
27600,C,249,0.609
27600,D,659,1.6117
27600,E,794,1.9419
27600,F,277,0.6775
27600,G,485,1.1862
27600,H,1481,3.6221
27600,I,3613,8.8363
27600,J,2086,5.1017
27600,K,3237,7.9167
27600,L,1089,2.6634
27600,M,1198,2.93
27600,N,1431,3.4998
27600,O,1268,3.1012
27600,P,75,0.1834
27600,Q,110,0.269
27600,R,9474,23.1706
27600,S,732,1.7903
27600,T,318,0.7777
27600,U,8,0.0196
27600,V,2,0.0049
27600,W,32,0.0783
27600,X,14,0.0342
27600,Y,108,0.2641
27600,Z,10438,25.5283
27615,A,596,0.7568
27615,B,739,0.9384
27615,C,630,0.8
27615,D,835,1.0603
27615,E,1599,2.0304
27615,F,270,0.3428
27615,G,1021,1.2965
27615,H,984,1.2495
27615,I,5714,7.2556
27615,J,3718,4.7211
27615,K,3171,4.0265
27615,L,2709,3.4399
27615,M,2021,2.5663
27615,N,2754,3.497
27615,O,1902,2.4151
27615,P,162,0.2057
27615,Q,176,0.2235
27615,R,11668,14.8159
27615,S,1920,2.438
27615,T,1203,1.5276
27615,U,106,0.1346
27615,V,8,0.0102
27615,W,51,0.0648
27615,X,137,0.174
27615,Y,135,0.1714
27615,Z,34524,43.8383
27660,A,174,0.7914
27660,B,328,1.4918
27660,C,366,1.6646
27660,D,108,0.4912
27660,E,698,3.1746
27660,F,139,0.6322
27660,G,130,0.5913
27660,H,362,1.6464
27660,I,3806,17.3102
27660,J,508,2.3105
27660,K,2933,13.3397
27660,L,311,1.4145
27660,M,404,1.8374
27660,N,490,2.2286
27660,O,418,1.9011
27660,P,21,0.0955
27660,Q,41,0.1865
27660,R,2551,11.6023
27660,S,413,1.8784
27660,T,136,0.6185
27660,U,2,0.0091
27660,W,9,0.0409
27660,X,42,0.191
27660,Y,17,0.0773
27660,Z,7580,34.4749
27745,A,191,1.2961
27745,B,283,1.9203
27745,C,203,1.3775
27745,D,199,1.3503
27745,E,146,0.9907
27745,F,97,0.6582
27745,G,89,0.6039
27745,H,299,2.0289
27745,I,1244,8.4413
27745,J,546,3.705
27745,K,3985,27.0408
27745,L,494,3.3521
27745,M,358,2.4293
27745,N,434,2.945
27745,O,240,1.6286
27745,P,13,0.0882
27745,Q,10,0.0679
27745,R,1741,11.8138
27745,S,268,1.8186
27745,T,112,0.76
27745,U,10,0.0679
27745,W,8,0.0543
27745,X,3,0.0204
27745,Y,34,0.2307
27745,Z,3730,25.3104
27787,A,1852,2.2136
27787,B,1204,1.4391
27787,C,847,1.0124
27787,D,1095,1.3088
27787,E,1392,1.6638
27787,F,691,0.8259
27787,G,2709,3.2379
27787,H,2282,2.7275
27787,I,11026,13.1787
27787,J,6587,7.8731
27787,K,8763,10.4739
27787,L,1763,2.1072
27787,M,3476,4.1547
27787,N,2896,3.4614
27787,O,2123,2.5375
27787,P,180,0.2151
27787,Q,177,0.2116
27787,R,18383,21.9722
27787,S,2624,3.1363
27787,T,1003,1.1988
27787,U,18,0.0215
27787,V,4,0.0048
27787,W,95,0.1135
27787,X,67,0.0801
27787,Y,143,0.1709
27787,Z,12265,14.6597
27800,A,398,0.8849
27800,B,280,0.6225
27800,C,398,0.8849
27800,D,488,1.085
27800,E,1110,2.4678
27800,F,140,0.3113
27800,G,357,0.7937
27800,H,804,1.7875
27800,I,1413,3.1415
27800,J,1228,2.7302
27800,K,11998,26.6747
27800,L,478,1.0627
27800,M,901,2.0032
27800,N,1823,4.053
27800,O,1736,3.8596
27800,P,225,0.5002
27800,Q,152,0.3379
27800,R,3836,8.5284
27800,S,1644,3.655
27800,T,312,0.6937
27800,U,116,0.2579
27800,V,4,0.0089
27800,W,39,0.0867
27800,X,35,0.0778
27800,Y,31,0.0689
27800,Z,15033,33.4223
27810,A,216,0.7014
27810,B,397,1.2892
27810,C,390,1.2664
27810,D,373,1.2112
27810,E,768,2.4939
27810,F,188,0.6105
27810,G,427,1.3866
27810,H,652,2.1172
27810,I,3752,12.1838
27810,J,1340,4.3514
27810,K,834,2.7082
27810,L,630,2.0458
27810,M,1000,3.2473
27810,N,1232,4.0006
27810,O,816,2.6498
27810,P,45,0.1461
27810,Q,67,0.2176
27810,R,6393,20.7599
27810,S,572,1.8574
27810,T,239,0.7761
27810,U,1629,5.2898
27810,W,22,0.0714
27810,X,34,0.1104
27810,Y,15,0.0487
27810,Z,8764,28.4592
41001,A,138591,1.9654
41001,B,286415,4.0617
41001,C,96102,1.3628
41001,D,84693,1.201
41001,E,351110,4.9792
41001,F,187270,2.6557
41001,G,179110,2.54
41001,H,331725,4.7043
41001,I,469111,6.6526
41001,J,406611,5.7662
41001,K,654879,9.287
41001,L,178207,2.5272
41001,M,468969,6.6505
41001,N,561547,7.9634
41001,O,66121,0.9377
41001,P,20496,0.2907
41001,Q,32833,0.4656
41001,R,529335,7.5066
41001,S,232958,3.3036
41001,T,53718,0.7618
41001,U,153441,2.176
41001,V,3931,0.0557
41001,W,8776,0.1245
41001,X,7114,0.1009
41001,Y,7253,0.1029
41001,Z,1541278,21.8572
41006,A,3674,2.3209
41006,B,4144,2.6178
41006,C,1762,1.1131
41006,D,1990,1.2571
41006,E,5338,3.3721
41006,F,4067,2.5692
41006,G,3140,1.9836
41006,H,5198,3.2836
41006,I,5013,3.1668
41006,J,8409,5.3121
41006,K,9720,6.1402
41006,L,3958,2.5003
41006,M,8796,5.5565
41006,N,17053,10.7726
41006,O,5000,3.1586
41006,P,1260,0.796
41006,Q,1065,0.6728
41006,R,25710,16.2413
41006,S,6725,4.2483
41006,T,2677,1.6911
41006,U,2231,1.4093
41006,V,115,0.0726
41006,W,399,0.2521
41006,X,352,0.2224
41006,Y,218,0.1377
41006,Z,30286,19.132
41013,A,1271,1.9975
41013,B,904,1.4208
41013,C,632,0.9933
41013,D,624,0.9807
41013,E,2785,4.377
41013,F,942,1.4805
41013,G,1230,1.9331
41013,H,2027,3.1857
41013,I,8595,13.5082
41013,J,3364,5.287
41013,K,8458,13.2929
41013,L,1334,2.0966
41013,M,2508,3.9417
41013,N,4778,7.5093
41013,O,932,1.4648
41013,P,136,0.2137
41013,Q,398,0.6255
41013,R,11345,17.8302
41013,S,1614,2.5366
41013,T,573,0.9005
41013,U,379,0.5956
41013,V,45,0.0707
41013,W,252,0.3961
41013,X,58,0.0912
41013,Y,67,0.1053
41013,Z,8377,13.1656
41016,A,2141,1.4563
41016,B,3060,2.0815
41016,C,1745,1.187
41016,D,1136,0.7727
41016,E,4284,2.914
41016,F,1716,1.1673
41016,G,3040,2.0679
41016,H,3418,2.325
41016,I,36584,24.885
41016,J,5629,3.8289
41016,K,10609,7.2164
41016,L,2557,1.7393
41016,M,4797,3.263
41016,N,9825,6.6831
41016,O,1468,0.9986
41016,P,1176,0.7999
41016,Q,762,0.5183
41016,R,16504,11.2263
41016,S,3223,2.1923
41016,T,1448,0.985
41016,U,170,0.1156
41016,V,51,0.0347
41016,W,431,0.2932
41016,X,326,0.2218
41016,Y,297,0.202
41016,Z,30615,20.8248
41020,A,5516,2.3267
41020,B,5037,2.1247
41020,C,2653,1.1191
41020,D,1695,0.715
41020,E,8396,3.5415
41020,F,2734,1.1532
41020,G,6394,2.6971
41020,H,6628,2.7958
41020,I,29831,12.583
41020,J,12627,5.3262
41020,K,14901,6.2854
41020,L,4970,2.0964
41020,M,11922,5.0288
41020,N,23541,9.9299
41020,O,2776,1.1709
41020,P,1652,0.6968
41020,Q,647,0.2729
41020,R,24190,10.2036
41020,S,6179,2.6064
41020,T,2311,0.9748
41020,U,3658,1.543
41020,V,114,0.0481
41020,W,443,0.1869
41020,X,291,0.1227
41020,Y,283,0.1194
41020,Z,57684,24.3317
41026,A,1084,2.9722
41026,B,928,2.5445
41026,C,885,2.4266
41026,D,387,1.0611
41026,E,2109,5.7827
41026,F,454,1.2448
41026,G,689,1.8892
41026,H,1824,5.0012
41026,I,3809,10.4439
41026,J,2185,5.9911
41026,K,1874,5.1383
41026,L,887,2.4321
41026,M,2675,7.3346
41026,N,2413,6.6162
41026,O,253,0.6937
41026,P,38,0.1042
41026,Q,126,0.3455
41026,R,5770,15.8208
41026,S,1232,3.378
41026,T,321,0.8802
41026,U,121,0.3318
41026,V,20,0.0548
41026,W,50,0.1371
41026,X,28,0.0768
41026,Y,26,0.0713
41026,Z,6283,17.2274
41078,A,1550,1.5234
41078,B,1017,0.9995
41078,C,3774,3.7091
41078,D,916,0.9003
41078,E,4573,4.4944
41078,F,1811,1.7799
41078,G,3117,3.0634
41078,H,3388,3.3298
41078,I,9831,9.662
41078,J,3643,3.5804
41078,K,8384,8.2399
41078,L,1761,1.7307
41078,M,4178,4.1062
41078,N,7875,7.7396
41078,O,1060,1.0418
41078,P,364,0.3577
41078,Q,349,0.343
41078,R,11843,11.6394
41078,S,3941,3.8733
41078,T,787,0.7735
41078,U,1679,1.6501
41078,V,95,0.0934
41078,W,223,0.2192
41078,X,167,0.1641
41078,Y,165,0.1622
41078,Z,25258,24.8238
41132,A,20382,2.5981
41132,B,13988,1.783
41132,C,7585,0.9668
41132,D,5546,0.7069
41132,E,52070,6.6373
41132,F,12553,1.6001
41132,G,14453,1.8423
41132,H,23747,3.027
41132,I,124037,15.8107
41132,J,31640,4.0331
41132,K,53345,6.7998
41132,L,16231,2.0689
41132,M,35287,4.498
41132,N,47283,6.0271
41132,O,9073,1.1565
41132,P,2266,0.2888
41132,Q,2187,0.2788
41132,R,89774,11.4433
41132,S,20444,2.606
41132,T,6784,0.8647
41132,U,12711,1.6202
41132,V,589,0.0751
41132,W,948,0.1208
41132,X,1230,0.1568
41132,Y,715,0.0911
41132,Z,179643,22.8987
41206,A,1046,1.8379
41206,B,824,1.4478
41206,C,1189,2.0892
41206,D,606,1.0648
41206,E,1987,3.4913
41206,F,792,1.3916
41206,G,1065,1.8713
41206,H,1516,2.6637
41206,I,5840,10.2613
41206,J,2142,3.7636
41206,K,6226,10.9395
41206,L,1084,1.9047
41206,M,2384,4.1888
41206,N,4551,7.9964
41206,O,846,1.4865
41206,P,463,0.8135
41206,Q,233,0.4094
41206,R,5086,8.9364
41206,S,1642,2.8851
41206,T,525,0.9225
41206,U,440,0.7731
41206,V,44,0.0773
41206,W,160,0.2811
41206,X,89,0.1564
41206,Y,67,0.1177
41206,Z,16066,28.2291
41244,A,989,1.6595
41244,B,1391,2.334
41244,C,559,0.938
41244,D,536,0.8994
41244,E,2843,4.7703
41244,F,878,1.4732
41244,G,1119,1.8776
41244,H,2244,3.7652
41244,I,6545,10.9819
41244,J,3066,5.1445
41244,K,5584,9.3694
41244,L,1203,2.0185
41244,M,3636,6.1009
41244,N,4243,7.1194
41244,O,717,1.2031
41244,P,159,0.2668
41244,Q,249,0.4178
41244,R,6912,11.5977
41244,S,1641,2.7534
41244,T,687,1.1527
41244,U,502,0.8423
41244,V,6,0.0101
41244,W,145,0.2433
41244,X,52,0.0873
41244,Y,57,0.0956
41244,Z,13635,22.8783
41298,A,17362,1.5442
41298,B,22297,1.9831
41298,C,12723,1.1316
41298,D,9752,0.8674
41298,E,47186,4.1968
41298,F,18652,1.6589
41298,G,29748,2.6458
41298,H,39587,3.5209
41298,I,149901,13.3324
41298,J,63849,5.6788
41298,K,68582,6.0998
41298,L,25719,2.2875
41298,M,54031,4.8056
41298,N,83812,7.4543
41298,O,15331,1.3636
41298,P,2886,0.2567
41298,Q,7688,0.6838
41298,R,109221,9.7142
41298,S,30078,2.6752
41298,T,11126,0.9896
41298,U,24351,2.1658
41298,V,246,0.0219
41298,W,1781,0.1584
41298,X,1874,0.1667
41298,Y,1044,0.0929
41298,Z,275513,24.5044
41306,A,4787,1.1584
41306,B,9883,2.3916
41306,C,9222,2.2317
41306,D,4112,0.9951
41306,E,20449,4.9485
41306,F,6378,1.5434
41306,G,13905,3.3649
41306,H,12008,2.9059
41306,I,37102,8.9784
41306,J,14187,3.4332
41306,K,26304,6.3654
41306,L,9189,2.2237
41306,M,16002,3.8724
41306,N,27518,6.6592
41306,O,4951,1.1981
41306,P,1132,0.2739
41306,Q,2257,0.5462
41306,R,40524,9.8065
41306,S,9591,2.321
41306,T,3800,0.9196
41306,U,8185,1.9807
41306,V,125,0.0302
41306,W,603,0.1459
41306,X,670,0.1621
41306,Y,547,0.1324
41306,Z,129804,31.4117
41319,A,7305,2.7869
41319,B,5434,2.0731
41319,C,2113,0.8061
41319,D,1462,0.5578
41319,E,9726,3.7105
41319,F,3053,1.1647
41319,G,5638,2.1509
41319,H,8525,3.2523
41319,I,21682,8.2718
41319,J,20334,7.7575
41319,K,12438,4.7451
41319,L,6392,2.4386
41319,M,12785,4.8775
41319,N,20502,7.8216
41319,O,3078,1.1743
41319,P,626,0.2388
41319,Q,1214,0.4631
41319,R,47642,18.1756
41319,S,7816,2.9818
41319,T,2587,0.9869
41319,U,697,0.2659
41319,V,124,0.0473
41319,W,817,0.3117
41319,X,482,0.1839
41319,Y,205,0.0782
41319,Z,59444,22.6781
41349,A,1839,1.9765
41349,B,1128,1.2124
41349,C,1426,1.5327
41349,D,902,0.9695
41349,E,3433,3.6898
41349,F,1331,1.4306
41349,G,1844,1.9819
41349,H,2638,2.8353
41349,I,18475,19.8568
41349,J,3839,4.1261
41349,K,8471,9.1046
41349,L,1783,1.9164
41349,M,2527,2.716
41349,N,5448,5.8555
41349,O,960,1.0318
41349,P,392,0.4213
41349,Q,179,0.1924
41349,R,11176,12.0119
41349,S,2659,2.8579
41349,T,931,1.0006
41349,U,3602,3.8714
41349,V,62,0.0666
41349,W,212,0.2279
41349,X,150,0.1612
41349,Y,167,0.1795
41349,Z,17467,18.7734
41357,A,1635,2.03
41357,B,1521,1.8884
41357,C,1255,1.5582
41357,D,1409,1.7494
41357,E,3172,3.9383
41357,F,942,1.1696
41357,G,2090,2.5949
41357,H,2346,2.9127
41357,I,11376,14.1241
41357,J,3034,3.7669
41357,K,5080,6.3072
41357,L,1335,1.6575
41357,M,2776,3.4466
41357,N,5788,7.1862
41357,O,1325,1.6451
41357,P,552,0.6853
41357,Q,376,0.4668
41357,R,9399,11.6695
41357,S,1824,2.2646
41357,T,1105,1.3719
41357,U,261,0.3241
41357,V,111,0.1378
41357,W,161,0.1999
41357,X,107,0.1328
41357,Y,87,0.108
41357,Z,21476,26.664
41359,A,5310,1.4051
41359,B,15395,4.0739
41359,C,3858,1.0209
41359,D,2796,0.7399
41359,E,9960,2.6356
41359,F,3909,1.0344
41359,G,5332,1.411
41359,H,10793,2.8561
41359,I,17030,4.5065
41359,J,21687,5.7389
41359,K,32358,8.5627
41359,L,8941,2.366
41359,M,18078,4.7839
41359,N,27784,7.3523
41359,O,7883,2.086
41359,P,2233,0.5909
41359,Q,1697,0.4491
41359,R,61406,16.2494
41359,S,14170,3.7497
41359,T,4775,1.2636
41359,U,10228,2.7066
41359,V,191,0.0505
41359,W,938,0.2482
41359,X,545,0.1442
41359,Y,384,0.1016
41359,Z,90215,23.873
41378,A,2498,1.7393
41378,B,1241,0.8641
41378,C,1569,1.0924
41378,D,1654,1.1516
41378,E,6435,4.4804
41378,F,1155,0.8042
41378,G,2012,1.4009
41378,H,2463,1.7149
41378,I,23989,16.7026
41378,J,4986,3.4716
41378,K,14925,10.3917
41378,L,1719,1.1969
41378,M,3909,2.7217
41378,N,10287,7.1625
41378,O,3205,2.2315
41378,P,1441,1.0033
41378,Q,875,0.6092
41378,R,13832,9.6307
41378,S,4024,2.8018
41378,T,1460,1.0165
41378,U,327,0.2277
41378,V,103,0.0717
41378,W,360,0.2507
41378,X,114,0.0794
41378,Y,109,0.0759
41378,Z,38932,27.1069
41396,A,9929,1.1697
41396,B,21492,2.5319
41396,C,6892,0.8119
41396,D,9649,1.1367
41396,E,29325,3.4547
41396,F,10235,1.2058
41396,G,14842,1.7485
41396,H,24780,2.9193
41396,I,77603,9.1422
41396,J,33760,3.9772
41396,K,56151,6.615
41396,L,17384,2.048
41396,M,35006,4.124
41396,N,61098,7.1978
41396,O,18723,2.2057
41396,P,4005,0.4718
41396,Q,4629,0.5453
41396,R,77661,9.1491
41396,S,22080,2.6012
41396,T,8001,0.9426
41396,U,7349,0.8658
41396,V,329,0.0388
41396,W,1296,0.1527
41396,X,1032,0.1216
41396,Y,972,0.1145
41396,Z,294619,34.7083
41483,A,848,1.17
41483,B,914,1.2611
41483,C,1122,1.548
41483,D,666,0.9189
41483,E,3042,4.1971
41483,F,728,1.0044
41483,G,833,1.1493
41483,H,1744,2.4062
41483,I,6406,8.8384
41483,J,2393,3.3016
41483,K,13158,18.1542
41483,L,1507,2.0792
41483,M,2947,4.066
41483,N,3482,4.8042
41483,O,837,1.1548
41483,P,354,0.4884
41483,Q,288,0.3974
41483,R,7121,9.8249
41483,S,1705,2.3524
41483,T,519,0.7161
41483,U,599,0.8264
41483,V,42,0.0579
41483,W,72,0.0993
41483,X,78,0.1076
41483,Y,34,0.0469
41483,Z,21040,29.0291
41503,A,457,0.9136
41503,B,720,1.4394
41503,C,696,1.3914
41503,D,556,1.1115
41503,E,1487,2.9728
41503,F,774,1.5474
41503,G,1073,2.1451
41503,H,1708,3.4146
41503,I,1149,2.297
41503,J,2606,5.2098
41503,K,3367,6.7312
41503,L,1175,2.349
41503,M,3053,6.1034
41503,N,3012,6.0215
41503,O,1284,2.5669
41503,P,815,1.6293
41503,Q,466,0.9316
41503,R,7869,15.7314
41503,S,2247,4.4921
41503,T,468,0.9356
41503,U,493,0.9856
41503,V,56,0.112
41503,W,82,0.1639
41503,X,110,0.2199
41503,Y,117,0.2339
41503,Z,14181,28.3501
41518,A,411,1.4248
41518,B,332,1.1509
41518,C,741,2.5688
41518,D,320,1.1093
41518,E,965,3.3454
41518,F,563,1.9517
41518,G,624,2.1632
41518,H,561,1.9448
41518,I,7343,25.4559
41518,J,857,2.9709
41518,K,1168,4.0491
41518,L,599,2.0765
41518,M,829,2.8739
41518,N,1860,6.448
41518,O,542,1.8789
41518,P,171,0.5928
41518,Q,107,0.3709
41518,R,3399,11.7833
41518,S,1088,3.7718
41518,T,235,0.8147
41518,U,125,0.4333
41518,V,16,0.0555
41518,W,55,0.1907
41518,X,50,0.1733
41518,Y,25,0.0867
41518,Z,5860,20.3148
41524,A,8276,1.7017
41524,B,9693,1.993
41524,C,7893,1.6229
41524,D,4454,0.9158
41524,E,24397,5.0164
41524,F,7473,1.5366
41524,G,9400,1.9328
41524,H,18422,3.7879
41524,I,77982,16.0344
41524,J,20239,4.1615
41524,K,34402,7.0736
41524,L,11275,2.3183
41524,M,24110,4.9574
41524,N,47400,9.7462
41524,O,5110,1.0507
41524,P,3027,0.6224
41524,Q,1583,0.3255
41524,R,54111,11.1261
41524,S,15536,3.1945
41524,T,6126,1.2596
41524,U,5390,1.1083
41524,V,192,0.0395
41524,W,1270,0.2611
41524,X,1323,0.272
41524,Y,689,0.1417
41524,Z,86570,17.8002
41530,A,2107,1.4063
41530,B,3259,2.1752
41530,C,1857,1.2395
41530,D,1993,1.3302
41530,E,4905,3.2739
41530,F,1921,1.2822
41530,G,1954,1.3042
41530,H,5848,3.9033
41530,I,8583,5.7288
41530,J,9026,6.0244
41530,K,13103,8.7457
41530,L,2663,1.7774
41530,M,6963,4.6475
41530,N,10991,7.336
41530,O,3327,2.2206
41530,P,650,0.4338
41530,Q,849,0.5667
41530,R,20618,13.7616
41530,S,5000,3.3373
41530,T,1396,0.9318
41530,U,1273,0.8497
41530,V,52,0.0347
41530,W,513,0.3424
41530,X,332,0.2216
41530,Y,123,0.0821
41530,Z,40517,27.0432
41548,A,856,1.2978
41548,B,1082,1.6404
41548,C,814,1.2341
41548,D,719,1.0901
41548,E,2187,3.3156
41548,F,774,1.1734
41548,G,1271,1.9269
41548,H,2116,3.208
41548,I,4198,6.3645
41548,J,2486,3.769
41548,K,3745,5.6777
41548,L,1026,1.5555
41548,M,2784,4.2207
41548,N,9951,15.0864
41548,O,1446,2.1922
41548,P,255,0.3866
41548,Q,366,0.5549
41548,R,7040,10.6731
41548,S,2275,3.4491
41548,T,607,0.9203
41548,U,62,0.094
41548,V,58,0.0879
41548,W,171,0.2592
41548,X,91,0.138
41548,Y,46,0.0697
41548,Z,19534,29.6149
41551,A,29458,1.5594
41551,B,28906,1.5302
41551,C,15702,0.8312
41551,D,15689,0.8305
41551,E,76490,4.0491
41551,F,24431,1.2933
41551,G,34460,1.8242
41551,H,61212,3.2403
41551,I,138199,7.3157
41551,J,74061,3.9205
41551,K,127525,6.7507
41551,L,27180,1.4388
41551,M,75525,3.998
41551,N,120622,6.3853
41551,O,42552,2.2525
41551,P,9055,0.4793
41551,Q,9667,0.5117
41551,R,210362,11.1357
41551,S,55264,2.9255
41551,T,16200,0.8576
41551,U,70309,3.7219
41551,V,467,0.0247
41551,W,2877,0.1523
41551,X,1968,0.1042
41551,Y,1858,0.0984
41551,Z,619033,32.7692
41615,A,4403,1.9161
41615,B,5164,2.2473
41615,C,3627,1.5784
41615,D,2430,1.0575
41615,E,11346,4.9377
41615,F,4411,1.9196
41615,G,6067,2.6403
41615,H,8840,3.8471
41615,I,17170,7.4722
41615,J,10786,4.694
41615,K,20709,9.0123
41615,L,5457,2.3748
41615,M,13832,6.0195
41615,N,19459,8.4684
41615,O,3319,1.4444
41615,P,1885,0.8203
41615,Q,933,0.406
41615,R,23878,10.3915
41615,S,8710,3.7905
41615,T,2684,1.168
41615,U,1909,0.8308
41615,V,228,0.0992
41615,W,613,0.2668
41615,X,553,0.2407
41615,Y,214,0.0931
41615,Z,51158,22.2634
41660,A,2096,1.5035
41660,B,2527,1.8126
41660,C,1485,1.0652
41660,D,1163,0.8342
41660,E,4918,3.5277
41660,F,1539,1.1039
41660,G,2399,1.7208
41660,H,3405,2.4424
41660,I,14366,10.3048
41660,J,5805,4.1639
41660,K,10007,7.1781
41660,L,2362,1.6943
41660,M,5590,4.0097
41660,N,11893,8.5309
41660,O,3352,2.4044
41660,P,693,0.4971
41660,Q,597,0.4282
41660,R,16650,11.9431
41660,S,3877,2.781
41660,T,1494,1.0717
41660,U,516,0.3701
41660,V,54,0.0387
41660,W,311,0.2231
41660,X,171,0.1227
41660,Y,108,0.0775
41660,Z,42033,30.1504
41668,A,5520,1.4201
41668,B,8623,2.2183
41668,C,3446,0.8865
41668,D,4155,1.0689
41668,E,22416,5.7667
41668,F,3475,0.894
41668,G,6354,1.6346
41668,H,13268,3.4133
41668,I,41664,10.7184
41668,J,20453,5.2617
41668,K,43415,11.1689
41668,L,9760,2.5108
41668,M,24795,6.3787
41668,N,25727,6.6185
41668,O,6319,1.6256
41668,P,1409,0.3625
41668,Q,1396,0.3591
41668,R,43500,11.1907
41668,S,9934,2.5556
41668,T,3083,0.7931
41668,U,1766,0.4543
41668,V,144,0.037
41668,W,747,0.1922
41668,X,320,0.0823
41668,Y,217,0.0558
41668,Z,86809,22.3323
41676,A,1493,1.1631
41676,B,2179,1.6976
41676,C,3220,2.5086
41676,D,2729,2.126
41676,E,6892,5.3692
41676,F,2199,1.7131
41676,G,3712,2.8918
41676,H,4160,3.2409
41676,I,14709,11.4591
41676,J,4690,3.6538
41676,K,10701,8.3366
41676,L,2498,1.9461
41676,M,5816,4.531
41676,N,9462,7.3714
41676,O,2269,1.7677
41676,P,1081,0.8422
41676,Q,857,0.6676
41676,R,14286,11.1295
41676,S,3636,2.8326
41676,T,1256,0.9785
41676,U,1165,0.9076
41676,V,47,0.0366
41676,W,291,0.2267
41676,X,339,0.2641
41676,Y,126,0.0982
41676,Z,28548,22.2404
41770,A,7701,2.2513
41770,B,6854,2.0037
41770,C,6809,1.9905
41770,D,2458,0.7186
41770,E,12154,3.5531
41770,F,3812,1.1144
41770,G,8426,2.4633
41770,H,7695,2.2496
41770,I,51173,14.9599
41770,J,12433,3.6347
41770,K,21050,6.1538
41770,L,6225,1.8198
41770,M,10935,3.1967
41770,N,21518,6.2906
41770,O,6201,1.8128
41770,P,1625,0.4751
41770,Q,2350,0.687
41770,R,42382,12.39
41770,S,10251,2.9968
41770,T,4566,1.3348
41770,U,3730,1.0904
41770,V,140,0.0409
41770,W,633,0.1851
41770,X,615,0.1798
41770,Y,420,0.1228
41770,Z,89911,26.2846
41791,A,6547,2.7824
41791,B,3888,1.6524
41791,C,1975,0.8394
41791,D,2421,1.0289
41791,E,8324,3.5376
41791,F,4530,1.9252
41791,G,7146,3.037
41791,H,6562,2.7888
41791,I,9140,3.8844
41791,J,12211,5.1896
41791,K,16001,6.8003
41791,L,5294,2.2499
41791,M,10893,4.6294
41791,N,18651,7.9265
41791,O,3656,1.5538
41791,P,730,0.3102
41791,Q,1307,0.5555
41791,R,37329,15.8645
41791,S,7104,3.0191
41791,T,2543,1.0808
41791,U,605,0.2571
41791,V,114,0.0484
41791,W,365,0.1551
41791,X,345,0.1466
41791,Y,178,0.0756
41791,Z,67440,28.6614
41797,A,1363,1.6724
41797,B,2024,2.4834
41797,C,1347,1.6527
41797,D,1057,1.2969
41797,E,4828,5.9239
41797,F,1337,1.6405
41797,G,1182,1.4503
41797,H,2183,2.6785
41797,I,11953,14.6661
41797,J,2416,2.9644
41797,K,9169,11.2502
41797,L,1211,1.4859
41797,M,3008,3.6908
41797,N,6578,8.0711
41797,O,1117,1.3705
41797,P,342,0.4196
41797,Q,397,0.4871
41797,R,8706,10.6821
41797,S,2233,2.7398
41797,T,681,0.8356
41797,U,284,0.3485
41797,V,87,0.1067
41797,W,164,0.2012
41797,X,88,0.108
41797,Y,65,0.0798
41797,Z,17681,21.6942
41799,A,3125,1.9078
41799,B,5501,3.3583
41799,C,3330,2.0329
41799,D,1727,1.0543
41799,E,7265,4.4352
41799,F,2268,1.3846
41799,G,3550,2.1672
41799,H,6126,3.7399
41799,I,15156,9.2526
41799,J,6753,4.1226
41799,K,14920,9.1085
41799,L,3547,2.1654
41799,M,8100,4.945
41799,N,13059,7.9724
41799,O,1863,1.1373
41799,P,721,0.4402
41799,Q,649,0.3962
41799,R,21432,13.084
41799,S,4267,2.605
41799,T,1637,0.9994
41799,U,590,0.3602
41799,V,50,0.0305
41799,W,388,0.2369
41799,X,442,0.2698
41799,Y,175,0.1068
41799,Z,37162,22.687
41801,A,1157,1.1332
41801,B,2505,2.4536
41801,C,1127,1.1039
41801,D,936,0.9168
41801,E,2845,2.7866
41801,F,1554,1.5221
41801,G,2418,2.3684
41801,H,2500,2.4487
41801,I,8689,8.5106
41801,J,3753,3.676
41801,K,3948,3.8669
41801,L,1667,1.6328
41801,M,4411,4.3204
41801,N,9062,8.876
41801,O,1202,1.1773
41801,P,367,0.3595
41801,Q,314,0.3076
41801,R,14184,13.8928
41801,S,2727,2.671
41801,T,828,0.811
41801,U,5443,5.3313
41801,V,106,0.1038
41801,W,123,0.1205
41801,X,225,0.2204
41801,Y,87,0.0852
41801,Z,29918,29.3038
41807,A,3403,1.6874
41807,B,2675,1.3264
41807,C,2333,1.1568
41807,D,1597,0.7919
41807,E,8113,4.0228
41807,F,2106,1.0443
41807,G,5222,2.5893
41807,H,5230,2.5933
41807,I,19164,9.5025
41807,J,8852,4.3893
41807,K,7476,3.707
41807,L,3195,1.5842
41807,M,8947,4.4364
41807,N,18245,9.0468
41807,O,4285,2.1247
41807,P,757,0.3754
41807,Q,1962,0.9729
41807,R,28283,14.0242
41807,S,7893,3.9138
41807,T,1834,0.9094
41807,U,4527,2.2447
41807,V,80,0.0397
41807,W,431,0.2137
41807,X,405,0.2008
41807,Y,197,0.0977
41807,Z,54461,27.0046
41872,A,1215,1.2782
41872,B,2717,2.8583
41872,C,2232,2.3481
41872,D,1082,1.1383
41872,E,5203,5.4736
41872,F,1194,1.2561
41872,G,3461,3.641
41872,H,3842,4.0418
41872,I,12288,12.927
41872,J,4272,4.4941
41872,K,7516,7.9068
41872,L,2616,2.752
41872,M,4476,4.7088
41872,N,8464,8.9041
41872,O,1212,1.275
41872,P,410,0.4313
41872,Q,852,0.8963
41872,R,12667,13.3257
41872,S,2751,2.8941
41872,T,837,0.8805
41872,U,804,0.8458
41872,V,58,0.061
41872,W,199,0.2093
41872,X,303,0.3188
41872,Y,109,0.1147
41872,Z,14277,15.0194
41885,A,1865,1.7179
41885,B,1701,1.5668
41885,C,2486,2.2899
41885,D,1282,1.1809
41885,E,4962,4.5706
41885,F,1802,1.6599
41885,G,2608,2.4023
41885,H,5007,4.6121
41885,I,4409,4.0612
41885,J,6623,6.1006
41885,K,8929,8.2247
41885,L,2772,2.5534
41885,M,7242,6.6708
41885,N,8372,7.7117
41885,O,1313,1.2094
41885,P,400,0.3684
41885,Q,681,0.6273
41885,R,15131,13.9375
41885,S,3398,3.13
41885,T,1190,1.0961
41885,U,601,0.5536
41885,V,388,0.3574
41885,W,258,0.2377
41885,X,201,0.1851
41885,Y,91,0.0838
41885,Z,24851,22.8909
44001,A,37876,1.6673
44001,B,55800,2.4563
44001,C,9247,0.407
44001,D,24573,1.0817
44001,E,89812,3.9534
44001,F,56586,2.4908
44001,G,21476,0.9453
44001,H,75957,3.3435
44001,I,59902,2.6368
44001,J,85092,3.7457
44001,K,149107,6.5635
44001,L,48836,2.1497
44001,M,91423,4.0243
44001,N,139082,6.1222
44001,O,27119,1.1937
44001,P,2547,0.1121
44001,Q,6511,0.2866
44001,R,322716,14.2056
44001,S,42305,1.8622
44001,T,15405,0.6781
44001,U,13939,0.6136
44001,V,1150,0.0506
44001,W,3512,0.1546
44001,X,994,0.0438
44001,Y,3237,0.1425
44001,Z,887551,39.069
44035,A,2855,1.3173
44035,B,4690,2.164
44035,C,735,0.3391
44035,D,1703,0.7858
44035,E,6892,3.18
44035,F,2323,1.0718
44035,G,4065,1.8756
44035,H,5042,2.3264
44035,I,25119,11.59
44035,J,19503,8.9988
44035,K,17091,7.8858
44035,L,4250,1.961
44035,M,9405,4.3395
44035,N,12001,5.5373
44035,O,4196,1.936
44035,P,337,0.1555
44035,Q,398,0.1836
44035,R,42862,19.7767
44035,S,3954,1.8244
44035,T,1900,0.8767
44035,U,1130,0.5214
44035,V,100,0.0461
44035,W,649,0.2995
44035,X,177,0.0817
44035,Y,290,0.1338
44035,Z,45063,20.7922
44078,A,2986,1.281
44078,B,3928,1.6852
44078,C,769,0.3299
44078,D,1848,0.7928
44078,E,6747,2.8946
44078,F,1924,0.8254
44078,G,2200,0.9438
44078,H,4662,2.0001
44078,I,31585,13.5504
44078,J,16959,7.2757
44078,K,17803,7.6378
44078,L,4817,2.0666
44078,M,12648,5.4262
44078,N,13964,5.9908
44078,O,4024,1.7264
44078,P,300,0.1287
44078,Q,571,0.245
44078,R,40908,17.5502
44078,S,6661,2.8577
44078,T,2363,1.0138
44078,U,3383,1.4514
44078,V,83,0.0356
44078,W,525,0.2252
44078,X,159,0.0682
44078,Y,251,0.1077
44078,Z,51024,21.8901
44090,A,2244,0.9793
44090,B,4057,1.7705
44090,C,1369,0.5974
44090,D,2827,1.2337
44090,E,9295,4.0564
44090,F,3933,1.7164
44090,G,2349,1.0251
44090,H,6140,2.6795
44090,I,15703,6.8529
44090,J,11813,5.1553
44090,K,26335,11.4928
44090,L,8705,3.7989
44090,M,13673,5.967
44090,N,16447,7.1776
44090,O,2348,1.0247
44090,P,151,0.0659
44090,Q,632,0.2758
44090,R,31125,13.5832
44090,S,5924,2.5853
44090,T,1499,0.6542
44090,U,246,0.1074
44090,V,107,0.0467
44090,W,286,0.1248
44090,X,94,0.041
44090,Y,195,0.0851
44090,Z,61646,26.9029
44098,A,947,1.2374
44098,B,1147,1.4988
44098,C,449,0.5867
44098,D,772,1.0088
44098,E,2848,3.7214
44098,F,830,1.0845
44098,G,1035,1.3524
44098,H,2213,2.8917
44098,I,7466,9.7557
44098,J,5234,6.8391
44098,K,5936,7.7564
44098,L,2639,3.4483
44098,M,3975,5.194
44098,N,6787,8.8684
44098,O,1813,2.369
44098,P,53,0.0693
44098,Q,272,0.3554
44098,R,14566,19.0331
44098,S,2475,3.234
44098,T,696,0.9094
44098,U,415,0.5423
44098,V,22,0.0287
44098,W,115,0.1503
44098,X,71,0.0928
44098,Y,190,0.2483
44098,Z,13564,17.7238
44110,A,813,0.9809
44110,B,1210,1.4599
44110,C,452,0.5454
44110,D,1446,1.7447
44110,E,4860,5.8639
44110,F,1010,1.2186
44110,G,1386,1.6723
44110,H,2747,3.3144
44110,I,15170,18.3036
44110,J,5673,6.8448
44110,K,9955,12.0113
44110,L,2218,2.6762
44110,M,4184,5.0483
44110,N,6254,7.5458
44110,O,1429,1.7242
44110,P,50,0.0603
44110,Q,280,0.3378
44110,R,9203,11.104
44110,S,2450,2.9561
44110,T,1156,1.3948
44110,U,1619,1.9534
44110,V,16,0.0193
44110,W,124,0.1496
44110,X,58,0.07
44110,Y,103,0.1243
44110,Z,9014,10.876
44279,A,8013,0.788
44279,B,13105,1.2888
44279,C,4640,0.4563
44279,D,9651,0.9491
44279,E,29819,2.9325
44279,F,12590,1.2381
44279,G,12924,1.271
44279,H,23987,2.3589
44279,I,200137,19.6819
44279,J,53555,5.2667
44279,K,50173,4.9341
44279,L,16283,1.6013
44279,M,37463,3.6842
44279,N,54249,5.335
44279,O,22666,2.229
44279,P,1389,0.1366
44279,Q,3519,0.3461
44279,R,126273,12.4179
44279,S,27114,2.6664
44279,T,8495,0.8354
44279,U,8724,0.8579
44279,V,384,0.0378
44279,W,1512,0.1487
44279,X,711,0.0699
44279,Y,1524,0.1499
44279,Z,287959,28.3185
44378,A,2833,1.0503
44378,B,5434,2.0145
44378,C,1406,0.5212
44378,D,3294,1.2212
44378,E,7410,2.7471
44378,F,2928,1.0855
44378,G,3594,1.3324
44378,H,7440,2.7582
44378,I,30367,11.2578
44378,J,17964,6.6597
44378,K,20439,7.5773
44378,L,5004,1.8551
44378,M,13979,5.1824
44378,N,21404,7.935
44378,O,4154,1.54
44378,P,657,0.2436
44378,Q,749,0.2777
44378,R,48827,18.1014
44378,S,5150,1.9092
44378,T,2676,0.9921
44378,U,3159,1.1711
44378,V,164,0.0608
44378,W,1160,0.43
44378,X,178,0.066
44378,Y,235,0.0871
44378,Z,59136,21.9233
44420,A,490,1.0206
44420,B,712,1.483
44420,C,129,0.2687
44420,D,688,1.433
44420,E,735,1.5309
44420,F,507,1.056
44420,G,966,2.012
44420,H,1250,2.6036
44420,I,2416,5.0322
44420,J,3264,6.7984
44420,K,2722,5.6695
44420,L,621,1.2935
44420,M,3635,7.5712
44420,N,3222,6.711
44420,O,1131,2.3557
44420,P,46,0.0958
44420,Q,112,0.2333
44420,R,6198,12.9095
44420,S,926,1.9287
44420,T,253,0.527
44420,U,281,0.5853
44420,W,17,0.0354
44420,X,39,0.0812
44420,Y,57,0.1187
44420,Z,17594,36.6458
44430,A,85421,1.642
44430,B,163926,3.1511
44430,C,19901,0.3826
44430,D,45539,0.8754
44430,E,141947,2.7286
44430,F,55404,1.065
44430,G,66884,1.2857
44430,H,155196,2.9833
44430,I,463930,8.9181
44430,J,304952,5.8621
44430,K,355974,6.8429
44430,L,109139,2.098
44430,M,228568,4.3937
44430,N,304560,5.8545
44430,O,78137,1.502
44430,P,6414,0.1233
44430,Q,19365,0.3723
44430,R,670700,12.8928
44430,S,98526,1.894
44430,T,40515,0.7788
44430,U,69457,1.3352
44430,V,3189,0.0613
44430,W,8735,0.1679
44430,X,2345,0.0451
44430,Y,4723,0.0908
44430,Z,1698680,32.6536
44560,A,22154,3.2188
44560,B,13643,1.9822
44560,C,1829,0.2657
44560,D,4805,0.6981
44560,E,18866,2.7411
44560,F,3809,0.5534
44560,G,2883,0.4189
44560,H,10830,1.5735
44560,I,19689,2.8606
44560,J,139461,20.2625
44560,K,72417,10.5216
44560,L,14573,2.1173
44560,M,13569,1.9715
44560,N,32671,4.7468
44560,O,12180,1.7696
44560,P,889,0.1292
44560,Q,815,0.1184
44560,R,59221,8.6043
44560,S,4755,0.6909
44560,T,3575,0.5194
44560,U,681,0.0989
44560,V,123,0.0179
44560,W,414,0.0602
44560,X,109,0.0158
44560,Y,142,0.0206
44560,Z,234169,34.0227
44650,A,5276,0.7899
44650,B,9403,1.4078
44650,C,2859,0.4281
44650,D,5857,0.8769
44650,E,25128,3.7622
44650,F,11267,1.6869
44650,G,8963,1.342
44650,H,19437,2.9102
44650,I,71023,10.6337
44650,J,32365,4.8458
44650,K,67323,10.0798
44650,L,12192,1.8254
44650,M,26833,4.0175
44650,N,36867,5.5198
44650,O,11450,1.7143
44650,P,557,0.0834
44650,Q,1787,0.2676
44650,R,69983,10.478
44650,S,15663,2.3451
44650,T,4959,0.7425
44650,U,11556,1.7302
44650,V,107,0.016
44650,W,616,0.0922
44650,X,300,0.0449
44650,Y,811,0.1214
44650,Z,215321,32.2384
44847,A,49109,1.5107
44847,B,54664,1.6816
44847,C,4746,0.146
44847,D,25255,0.7769
44847,E,45414,1.397
44847,F,9125,0.2807
44847,G,12230,0.3762
44847,H,43698,1.3442
44847,I,62428,1.9204
44847,J,229113,7.0479
44847,K,262420,8.0725
44847,L,60765,1.8692
44847,M,47592,1.464
44847,N,77834,2.3943
44847,O,70606,2.172
44847,P,3702,0.1139
44847,Q,2086,0.0642
44847,R,214130,6.587
44847,S,18267,0.5619
44847,T,12419,0.382
44847,U,38233,1.1761
44847,V,219,0.0067
44847,W,1554,0.0478
44847,X,768,0.0236
44847,Y,696,0.0214
44847,Z,1903713,58.5616
44855,A,1840,0.9809
44855,B,2805,1.4954
44855,C,1140,0.6077
44855,D,2087,1.1126
44855,E,8833,4.709
44855,F,1948,1.0385
44855,G,3311,1.7651
44855,H,5593,2.9817
44855,I,30281,16.1432
44855,J,9958,5.3087
44855,K,21133,11.2662
44855,L,4374,2.3318
44855,M,7535,4.017
44855,N,10051,5.3583
44855,O,2529,1.3482
44855,P,122,0.065
44855,Q,643,0.3428
44855,R,26108,13.9185
44855,S,4431,2.3622
44855,T,1636,0.8722
44855,U,4198,2.238
44855,V,32,0.0171
44855,W,382,0.2036
44855,X,131,0.0698
44855,Y,227,0.121
44855,Z,36250,19.3253
44874,A,2584,0.8696
44874,B,8870,2.985
44874,C,2752,0.9261
44874,D,3306,1.1126
44874,E,12610,4.2436
44874,F,3163,1.0644
44874,G,5559,1.8707
44874,H,8764,2.9493
44874,I,60366,20.3147
44874,J,16237,5.4642
44874,K,30480,10.2573
44874,L,6155,2.0713
44874,M,13282,4.4697
44874,N,20984,7.0616
44874,O,5095,1.7146
44874,P,254,0.0855
44874,Q,1005,0.3382
44874,R,30966,10.4208
44874,S,7716,2.5966
44874,T,2583,0.8692
44874,U,2413,0.812
44874,V,78,0.0262
44874,W,507,0.1706
44874,X,225,0.0757
44874,Y,445,0.1498
44874,Z,50756,17.0806
47001,A,21587,0.5855
47001,B,78085,2.1181
47001,C,18062,0.4899
47001,D,53621,1.4545
47001,E,123100,3.3391
47001,F,55584,1.5077
47001,G,68223,1.8505
47001,H,155153,4.2085
47001,I,609142,16.523
47001,J,273986,7.4319
47001,K,294803,7.9965
47001,L,75805,2.0562
47001,M,201829,5.4746
47001,N,187489,5.0856
47001,O,33562,0.9104
47001,P,4384,0.1189
47001,Q,9437,0.256
47001,R,459052,12.4518
47001,S,76591,2.0775
47001,T,30236,0.8202
47001,U,48242,1.3086
47001,V,386,0.0105
47001,W,3573,0.0969
47001,X,1288,0.0349
47001,Y,14165,0.3842
47001,Z,789251,21.4084
47030,A,4321,4.1032
47030,B,1761,1.6722
47030,C,295,0.2801
47030,D,1039,0.9866
47030,E,1855,1.7615
47030,F,520,0.4938
47030,G,3241,3.0776
47030,H,1788,1.6979
47030,I,4897,4.6501
47030,J,9310,8.8406
47030,K,14635,13.8972
47030,L,2148,2.0397
47030,M,5181,4.9198
47030,N,7291,6.9234
47030,O,2663,2.5287
47030,P,76,0.0722
47030,Q,205,0.1947
47030,R,18511,17.5778
47030,S,3209,3.0472
47030,T,859,0.8157
47030,U,222,0.2108
47030,V,1,0.0009
47030,W,163,0.1548
47030,X,56,0.0532
47030,Y,37,0.0351
47030,Z,21025,19.9651
47053,A,4242,1.2562
47053,B,4588,1.3587
47053,C,941,0.2787
47053,D,2267,0.6713
47053,E,2763,0.8182
47053,F,2053,0.608
47053,G,2355,0.6974
47053,H,5616,1.6631
47053,I,12673,3.7529
47053,J,52703,15.6073
47053,K,35019,10.3704
47053,L,5238,1.5512
47053,M,13488,3.9943
47053,N,19272,5.7071
47053,O,5650,1.6732
47053,P,350,0.1036
47053,Q,506,0.1498
47053,R,88185,26.1148
47053,S,7251,2.1473
47053,T,4736,1.4025
47053,U,2195,0.65
47053,V,6,0.0018
47053,W,648,0.1919
47053,X,118,0.0349
47053,Y,287,0.085
47053,Z,64532,19.1103
47058,A,5291,2.0011
47058,B,7349,2.7795
47058,C,762,0.2882
47058,D,2079,0.7863
47058,E,6890,2.6059
47058,F,1643,0.6214
47058,G,3600,1.3616
47058,H,5484,2.0741
47058,I,22540,8.525
47058,J,16366,6.1899
47058,K,38762,14.6605
47058,L,3573,1.3514
47058,M,13165,4.9792
47058,N,14795,5.5957
47058,O,8792,3.3253
47058,P,172,0.0651
47058,Q,550,0.208
47058,R,38353,14.5058
47058,S,7375,2.7894
47058,T,1732,0.6551
47058,U,382,0.1445
47058,V,10,0.0038
47058,W,377,0.1426
47058,X,99,0.0374
47058,Y,160,0.0605
47058,Z,64097,24.2426
47161,A,978,0.5395
47161,B,12447,6.8658
47161,C,438,0.2416
47161,D,726,0.4005
47161,E,1510,0.8329
47161,F,1278,0.705
47161,G,1663,0.9173
47161,H,3006,1.6581
47161,I,4602,2.5385
47161,J,20222,11.1546
47161,K,38040,20.9831
47161,L,2025,1.117
47161,M,12724,7.0186
47161,N,8321,4.5899
47161,O,2189,1.2075
47161,P,377,0.208
47161,Q,355,0.1958
47161,R,13659,7.5344
47161,S,1826,1.0072
47161,T,927,0.5113
47161,U,1385,0.764
47161,V,9,0.005
47161,W,106,0.0585
47161,X,13,0.0072
47161,Y,61,0.0336
47161,Z,52402,28.9052
47170,A,3690,0.9628
47170,B,5358,1.3981
47170,C,922,0.2406
47170,D,2359,0.6155
47170,E,4395,1.1468
47170,F,1968,0.5135
47170,G,1747,0.4558
47170,H,3872,1.0103
47170,I,27285,7.1195
47170,J,55151,14.3905
47170,K,44661,11.6534
47170,L,3344,0.8725
47170,M,5903,1.5403
47170,N,37884,9.8851
47170,O,6306,1.6454
47170,P,319,0.0832
47170,Q,418,0.1091
47170,R,32323,8.434
47170,S,6278,1.6381
47170,T,1593,0.4157
47170,U,1779,0.4642
47170,V,60,0.0157
47170,W,306,0.0798
47170,X,94,0.0245
47170,Y,206,0.0538
47170,Z,135024,35.2318
47189,A,19649,0.9301
47189,B,105651,5.0013
47189,C,8483,0.4016
47189,D,24498,1.1597
47189,E,111682,5.2868
47189,F,32673,1.5467
47189,G,33076,1.5658
47189,H,61100,2.8924
47189,I,223902,10.5991
47189,J,167475,7.928
47189,K,166876,7.8996
47189,L,54232,2.5672
47189,M,124075,5.8735
47189,N,239787,11.3511
47189,O,25795,1.2211
47189,P,2324,0.11
47189,Q,7279,0.3446
47189,R,239366,11.3312
47189,S,68722,3.2532
47189,T,17871,0.846
47189,U,1478,0.07
47189,V,651,0.0308
47189,W,3986,0.1887
47189,X,1754,0.083
47189,Y,8082,0.3826
47189,Z,361989,17.1359
47205,A,521,0.4387
47205,B,1458,1.2276
47205,C,506,0.426
47205,D,709,0.597
47205,E,2238,1.8843
47205,F,758,0.6382
47205,G,1244,1.0474
47205,H,2073,1.7454
47205,I,12106,10.1929
47205,J,3907,3.2896
47205,K,18306,15.4131
47205,L,982,0.8268
47205,M,2181,1.8363
47205,N,4780,4.0246
47205,O,1215,1.023
47205,P,233,0.1962
47205,Q,229,0.1928
47205,R,15338,12.9141
47205,S,1360,1.1451
47205,T,430,0.362
47205,U,1331,1.1207
47205,V,10,0.0084
47205,W,25,0.021
47205,X,6,0.0051
47205,Y,53,0.0446
47205,Z,46770,39.379
47245,A,6589,1.3711
47245,B,12546,2.6108
47245,C,1300,0.2705
47245,D,4535,0.9437
47245,E,18590,3.8685
47245,F,3109,0.647
47245,G,6719,1.3982
47245,H,12312,2.5621
47245,I,58113,12.0931
47245,J,31621,6.5802
47245,K,55885,11.6295
47245,L,7888,1.6415
47245,M,21421,4.4576
47245,N,40640,8.457
47245,O,9297,1.9347
47245,P,573,0.1192
47245,Q,1863,0.3877
47245,R,72398,15.0657
47245,S,13039,2.7134
47245,T,5291,1.101
47245,U,2039,0.4243
47245,V,98,0.0204
47245,W,899,0.1871
47245,X,325,0.0676
47245,Y,318,0.0662
47245,Z,93139,19.3819
47258,A,1447,1.2987
47258,B,3803,3.4132
47258,C,527,0.473
47258,D,1007,0.9038
47258,E,2634,2.364
47258,F,1013,0.9092
47258,G,1437,1.2897
47258,H,3033,2.7221
47258,I,13003,11.6702
47258,J,8829,7.924
47258,K,11153,10.0098
47258,L,2216,1.9889
47258,M,4688,4.2075
47258,N,8546,7.67
47258,O,4001,3.5909
47258,P,363,0.3258
47258,Q,205,0.184
47258,R,15267,13.7021
47258,S,2670,2.3963
47258,T,1006,0.9029
47258,U,1520,1.3642
47258,V,5,0.0045
47258,W,150,0.1346
47258,X,59,0.053
47258,Y,80,0.0718
47258,Z,22759,20.4261
47268,A,8582,2.7022
47268,B,5532,1.7418
47268,C,1256,0.3955
47268,D,2874,0.9049
47268,E,3569,1.1238
47268,F,1419,0.4468
47268,G,1592,0.5013
47268,H,3969,1.2497
47268,I,16179,5.0942
47268,J,20342,6.405
47268,K,17030,5.3622
47268,L,5162,1.6253
47268,M,14961,4.7107
47268,N,19776,6.2268
47268,O,9865,3.1061
47268,P,460,0.1448
47268,Q,942,0.2966
47268,R,99286,31.2617
47268,S,8385,2.6401
47268,T,5520,1.7381
47268,U,3450,1.0863
47268,V,14,0.0044
47268,W,928,0.2922
47268,X,85,0.0268
47268,Y,554,0.1744
47268,Z,65864,20.7383
47288,A,16225,1.0039
47288,B,22032,1.3632
47288,C,4419,0.2734
47288,D,14033,0.8682
47288,E,27294,1.6887
47288,F,14631,0.9052
47288,G,20934,1.2952
47288,H,43252,2.6761
47288,I,83756,5.1821
47288,J,96104,5.9461
47288,K,149321,9.2387
47288,L,28948,1.7911
47288,M,59784,3.6989
47288,N,78948,4.8846
47288,O,26461,1.6372
47288,P,2116,0.1309
47288,Q,9123,0.5645
47288,R,343102,21.2283
47288,S,27044,1.6733
47288,T,16143,0.9988
47288,U,2205,0.1364
47288,V,32,0.002
47288,W,2303,0.1425
47288,X,651,0.0403
47288,Y,3147,0.1947
47288,Z,524242,32.4357
47318,A,7016,1.9237
47318,B,11595,3.1792
47318,C,1235,0.3386
47318,D,5045,1.3833
47318,E,15008,4.115
47318,F,2573,0.7055
47318,G,8708,2.3876
47318,H,10953,3.0032
47318,I,48914,13.4116
47318,J,30102,8.2536
47318,K,25609,7.0216
47318,L,8442,2.3147
47318,M,15728,4.3124
47318,N,21821,5.983
47318,O,6165,1.6904
47318,P,249,0.0683
47318,Q,1197,0.3282
47318,R,31132,8.536
47318,S,7372,2.0213
47318,T,2419,0.6633
47318,U,805,0.2207
47318,V,108,0.0296
47318,W,438,0.1201
47318,X,242,0.0664
47318,Y,347,0.0951
47318,Z,101492,27.8278
47460,A,2830,1.0304
47460,B,3190,1.1615
47460,C,688,0.2505
47460,D,2223,0.8094
47460,E,8357,3.0428
47460,F,1012,0.3685
47460,G,2886,1.0508
47460,H,3556,1.2948
47460,I,23282,8.4771
47460,J,15353,5.5901
47460,K,47151,17.1679
47460,L,3278,1.1935
47460,M,6286,2.2888
47460,N,17175,6.2535
47460,O,3788,1.3792
47460,P,384,0.1398
47460,Q,392,0.1427
47460,R,47569,17.3201
47460,S,3548,1.2918
47460,T,1121,0.4082
47460,U,665,0.2421
47460,V,95,0.0346
47460,W,199,0.0725
47460,X,105,0.0382
47460,Y,1298,0.4726
47460,Z,78215,28.4785
47541,A,273,0.6437
47541,B,726,1.7119
47541,C,173,0.4079
47541,D,405,0.955
47541,E,535,1.2615
47541,F,289,0.6815
47541,G,566,1.3346
47541,H,755,1.7803
47541,I,4113,9.6984
47541,J,2865,6.7556
47541,K,3059,7.2131
47541,L,816,1.9241
47541,M,1237,2.9168
47541,N,1808,4.2632
47541,O,893,2.1057
47541,P,217,0.5117
47541,Q,51,0.1203
47541,R,4788,11.2901
47541,S,875,2.0632
47541,T,317,0.7475
47541,U,397,0.9361
47541,V,3,0.0071
47541,W,48,0.1132
47541,X,17,0.0401
47541,Y,19,0.0448
47541,Z,17164,40.4725
47545,A,1441,1.2778
47545,B,2508,2.224
47545,C,608,0.5392
47545,D,1239,1.0987
47545,E,1972,1.7487
47545,F,662,0.587
47545,G,924,0.8194
47545,H,2041,1.8099
47545,I,2756,2.4439
47545,J,5250,4.6555
47545,K,21776,19.3103
47545,L,2163,1.9181
47545,M,3049,2.7038
47545,N,9456,8.3853
47545,O,1856,1.6458
47545,P,185,0.1641
47545,Q,315,0.2793
47545,R,13409,11.8907
47545,S,2340,2.075
47545,T,789,0.6997
47545,U,2517,2.232
47545,V,30,0.0266
47545,W,169,0.1499
47545,X,46,0.0408
47545,Y,115,0.102
47545,Z,35153,31.1726
47551,A,9578,1.4888
47551,B,12975,2.0168
47551,C,3867,0.6011
47551,D,11653,1.8113
47551,E,19497,3.0306
47551,F,5200,0.8083
47551,G,10609,1.649
47551,H,14622,2.2728
47551,I,50649,7.8728
47551,J,39448,6.1317
47551,K,55625,8.6463
47551,L,15839,2.462
47551,M,37418,5.8162
47551,N,65894,10.2425
47551,O,18193,2.8279
47551,P,1410,0.2192
47551,Q,1875,0.2914
47551,R,91088,14.1586
47551,S,16151,2.5105
47551,T,6400,0.9948
47551,U,10025,1.5583
47551,V,40,0.0062
47551,W,775,0.1205
47551,X,246,0.0382
47551,Y,413,0.0642
47551,Z,143851,22.36
47555,A,23961,1.9397
47555,B,27034,2.1885
47555,C,3290,0.2663
47555,D,11430,0.9253
47555,E,27418,2.2196
47555,F,6398,0.5179
47555,G,14294,1.1572
47555,H,31548,2.5539
47555,I,103856,8.4075
47555,J,75515,6.1132
47555,K,162769,13.1768
47555,L,22234,1.7999
47555,M,70015,5.668
47555,N,58893,4.7676
47555,O,11636,0.942
47555,P,906,0.0733
47555,Q,2958,0.2395
47555,R,205832,16.6629
47555,S,23215,1.8793
47555,T,8967,0.7259
47555,U,3529,0.2857
47555,V,1291,0.1045
47555,W,2438,0.1974
47555,X,1563,0.1265
47555,Y,1432,0.1159
47555,Z,332851,26.9455
47570,A,3815,1.2941
47570,B,6713,2.2772
47570,C,702,0.2381
47570,D,1719,0.5831
47570,E,3702,1.2558
47570,F,1352,0.4586
47570,G,2192,0.7436
47570,H,4095,1.3891
47570,I,12377,4.1986
47570,J,29562,10.0282
47570,K,24985,8.4755
47570,L,4559,1.5465
47570,M,13501,4.5799
47570,N,13340,4.5253
47570,O,4458,1.5123
47570,P,193,0.0655
47570,Q,610,0.2069
47570,R,47166,15.9999
47570,S,6112,2.0733
47570,T,3772,1.2796
47570,U,489,0.1659
47570,V,5,0.0017
47570,W,580,0.1968
47570,X,137,0.0465
47570,Y,4525,1.535
47570,Z,104129,35.3231
47605,A,482,0.5861
47605,B,1301,1.582
47605,C,245,0.2979
47605,D,407,0.4949
47605,E,1700,2.0671
47605,F,517,0.6286
47605,G,1994,2.4246
47605,H,1454,1.768
47605,I,11440,13.9105
47605,J,7573,9.2084
47605,K,10801,13.1335
47605,L,2229,2.7104
47605,M,2932,3.5652
47605,N,3322,4.0394
47605,O,1034,1.2573
47605,P,89,0.1082
47605,Q,56,0.0681
47605,R,8926,10.8536
47605,S,1371,1.6671
47605,T,311,0.3782
47605,U,107,0.1301
47605,V,2,0.0024
47605,W,33,0.0401
47605,X,4,0.0049
47605,Y,3333,4.0528
47605,Z,20577,25.0207
47660,A,1082,2.0337
47660,B,1012,1.9021
47660,C,213,0.4004
47660,D,477,0.8966
47660,E,913,1.7161
47660,F,205,0.3853
47660,G,857,1.6108
47660,H,1011,1.9003
47660,I,8330,15.657
47660,J,4613,8.6706
47660,K,2610,4.9057
47660,L,1013,1.904
47660,M,1615,3.0355
47660,N,2397,4.5054
47660,O,1131,2.1258
47660,P,84,0.1579
47660,Q,87,0.1635
47660,R,6746,12.6797
47660,S,1257,2.3626
47660,T,377,0.7086
47660,U,2,0.0038
47660,V,3,0.0056
47660,W,55,0.1034
47660,X,18,0.0338
47660,Y,40,0.0752
47660,Z,17055,32.0565
47675,A,439,0.6327
47675,B,1175,1.6934
47675,C,242,0.3488
47675,D,748,1.078
47675,E,953,1.3734
47675,F,621,0.895
47675,G,699,1.0074
47675,H,1683,2.4255
47675,I,11653,16.7937
47675,J,4287,6.1782
47675,K,22230,32.0368
47675,L,1103,1.5896
47675,M,2608,3.7585
47675,N,2530,3.6461
47675,O,1221,1.7596
47675,P,105,0.1513
47675,Q,127,0.183
47675,R,7685,11.0752
47675,S,1055,1.5204
47675,T,529,0.7624
47675,U,627,0.9036
47675,V,9,0.013
47675,W,151,0.2176
47675,X,72,0.1038
47675,Y,53,0.0764
47675,Z,6784,9.7768
47692,A,2052,0.9209
47692,B,3946,1.7709
47692,C,741,0.3326
47692,D,1881,0.8442
47692,E,5852,2.6263
47692,F,1554,0.6974
47692,G,2398,1.0762
47692,H,7336,3.2923
47692,I,51027,22.9005
47692,J,7869,3.5316
47692,K,18959,8.5087
47692,L,4741,2.1277
47692,M,12556,5.635
47692,N,11971,5.3725
47692,O,2094,0.9398
47692,P,304,0.1364
47692,Q,634,0.2845
47692,R,22695,10.1854
47692,S,2635,1.1826
47692,T,1608,0.7217
47692,U,682,0.3061
47692,V,71,0.0319
47692,W,447,0.2006
47692,X,74,0.0332
47692,Y,203,0.0911
47692,Z,58490,26.2499
47703,A,1465,1.3385
47703,B,1665,1.5212
47703,C,712,0.6505
47703,D,1268,1.1585
47703,E,1900,1.7359
47703,F,401,0.3664
47703,G,1125,1.0278
47703,H,2479,2.2649
47703,I,7553,6.9006
47703,J,9383,8.5726
47703,K,12393,11.3226
47703,L,2188,1.999
47703,M,5560,5.0798
47703,N,5099,4.6586
47703,O,1103,1.0077
47703,P,131,0.1197
47703,Q,222,0.2028
47703,R,12413,11.3408
47703,S,2033,1.8574
47703,T,978,0.8935
47703,U,306,0.2796
47703,V,14,0.0128
47703,W,231,0.211
47703,X,18,0.0164
47703,Y,37,0.0338
47703,Z,38777,35.4277
47707,A,2090,0.8757
47707,B,4277,1.792
47707,C,828,0.3469
47707,D,2023,0.8476
47707,E,4667,1.9554
47707,F,1511,0.6331
47707,G,1924,0.8061
47707,H,5142,2.1544
47707,I,55868,23.4076
47707,J,11697,4.9008
47707,K,23578,9.8787
47707,L,4188,1.7547
47707,M,6221,2.6065
47707,N,9829,4.1182
47707,O,2546,1.0667
47707,P,348,0.1458
47707,Q,565,0.2367
47707,R,33014,13.8322
47707,S,4005,1.678
47707,T,2392,1.0022
47707,U,5992,2.5105
47707,V,218,0.0913
47707,W,583,0.2443
47707,X,252,0.1056
47707,Y,363,0.1521
47707,Z,54554,22.857
47720,A,341,0.4787
47720,B,1292,1.8137
47720,C,377,0.5292
47720,D,742,1.0416
47720,E,1191,1.6719
47720,F,477,0.6696
47720,G,622,0.8732
47720,H,1370,1.9232
47720,I,6127,8.601
47720,J,4095,5.7485
47720,K,8372,11.7525
47720,L,831,1.1665
47720,M,3573,5.0157
47720,N,9835,13.8062
47720,O,968,1.3589
47720,P,210,0.2948
47720,Q,137,0.1923
47720,R,13291,18.6577
47720,S,1042,1.4627
47720,T,427,0.5994
47720,U,575,0.8072
47720,V,6,0.0084
47720,W,94,0.132
47720,X,22,0.0309
47720,Y,111,0.1558
47720,Z,15108,21.2084
47745,A,2941,1.861
47745,B,2592,1.6402
47745,C,563,0.3563
47745,D,1016,0.6429
47745,E,4504,2.85
47745,F,831,0.5258
47745,G,681,0.4309
47745,H,2529,1.6003
47745,I,3871,2.4495
47745,J,30376,19.2212
47745,K,40554,25.6616
47745,L,2943,1.8623
47745,M,5707,3.6112
47745,N,5370,3.398
47745,O,1940,1.2276
47745,P,237,0.15
47745,Q,187,0.1183
47745,R,22496,14.2349
47745,S,1646,1.0415
47745,T,790,0.4999
47745,U,1134,0.7176
47745,V,3,0.0019
47745,W,147,0.093
47745,X,22,0.0139
47745,Y,68,0.043
47745,Z,24886,15.7472
47798,A,1043,0.9056
47798,B,2844,2.4694
47798,C,259,0.2249
47798,D,1333,1.1574
47798,E,3975,3.4515
47798,F,609,0.5288
47798,G,2348,2.0388
47798,H,2426,2.1065
47798,I,10661,9.2569
47798,J,7094,6.1597
47798,K,20471,17.7749
47798,L,2461,2.1369
47798,M,4951,4.2989
47798,N,7714,6.698
47798,O,2119,1.8399
47798,P,280,0.2431
47798,Q,194,0.1684
47798,R,8674,7.5316
47798,S,2161,1.8764
47798,T,628,0.5453
47798,U,1299,1.1279
47798,V,15,0.013
47798,W,67,0.0582
47798,X,36,0.0313
47798,Y,30,0.026
47798,Z,31476,27.3305
47960,A,467,1.347
47960,B,1005,2.8988
47960,C,116,0.3346
47960,D,287,0.8278
47960,E,486,1.4018
47960,F,127,0.3663
47960,G,797,2.2988
47960,H,927,2.6738
47960,I,2681,7.7329
47960,J,1880,5.4226
47960,K,3122,9.0049
47960,L,434,1.2518
47960,M,2219,6.4003
47960,N,2213,6.383
47960,O,607,1.7508
47960,P,52,0.15
47960,Q,40,0.1154
47960,R,7159,20.649
47960,S,651,1.8777
47960,T,198,0.5711
47960,U,73,0.2106
47960,W,32,0.0923
47960,X,7,0.0202
47960,Y,13,0.0375
47960,Z,9077,26.1811
47980,A,4817,1.6118
47980,B,3910,1.3083
47980,C,998,0.3339
47980,D,2634,0.8814
47980,E,4269,1.4285
47980,F,1964,0.6572
47980,G,1439,0.4815
47980,H,6173,2.0656
47980,I,9518,3.1849
47980,J,26761,8.9546
47980,K,27041,9.0483
47980,L,3998,1.3378
47980,M,11598,3.8809
47980,N,25673,8.5905
47980,O,6825,2.2837
47980,P,769,0.2573
47980,Q,648,0.2168
47980,R,60952,20.3954
47980,S,8562,2.865
47980,T,2126,0.7114
47980,U,3346,1.1196
47980,V,24,0.008
47980,W,467,0.1563
47980,X,100,0.0335
47980,Y,6493,2.1726
47980,Z,77747,26.0152
50001,A,192143,1.5413
50001,B,365484,2.9318
50001,C,141039,1.1314
50001,D,144201,1.1567
50001,E,700549,5.6195
50001,F,315157,2.5281
50001,G,217262,1.7428
50001,H,474011,3.8023
50001,I,1228795,9.8569
50001,J,449156,3.603
50001,K,894479,7.1752
50001,L,288067,2.3108
50001,M,735163,5.8972
50001,N,598276,4.7991
50001,O,91076,0.7306
50001,P,10431,0.0837
50001,Q,42840,0.3436
50001,R,1955380,15.6853
50001,S,307336,2.4653
50001,T,94842,0.7608
50001,U,114108,0.9153
50001,V,4186,0.0336
50001,W,8172,0.0656
50001,X,2973,0.0238
50001,Y,17039,0.1367
50001,Z,3074130,24.6595
50006,A,17187,1.4148
50006,B,27418,2.2569
50006,C,10053,0.8275
50006,D,11006,0.906
50006,E,66785,5.4975
50006,F,19597,1.6131
50006,G,23227,1.912
50006,H,40304,3.3177
50006,I,75991,6.2553
50006,J,37041,3.0491
50006,K,133513,10.9903
50006,L,25077,2.0642
50006,M,64754,5.3303
50006,N,54950,4.5233
50006,O,12290,1.0117
50006,P,891,0.0733
50006,Q,4191,0.345
50006,R,182538,15.0258
50006,S,34749,2.8604
50006,T,8619,0.7095
50006,U,17582,1.4473
50006,V,249,0.0205
50006,W,650,0.0535
50006,X,384,0.0316
50006,Y,825,0.0679
50006,Z,344959,28.3957
50110,A,730,1.3162
50110,B,1039,1.8733
50110,C,541,0.9754
50110,D,534,0.9628
50110,E,2228,4.0171
50110,F,703,1.2675
50110,G,1223,2.2051
50110,H,1558,2.8091
50110,I,3578,6.4511
50110,J,1673,3.0164
50110,K,6150,11.0885
50110,L,1191,2.1474
50110,M,2591,4.6716
50110,N,3676,6.6278
50110,O,997,1.7976
50110,P,61,0.11
50110,Q,169,0.3047
50110,R,7476,13.4793
50110,S,2468,4.4498
50110,T,611,1.1016
50110,U,477,0.86
50110,V,50,0.0902
50110,W,101,0.1821
50110,X,117,0.211
50110,Y,15,0.027
50110,Z,15506,27.9574
50124,A,624,1.7898
50124,B,613,1.7582
50124,C,401,1.1502
50124,D,272,0.7802
50124,E,949,2.7219
50124,F,420,1.2046
50124,G,551,1.5804
50124,H,995,2.8539
50124,I,4518,12.9586
50124,J,1249,3.5824
50124,K,4482,12.8553
50124,L,654,1.8758
50124,M,1577,4.5232
50124,N,1749,5.0165
50124,O,666,1.9102
50124,P,24,0.0688
50124,Q,136,0.3901
50124,R,5615,16.105
50124,S,2569,7.3684
50124,T,336,0.9637
50124,U,150,0.4302
50124,V,23,0.066
50124,W,114,0.327
50124,X,23,0.066
50124,Y,22,0.0631
50124,Z,6133,17.5907
50150,A,3629,2.413
50150,B,8415,5.5952
50150,C,719,0.4781
50150,D,1432,0.9522
50150,E,4183,2.7813
50150,F,1858,1.2354
50150,G,2122,1.4109
50150,H,5091,3.3851
50150,I,10191,6.7761
50150,J,7571,5.034
50150,K,11671,7.7602
50150,L,5622,3.7381
50150,M,9802,6.5175
50150,N,6287,4.1803
50150,O,2590,1.7221
50150,P,109,0.0725
50150,Q,607,0.4036
50150,R,27685,18.4081
50150,S,7306,4.8578
50150,T,1937,1.2879
50150,U,1313,0.873
50150,V,88,0.0585
50150,W,359,0.2387
50150,X,236,0.1569
50150,Y,111,0.0738
50150,Z,29462,19.5896
50223,A,1292,1.3151
50223,B,848,0.8632
50223,C,1014,1.0322
50223,D,882,0.8978
50223,E,3540,3.6034
50223,F,1058,1.0769
50223,G,1441,1.4668
50223,H,3387,3.4476
50223,I,10638,10.8285
50223,J,2935,2.9876
50223,K,13296,13.5341
50223,L,2005,2.0409
50223,M,3292,3.3509
50223,N,3732,3.7988
50223,O,1242,1.2642
50223,P,74,0.0753
50223,Q,232,0.2362
50223,R,10413,10.5994
50223,S,3999,4.0706
50223,T,1163,1.1838
50223,U,667,0.6789
50223,V,216,0.2199
50223,W,320,0.3257
50223,X,61,0.0621
50223,Y,43,0.0438
50223,Z,30451,30.9962
50226,A,9942,1.6196
50226,B,10166,1.6561
50226,C,4961,0.8082
50226,D,5853,0.9535
50226,E,31462,5.1255
50226,F,7444,1.2127
50226,G,10013,1.6312
50226,H,22349,3.6409
50226,I,74717,12.1721
50226,J,14994,2.4427
50226,K,54634,8.9004
50226,L,12579,2.0492
50226,M,35351,5.759
50226,N,20739,3.3786
50226,O,5185,0.8447
50226,P,290,0.0472
50226,Q,1973,0.3214
50226,R,71073,11.5785
50226,S,16347,2.6631
50226,T,5572,0.9077
50226,U,13337,2.1727
50226,V,178,0.029
50226,W,503,0.0819
50226,X,232,0.0378
50226,Y,321,0.0523
50226,Z,183623,29.9139
50245,A,222,1.0114
50245,B,329,1.4989
50245,C,180,0.82
50245,D,165,0.7517
50245,E,849,3.8679
50245,F,297,1.3531
50245,G,331,1.508
50245,H,588,2.6788
50245,I,5544,25.2574
50245,J,815,3.713
50245,K,2727,12.4237
50245,L,536,2.4419
50245,M,967,4.4055
50245,N,923,4.205
50245,O,132,0.6014
50245,Q,46,0.2096
50245,R,1673,7.6219
50245,S,734,3.344
50245,T,253,1.1526
50245,U,16,0.0729
50245,V,9,0.041
50245,W,43,0.1959
50245,Y,16,0.0729
50245,Z,4555,20.7517
50251,A,570,1.0254
50251,B,786,1.414
50251,C,583,1.0488
50251,D,555,0.9985
50251,E,2784,5.0085
50251,F,756,1.3601
50251,G,690,1.2413
50251,H,1654,2.9756
50251,I,3156,5.6777
50251,J,1549,2.7867
50251,K,4300,7.7358
50251,L,919,1.6533
50251,M,1912,3.4397
50251,N,2916,5.2459
50251,O,1021,1.8368
50251,P,23,0.0414
50251,Q,247,0.4444
50251,R,9690,17.4324
50251,S,2066,3.7168
50251,T,411,0.7394
50251,U,60,0.1079
50251,V,4,0.0072
50251,W,39,0.0702
50251,X,11,0.0198
50251,Y,14,0.0252
50251,Z,18870,33.9474
50270,A,291,0.7746
50270,B,620,1.6503
50270,C,250,0.6654
50270,D,299,0.7959
50270,E,1938,5.1585
50270,F,557,1.4826
50270,G,927,2.4675
50270,H,1192,3.1728
50270,I,4521,12.0339
50270,J,1492,3.9714
50270,K,5689,15.1428
50270,L,546,1.4533
50270,M,1699,4.5223
50270,N,2230,5.9357
50270,O,544,1.448
50270,P,42,0.1118
50270,Q,136,0.362
50270,R,4908,13.064
50270,S,1383,3.6812
50270,T,243,0.6468
50270,U,516,1.3735
50270,V,16,0.0426
50270,W,93,0.2475
50270,X,40,0.1065
50270,Y,31,0.0825
50270,Z,7366,19.6066
50287,A,1588,1.0594
50287,B,5270,3.5157
50287,C,1515,1.0107
50287,D,1833,1.2228
50287,E,6921,4.6171
50287,F,2650,1.7679
50287,G,3364,2.2442
50287,H,8605,5.7405
50287,I,8447,5.6351
50287,J,6665,4.4463
50287,K,11225,7.4884
50287,L,4253,2.8372
50287,M,7343,4.8986
50287,N,9692,6.4657
50287,O,3499,2.3342
50287,P,79,0.0527
50287,Q,792,0.5284
50287,R,26085,17.4017
50287,S,7344,4.8993
50287,T,1516,1.0113
50287,U,573,0.3823
50287,V,129,0.0861
50287,W,460,0.3069
50287,X,154,0.1027
50287,Y,79,0.0527
50287,Z,29818,19.8921
50313,A,9373,1.5526
50313,B,19052,3.156
50313,C,4342,0.7193
50313,D,6981,1.1564
50313,E,33701,5.5826
50313,F,8967,1.4854
50313,G,8081,1.3386
50313,H,24313,4.0274
50313,I,44533,7.3769
50313,J,17699,2.9318
50313,K,56530,9.3642
50313,L,11466,1.8993
50313,M,28090,4.6531
50313,N,27541,4.5622
50313,O,9172,1.5193
50313,P,409,0.0678
50313,Q,2217,0.3672
50313,R,57337,9.4979
50313,S,15552,2.5762
50313,T,4108,0.6805
50313,U,8858,1.4673
50313,V,266,0.0441
50313,W,590,0.0977
50313,X,228,0.0378
50313,Y,544,0.0901
50313,Z,203733,33.7483
50318,A,1685,1.4053
50318,B,2186,1.8232
50318,C,974,0.8124
50318,D,1333,1.1118
50318,E,6160,5.1377
50318,F,1880,1.568
50318,G,2046,1.7064
50318,H,4162,3.4713
50318,I,13056,10.8892
50318,J,3426,2.8574
50318,K,8470,7.0643
50318,L,2553,2.1293
50318,M,6199,5.1702
50318,N,5897,4.9183
50318,O,1515,1.2636
50318,P,71,0.0592
50318,Q,461,0.3845
50318,R,20335,16.9601
50318,S,3130,2.6105
50318,T,854,0.7123
50318,U,2367,1.9742
50318,V,101,0.0842
50318,W,123,0.1026
50318,X,40,0.0334
50318,Y,56,0.0467
50318,Z,30819,25.7041
50325,A,824,2.3185
50325,B,798,2.2454
50325,C,380,1.0692
50325,D,270,0.7597
50325,E,1380,3.8829
50325,F,208,0.5853
50325,G,450,1.2662
50325,H,747,2.1019
50325,I,2583,7.2679
50325,J,1632,4.592
50325,K,3371,9.4851
50325,L,894,2.5155
50325,M,1189,3.3455
50325,N,1210,3.4046
50325,O,1045,2.9403
50325,P,65,0.1829
50325,Q,108,0.3039
50325,R,5815,16.3618
50325,S,1778,5.0028
50325,T,353,0.9932
50325,U,50,0.1407
50325,V,16,0.045
50325,W,54,0.1519
50325,X,17,0.0478
50325,Y,9,0.0253
50325,Z,10294,28.9645
50330,A,1047,1.1776
50330,B,1571,1.767
50330,C,1031,1.1596
50330,D,1038,1.1675
50330,E,3119,3.5082
50330,F,1021,1.1484
50330,G,1526,1.7164
50330,H,3261,3.6679
50330,I,4870,5.4776
50330,J,2892,3.2528
50330,K,8186,9.2074
50330,L,1634,1.8379
50330,M,3808,4.2831
50330,N,6016,6.7666
50330,O,2668,3.0009
50330,P,85,0.0956
50330,Q,399,0.4488
50330,R,12526,14.0889
50330,S,4049,4.5542
50330,T,1021,1.1484
50330,U,126,0.1417
50330,V,78,0.0877
50330,W,83,0.0934
50330,X,34,0.0382
50330,Y,41,0.0461
50330,Z,26777,30.118
50350,A,563,1.3728
50350,B,732,1.7849
50350,C,332,0.8095
50350,D,305,0.7437
50350,E,1673,4.0794
50350,F,434,1.0583
50350,G,591,1.4411
50350,H,747,1.8215
50350,I,2650,6.4617
50350,J,1193,2.909
50350,K,2109,5.1425
50350,L,614,1.4972
50350,M,1470,3.5844
50350,N,1935,4.7182
50350,O,1093,2.6651
50350,P,29,0.0707
50350,Q,94,0.2292
50350,R,7283,17.7587
50350,S,1688,4.116
50350,T,253,0.6169
50350,U,63,0.1536
50350,V,16,0.039
50350,W,27,0.0658
50350,X,28,0.0683
50350,Y,12,0.0293
50350,Z,15077,36.7633
50370,A,148,0.5418
50370,B,311,1.1384
50370,C,137,0.5015
50370,D,152,0.5564
50370,E,925,3.386
50370,F,198,0.7248
50370,G,315,1.1531
50370,H,491,1.7973
50370,I,3218,11.7798
50370,J,744,2.7235
50370,K,3236,11.8457
50370,L,355,1.2995
50370,M,938,3.4336
50370,N,1145,4.1914
50370,O,929,3.4007
50370,P,19,0.0696
50370,Q,106,0.388
50370,R,4173,15.2756
50370,S,1167,4.2719
50370,T,170,0.6223
50370,U,15,0.0549
50370,V,22,0.0805
50370,W,11,0.0403
50370,X,15,0.0549
50370,Y,4,0.0146
50370,Z,8374,30.6538
50400,A,349,0.9014
50400,B,1043,2.6938
50400,C,277,0.7154
50400,D,354,0.9143
50400,E,2250,5.8111
50400,F,487,1.2578
50400,G,872,2.2521
50400,H,1250,3.2284
50400,I,3224,8.3267
50400,J,1049,2.7093
50400,K,4479,11.568
50400,L,669,1.7278
50400,M,1237,3.1948
50400,N,2508,6.4774
50400,O,822,2.123
50400,P,69,0.1782
50400,Q,136,0.3512
50400,R,3994,10.3153
50400,S,1533,3.9593
50400,T,257,0.6638
50400,U,123,0.3177
50400,V,33,0.0852
50400,W,23,0.0594
50400,X,8,0.0207
50400,Y,20,0.0517
50400,Z,11653,30.0963
50450,A,595,1.5675
50450,B,808,2.1287
50450,C,449,1.1829
50450,D,508,1.3383
50450,E,1533,4.0387
50450,F,678,1.7862
50450,G,694,1.8283
50450,H,1040,2.7399
50450,I,4160,10.9595
50450,J,1244,3.2773
50450,K,4909,12.9327
50450,L,744,1.9601
50450,M,1259,3.3168
50450,N,2735,7.2053
50450,O,1028,2.7083
50450,P,71,0.187
50450,Q,184,0.4847
50450,R,5864,15.4487
50450,S,1432,3.7726
50450,T,329,0.8667
50450,U,78,0.2055
50450,V,12,0.0316
50450,W,35,0.0922
50450,X,39,0.1027
50450,Y,16,0.0422
50450,Z,7514,19.7956
50568,A,5641,1.6517
50568,B,8469,2.4797
50568,C,1898,0.5557
50568,D,2379,0.6966
50568,E,10615,3.1081
50568,F,2869,0.84
50568,G,4865,1.4245
50568,H,10389,3.0419
50568,I,15920,4.6613
50568,J,10535,3.0846
50568,K,33885,9.9215
50568,L,6993,2.0475
50568,M,16372,4.7937
50568,N,12657,3.7059
50568,O,5744,1.6818
50568,P,344,0.1007
50568,Q,923,0.2703
50568,R,39612,11.5983
50568,S,8594,2.5163
50568,T,2328,0.6816
50568,U,4385,1.2839
50568,V,167,0.0489
50568,W,277,0.0811
50568,X,107,0.0313
50568,Y,179,0.0524
50568,Z,135385,39.6405
50573,A,3427,1.8096
50573,B,8067,4.2597
50573,C,1280,0.6759
50573,D,2608,1.3771
50573,E,9627,5.0835
50573,F,2432,1.2842
50573,G,3035,1.6026
50573,H,7010,3.7016
50573,I,15175,8.0131
50573,J,8780,4.6362
50573,K,16995,8.9741
50573,L,4070,2.1491
50573,M,12830,6.7748
50573,N,12463,6.581
50573,O,2696,1.4236
50573,P,111,0.0586
50573,Q,442,0.2334
50573,R,32480,17.1509
50573,S,6524,3.445
50573,T,1930,1.0191
50573,U,1568,0.828
50573,V,99,0.0523
50573,W,222,0.1172
50573,X,72,0.038
50573,Y,81,0.0428
50573,Z,35354,18.6685
50577,A,215,0.7498
50577,B,428,1.4926
50577,C,153,0.5336
50577,D,303,1.0567
50577,E,1251,4.3628
50577,F,296,1.0323
50577,G,370,1.2904
50577,H,701,2.4447
50577,I,4271,14.895
50577,J,723,2.5214
50577,K,2375,8.2828
50577,L,592,2.0646
50577,M,1532,5.3428
50577,N,1633,5.6951
50577,O,538,1.8763
50577,P,7,0.0244
50577,Q,68,0.2371
50577,R,6788,23.673
50577,S,1125,3.9234
50577,T,176,0.6138
50577,U,51,0.1779
50577,V,14,0.0488
50577,W,20,0.0697
50577,X,31,0.1081
50577,Y,5,0.0174
50577,Z,5008,17.4653
50590,A,375,1.065
50590,B,803,2.2805
50590,C,334,0.9486
50590,D,343,0.9741
50590,E,1685,4.7854
50590,F,475,1.349
50590,G,651,1.8489
50590,H,1322,3.7545
50590,I,4089,11.6128
50590,J,1273,3.6153
50590,K,1710,4.8564
50590,L,822,2.3345
50590,M,1772,5.0325
50590,N,1445,4.1038
50590,O,568,1.6131
50590,P,23,0.0653
50590,Q,108,0.3067
50590,R,7108,20.1869
50590,S,1566,4.4475
50590,T,378,1.0735
50590,U,68,0.1931
50590,V,19,0.054
50590,W,107,0.3039
50590,X,54,0.1534
50590,Y,25,0.071
50590,Z,8088,22.9701
50606,A,1387,1.1735
50606,B,2135,1.8063
50606,C,896,0.7581
50606,D,1002,0.8477
50606,E,7001,5.9232
50606,F,2035,1.7217
50606,G,2045,1.7302
50606,H,3801,3.2158
50606,I,8354,7.0679
50606,J,2971,2.5136
50606,K,13965,11.815
50606,L,2295,1.9417
50606,M,5595,4.7336
50606,N,4875,4.1245
50606,O,832,0.7039
50606,P,52,0.044
50606,Q,408,0.3452
50606,R,15550,13.156
50606,S,3143,2.6591
50606,T,736,0.6227
50606,U,419,0.3545
50606,V,53,0.0448
50606,W,69,0.0584
50606,X,18,0.0152
50606,Y,54,0.0457
50606,Z,38506,32.5778
50680,A,370,0.9562
50680,B,740,1.9124
50680,C,400,1.0337
50680,D,362,0.9355
50680,E,1071,2.7678
50680,F,495,1.2792
50680,G,457,1.181
50680,H,1283,3.3157
50680,I,2703,6.9854
50680,J,1220,3.1529
50680,K,3370,8.7091
50680,L,812,2.0985
50680,M,2580,6.6675
50680,N,1673,4.3236
50680,O,809,2.0907
50680,P,60,0.1551
50680,Q,138,0.3566
50680,R,5963,15.4103
50680,S,2822,7.2929
50680,T,445,1.15
50680,U,291,0.752
50680,V,81,0.2093
50680,W,403,1.0415
50680,X,140,0.3618
50680,Y,58,0.1499
50680,Z,9949,25.7113
50683,A,267,0.8901
50683,B,1147,3.8238
50683,C,323,1.0768
50683,D,285,0.9501
50683,E,1005,3.3504
50683,F,381,1.2702
50683,G,450,1.5002
50683,H,763,2.5437
50683,I,2525,8.4178
50683,J,891,2.9704
50683,K,2745,9.1512
50683,L,422,1.4069
50683,M,1527,5.0907
50683,N,1856,6.1875
50683,O,462,1.5402
50683,P,14,0.0467
50683,Q,85,0.2834
50683,R,4399,14.6653
50683,S,1412,4.7073
50683,T,189,0.6301
50683,U,20,0.0667
50683,V,29,0.0967
50683,W,28,0.0933
50683,X,2,0.0067
50683,Y,5,0.0167
50683,Z,8764,29.2172
50686,A,77,0.9503
50686,B,198,2.4435
50686,C,57,0.7034
50686,D,71,0.8762
50686,E,367,4.5292
50686,F,74,0.9132
50686,G,285,3.5172
50686,H,161,1.9869
50686,I,743,9.1694
50686,J,219,2.7027
50686,K,776,9.5767
50686,L,143,1.7648
50686,M,325,4.0109
50686,N,453,5.5905
50686,O,139,1.7154
50686,P,1,0.0123
50686,Q,14,0.1728
50686,R,852,10.5146
50686,S,305,3.764
50686,T,54,0.6664
50686,U,55,0.6788
50686,V,11,0.1358
50686,W,1,0.0123
50686,Y,5,0.0617
50686,Z,2717,33.5308
50689,A,3434,0.986
50689,B,4956,1.4231
50689,C,2573,0.7388
50689,D,2625,0.7537
50689,E,19776,5.6785
50689,F,3669,1.0535
50689,G,4098,1.1767
50689,H,10856,3.1172
50689,I,29166,8.3748
50689,J,8589,2.4663
50689,K,43379,12.4559
50689,L,5269,1.5129
50689,M,13214,3.7943
50689,N,16783,4.8191
50689,O,3606,1.0354
50689,P,160,0.0459
50689,Q,977,0.2805
50689,R,36538,10.4916
50689,S,10655,3.0595
50689,T,2402,0.6897
50689,U,11209,3.2186
50689,V,147,0.0422
50689,W,664,0.1907
50689,X,124,0.0356
50689,Y,205,0.0589
50689,Z,113187,32.5006
50711,A,1327,1.311
50711,B,2308,2.2801
50711,C,1067,1.0541
50711,D,1116,1.1025
50711,E,3844,3.7975
50711,F,1614,1.5945
50711,G,1394,1.3771
50711,H,3016,2.9795
50711,I,4113,4.0633
50711,J,4066,4.0168
50711,K,11102,10.9678
50711,L,2273,2.2455
50711,M,4165,4.1146
50711,N,4995,4.9346
50711,O,3666,3.6217
50711,P,73,0.0721
50711,Q,373,0.3685
50711,R,20284,20.0387
50711,S,4939,4.8793
50711,T,816,0.8061
50711,U,212,0.2094
50711,V,35,0.0346
50711,W,77,0.0761
50711,X,75,0.0741
50711,Y,63,0.0622
50711,Z,24211,23.9182
52001,A,62678,1.1318
52001,B,138606,2.5028
52001,C,63669,1.1497
52001,D,54391,0.9821
52001,E,228765,4.1308
52001,F,399083,7.2063
52001,G,231521,4.1806
52001,H,259339,4.6829
52001,I,548530,9.9049
52001,J,274629,4.959
52001,K,627357,11.3283
52001,L,109219,1.9722
52001,M,511143,9.2298
52001,N,284165,5.1312
52001,O,54259,0.9798
52001,P,15830,0.2858
52001,Q,37757,0.6818
52001,R,298503,5.3901
52001,S,161381,2.9141
52001,T,60688,1.0959
52001,U,111532,2.0139
52001,V,735,0.0133
52001,W,5878,0.1061
52001,X,2935,0.053
52001,Y,35442,0.64
52001,Z,959947,17.3339
52019,A,559,1.0628
52019,B,694,1.3195
52019,C,817,1.5534
52019,D,562,1.0685
52019,E,2702,5.1374
52019,F,3300,6.2744
52019,G,3130,5.9511
52019,H,3282,6.2401
52019,I,3936,7.4836
52019,J,2105,4.0023
52019,K,3591,6.8276
52019,L,711,1.3518
52019,M,3473,6.6033
52019,N,3230,6.1413
52019,O,725,1.3785
52019,P,51,0.097
52019,Q,287,0.5457
52019,R,8517,16.1936
52019,S,1626,3.0915
52019,T,491,0.9335
52019,U,87,0.1654
52019,V,4,0.0076
52019,W,67,0.1274
52019,X,73,0.1388
52019,Y,162,0.308
52019,Z,8413,15.9958
52022,A,463,1.7645
52022,B,186,0.7089
52022,C,203,0.7737
52022,D,590,2.2486
52022,E,787,2.9994
52022,F,657,2.5039
52022,G,2027,7.7251
52022,H,945,3.6015
52022,I,4946,18.8498
52022,J,1134,4.3218
52022,K,1877,7.1535
52022,L,527,2.0085
52022,M,3126,11.9136
52022,N,1996,7.607
52022,O,514,1.9589
52022,P,71,0.2706
52022,Q,344,1.311
52022,R,1960,7.4698
52022,S,807,3.0756
52022,T,177,0.6746
52022,U,395,1.5054
52022,V,5,0.0191
52022,W,32,0.122
52022,X,20,0.0762
52022,Y,28,0.1067
52022,Z,2422,9.2305
52036,A,1304,2.1551
52036,B,942,1.5568
52036,C,1123,1.856
52036,D,507,0.8379
52036,E,3123,5.1613
52036,F,3306,5.4637
52036,G,1936,3.1996
52036,H,2996,4.9514
52036,I,6277,10.3738
52036,J,4428,7.318
52036,K,5422,8.9608
52036,L,1249,2.0642
52036,M,3979,6.576
52036,N,3640,6.0157
52036,O,616,1.018
52036,P,129,0.2132
52036,Q,336,0.5553
52036,R,4239,7.0057
52036,S,2918,4.8225
52036,T,908,1.5006
52036,U,27,0.0446
52036,V,6,0.0099
52036,W,424,0.7007
52036,X,38,0.0628
52036,Y,68,0.1124
52036,Z,10567,17.4638
52051,A,814,1.0226
52051,B,933,1.1721
52051,C,578,0.7261
52051,D,563,0.7073
52051,E,3181,3.9961
52051,F,2568,3.226
52051,G,3164,3.9748
52051,H,1381,1.7349
52051,I,21084,26.4868
52051,J,3166,3.9773
52051,K,5087,6.3905
52051,L,876,1.1005
52051,M,3368,4.231
52051,N,3996,5.02
52051,O,982,1.2336
52051,P,212,0.2663
52051,Q,1560,1.9597
52051,R,8935,11.2246
52051,S,2779,3.4911
52051,T,907,1.1394
52051,U,19,0.0239
52051,V,5,0.0063
52051,W,241,0.3028
52051,X,49,0.0616
52051,Y,92,0.1156
52051,Z,13062,16.4091
52079,A,13812,2.3527
52079,B,30205,5.1451
52079,C,2593,0.4417
52079,D,9585,1.6327
52079,E,14511,2.4718
52079,F,12150,2.0696
52079,G,9787,1.6671
52079,H,12490,2.1275
52079,I,18029,3.071
52079,J,39773,6.7749
52079,K,38260,6.5172
52079,L,18420,3.1376
52079,M,22889,3.8989
52079,N,27556,4.6939
52079,O,14935,2.544
52079,P,2763,0.4706
52079,Q,1509,0.257
52079,R,139908,23.8317
52079,S,16524,2.8147
52079,T,7475,1.2733
52079,U,2978,0.5073
52079,V,59,0.01
52079,W,1151,0.1961
52079,X,651,0.1109
52079,Y,374,0.0637
52079,Z,128679,21.919
52083,A,2522,1.7244
52083,B,976,0.6673
52083,C,1686,1.1528
52083,D,1703,1.1644
52083,E,7678,5.2497
52083,F,4232,2.8935
52083,G,3874,2.6488
52083,H,4564,3.1205
52083,I,24142,16.5066
52083,J,9007,6.1583
52083,K,9798,6.6992
52083,L,3040,2.0785
52083,M,7880,5.3878
52083,N,7742,5.2934
52083,O,1623,1.1097
52083,P,784,0.536
52083,Q,877,0.5996
52083,R,13826,9.4532
52083,S,5124,3.5034
52083,T,1396,0.9545
52083,U,2212,1.5124
52083,V,8,0.0055
52083,W,227,0.1552
52083,X,105,0.0718
52083,Y,179,0.1224
52083,Z,31052,21.2311
52110,A,1910,0.964
52110,B,1355,0.6839
52110,C,2458,1.2406
52110,D,2214,1.1174
52110,E,6124,3.0908
52110,F,13798,6.9639
52110,G,4802,2.4236
52110,H,7695,3.8837
52110,I,30329,15.3072
52110,J,6565,3.3134
52110,K,11576,5.8425
52110,L,3756,1.8957
52110,M,11156,5.6305
52110,N,8609,4.345
52110,O,3502,1.7675
52110,P,1313,0.6627
52110,Q,1835,0.9261
52110,R,29850,15.0655
52110,S,7513,3.7919
52110,T,1912,0.965
52110,U,1361,0.6869
52110,V,51,0.0257
52110,W,544,0.2746
52110,X,201,0.1014
52110,Y,400,0.2019
52110,Z,37306,18.8286
52203,A,2524,1.7275
52203,B,1274,0.872
52203,C,1435,0.9822
52203,D,1710,1.1704
52203,E,4532,3.1018
52203,F,4339,2.9697
52203,G,2779,1.902
52203,H,5904,4.0408
52203,I,19500,13.3463
52203,J,6978,4.7759
52203,K,9899,6.7751
52203,L,3157,2.1607
52203,M,6934,4.7458
52203,N,8485,5.8073
52203,O,2090,1.4304
52203,P,321,0.2197
52203,Q,795,0.5441
52203,R,21461,14.6884
52203,S,7678,5.255
52203,T,1702,1.1649
52203,U,800,0.5475
52203,V,32,0.0219
52203,W,815,0.5578
52203,X,357,0.2443
52203,Y,305,0.2087
52203,Z,30302,20.7395
52207,A,4061,1.7421
52207,B,2806,1.2037
52207,C,2763,1.1853
52207,D,2604,1.1171
52207,E,9735,4.1762
52207,F,6191,2.6559
52207,G,7741,3.3208
52207,H,9337,4.0055
52207,I,27084,11.6187
52207,J,14942,6.41
52207,K,20819,8.9311
52207,L,4200,1.8018
52207,M,14804,6.3508
52207,N,12640,5.4224
52207,O,2702,1.1591
52207,P,579,0.2484
52207,Q,1565,0.6714
52207,R,29412,12.6174
52207,S,10339,4.4353
52207,T,2486,1.0665
52207,U,1942,0.8331
52207,V,46,0.0197
52207,W,1465,0.6285
52207,X,476,0.2042
52207,Y,2638,1.1317
52207,Z,39729,17.0433
52210,A,3133,2.5982
52210,B,2355,1.953
52210,C,2022,1.6768
52210,D,1462,1.2124
52210,E,4916,4.0768
52210,F,3311,2.7458
52210,G,3260,2.7035
52210,H,4519,3.7476
52210,I,14394,11.9368
52210,J,7233,5.9983
52210,K,16302,13.5191
52210,L,3092,2.5642
52210,M,8498,7.0473
52210,N,7459,6.1857
52210,O,2716,2.2524
52210,P,426,0.3533
52210,Q,1097,0.9097
52210,R,7242,6.0057
52210,S,6247,5.1806
52210,T,1469,1.2182
52210,U,1696,1.4065
52210,V,9,0.0075
52210,W,352,0.2919
52210,X,173,0.1435
52210,Y,292,0.2422
52210,Z,16910,14.0233
52215,A,4873,2.1641
52215,B,4184,1.8581
52215,C,1929,0.8567
52215,D,2319,1.0299
52215,E,8612,3.8246
52215,F,5084,2.2578
52215,G,4782,2.1237
52215,H,7579,3.3659
52215,I,19789,8.7884
52215,J,15851,7.0395
52215,K,30883,13.7153
52215,L,4078,1.8111
52215,M,12842,5.7032
52215,N,13632,6.054
52215,O,4602,2.0438
52215,P,626,0.278
52215,Q,2223,0.9872
52215,R,17227,7.6506
52215,S,9451,4.1972
52215,T,2213,0.9828
52215,U,2085,0.926
52215,V,24,0.0107
52215,W,727,0.3229
52215,X,342,0.1519
52215,Y,354,0.1572
52215,Z,48861,21.6994
52224,A,1738,1.6262
52224,B,1506,1.4091
52224,C,897,0.8393
52224,D,911,0.8524
52224,E,4934,4.6166
52224,F,2304,2.1558
52224,G,2272,2.1258
52224,H,3907,3.6557
52224,I,16796,15.7156
52224,J,9835,9.2023
52224,K,8574,8.0225
52224,L,1879,1.7581
52224,M,6532,6.1118
52224,N,5320,4.9778
52224,O,1644,1.5382
52224,P,354,0.3312
52224,Q,1019,0.9535
52224,R,9406,8.8009
52224,S,4110,3.8456
52224,T,1088,1.018
52224,U,2610,2.4421
52224,V,2,0.0019
52224,W,500,0.4678
52224,X,118,0.1104
52224,Y,460,0.4304
52224,Z,18159,16.9909
52227,A,7942,2.4172
52227,B,6197,1.8861
52227,C,3416,1.0397
52227,D,4833,1.471
52227,E,11647,3.5449
52227,F,6187,1.8831
52227,G,6424,1.9552
52227,H,12372,3.7656
52227,I,25811,7.8559
52227,J,18989,5.7795
52227,K,50187,15.275
52227,L,5745,1.7486
52227,M,22558,6.8658
52227,N,18705,5.6931
52227,O,7081,2.1552
52227,P,1186,0.361
52227,Q,2979,0.9067
52227,R,12543,3.8176
52227,S,9943,3.0263
52227,T,1918,0.5838
52227,U,2571,0.7825
52227,V,38,0.0116
52227,W,363,0.1105
52227,X,121,0.0368
52227,Y,523,0.1592
52227,Z,88277,26.8682
52233,A,507,0.8152
52233,B,1275,2.0499
52233,C,666,1.0708
52233,D,627,1.0081
52233,E,2339,3.7606
52233,F,1747,2.8088
52233,G,1112,1.7879
52233,H,1635,2.6287
52233,I,7106,11.425
52233,J,1869,3.005
52233,K,2886,4.6401
52233,L,1168,1.8779
52233,M,2694,4.3314
52233,N,3351,5.3877
52233,O,1514,2.4342
52233,P,335,0.5386
52233,Q,406,0.6528
52233,R,3713,5.9697
52233,S,2194,3.5275
52233,T,521,0.8377
52233,U,302,0.4856
52233,V,11,0.0177
52233,W,99,0.1592
52233,X,57,0.0916
52233,Y,152,0.2444
52233,Z,23911,38.444
52240,A,1657,3.5684
52240,B,698,1.5031
52240,C,590,1.2706
52240,D,570,1.2275
52240,E,1933,4.1627
52240,F,3985,8.5817
52240,G,981,2.1126
52240,H,1536,3.3078
52240,I,7490,16.1297
52240,J,3034,6.5337
52240,K,3658,7.8775
52240,L,687,1.4795
52240,M,3222,6.9386
52240,N,1946,4.1907
52240,O,816,1.7573
52240,P,112,0.2412
52240,Q,507,1.0918
52240,R,3758,8.0929
52240,S,1943,4.1843
52240,T,390,0.8399
52240,U,49,0.1055
52240,V,49,0.1055
52240,W,300,0.6461
52240,X,24,0.0517
52240,Y,120,0.2584
52240,Z,6381,13.7415
52250,A,1472,1.2307
52250,B,4548,3.8025
52250,C,570,0.4766
52250,D,1542,1.2892
52250,E,1241,1.0376
52250,F,871,0.7282
52250,G,855,0.7149
52250,H,1582,1.3227
52250,I,6128,5.1235
52250,J,4897,4.0943
52250,K,6036,5.0466
52250,L,3304,2.7624
52250,M,2751,2.3001
52250,N,3896,3.2574
52250,O,4406,3.6838
52250,P,412,0.3445
52250,Q,374,0.3127
52250,R,21339,17.8412
52250,S,3768,3.1504
52250,T,1150,0.9615
52250,U,552,0.4615
52250,V,16,0.0134
52250,W,236,0.1973
52250,X,150,0.1254
52250,Y,108,0.0903
52250,Z,47401,39.6313
52254,A,1418,2.1654
52254,B,670,1.0232
52254,C,847,1.2935
52254,D,813,1.2415
52254,E,3953,6.0367
52254,F,2178,3.3261
52254,G,1334,2.0372
52254,H,1882,2.874
52254,I,17343,26.4847
52254,J,2455,3.7491
52254,K,3996,6.1023
52254,L,1401,2.1395
52254,M,2728,4.166
52254,N,2336,3.5673
52254,O,662,1.0109
52254,P,195,0.2978
52254,Q,239,0.365
52254,R,8336,12.73
52254,S,2034,3.1061
52254,T,763,1.1652
52254,U,136,0.2077
52254,V,28,0.0428
52254,W,207,0.3161
52254,X,70,0.1069
52254,Y,110,0.168
52254,Z,9349,14.277
52256,A,773,1.0468
52256,B,1028,1.3921
52256,C,874,1.1836
52256,D,1061,1.4368
52256,E,3546,4.802
52256,F,1679,2.2737
52256,G,3332,4.5122
52256,H,2476,3.353
52256,I,13149,17.8062
52256,J,3178,4.3036
52256,K,3774,5.1107
52256,L,1374,1.8607
52256,M,3796,5.1405
52256,N,3202,4.3361
52256,O,1208,1.6359
52256,P,273,0.3697
52256,Q,299,0.4049
52256,R,5821,7.8827
52256,S,2686,3.6373
52256,T,750,1.0156
52256,U,110,0.149
52256,V,3,0.0041
52256,W,107,0.1449
52256,X,75,0.1016
52256,Y,88,0.1192
52256,Z,19183,25.9774
52258,A,696,0.8558
52258,B,837,1.0291
52258,C,680,0.8361
52258,D,1000,1.2296
52258,E,2894,3.5583
52258,F,3339,4.1055
52258,G,2144,2.6362
52258,H,2888,3.551
52258,I,14031,17.2519
52258,J,3948,4.8543
52258,K,6578,8.088
52258,L,1538,1.8911
52258,M,4128,5.0756
52258,N,4492,5.5232
52258,O,1350,1.6599
52258,P,178,0.2189
52258,Q,511,0.6283
52258,R,4644,5.7101
52258,S,3781,4.649
52258,T,1321,1.6242
52258,U,231,0.284
52258,V,8,0.0098
52258,W,287,0.3529
52258,X,184,0.2262
52258,Y,237,0.2914
52258,Z,19405,23.8596
52260,A,1921,1.6161
52260,B,1950,1.6405
52260,C,1177,0.9902
52260,D,1218,1.0247
52260,E,5513,4.6381
52260,F,3307,2.7822
52260,G,2650,2.2294
52260,H,4651,3.9129
52260,I,18013,15.1543
52260,J,10105,8.5013
52260,K,7352,6.1852
52260,L,2235,1.8803
52260,M,8771,7.379
52260,N,5283,4.4446
52260,O,1224,1.0297
52260,P,324,0.2726
52260,Q,741,0.6234
52260,R,14573,12.2602
52260,S,4644,3.907
52260,T,1436,1.2081
52260,U,994,0.8362
52260,V,60,0.0505
52260,W,418,0.3517
52260,X,73,0.0614
52260,Y,137,0.1153
52260,Z,20094,16.905
52287,A,752,1.7179
52287,B,327,0.747
52287,C,708,1.6174
52287,D,584,1.3341
52287,E,1715,3.9178
52287,F,1127,2.5745
52287,G,928,2.1199
52287,H,1579,3.6071
52287,I,13759,31.4312
52287,J,1504,3.4358
52287,K,3033,6.9286
52287,L,830,1.8961
52287,M,2213,5.0554
52287,N,2924,6.6796
52287,O,655,1.4963
52287,P,177,0.4043
52287,Q,373,0.8521
52287,R,2328,5.3181
52287,S,1552,3.5454
52287,T,490,1.1194
52287,U,384,0.8772
52287,V,21,0.048
52287,W,159,0.3632
52287,X,45,0.1028
52287,Y,69,0.1576
52287,Z,5539,12.6533
52317,A,1573,1.8688
52317,B,976,1.1595
52317,C,1171,1.3912
52317,D,946,1.1239
52317,E,2188,2.5995
52317,F,2612,3.1032
52317,G,2722,3.2339
52317,H,4544,5.3985
52317,I,7980,9.4807
52317,J,5541,6.583
52317,K,10234,12.1586
52317,L,2327,2.7646
52317,M,6939,8.2439
52317,N,6311,7.4978
52317,O,1754,2.0839
52317,P,344,0.4087
52317,Q,1230,1.4613
52317,R,5136,6.1019
52317,S,3824,4.5431
52317,T,1068,1.2688
52317,U,184,0.2186
52317,V,3,0.0036
52317,W,301,0.3576
52317,X,95,0.1129
52317,Y,202,0.24
52317,Z,13966,16.5924
52320,A,1443,1.1216
52320,B,1957,1.5211
52320,C,2194,1.7053
52320,D,1342,1.0431
52320,E,4807,3.7362
52320,F,4920,3.824
52320,G,2812,2.1856
52320,H,4904,3.8116
52320,I,26250,20.4026
52320,J,7240,5.6272
52320,K,8989,6.9866
52320,L,1938,1.5063
52320,M,8857,6.884
52320,N,6870,5.3397
52320,O,1766,1.3726
52320,P,424,0.3296
52320,Q,1510,1.1736
52320,R,10339,8.0359
52320,S,4937,3.8372
52320,T,2132,1.6571
52320,U,194,0.1508
52320,V,41,0.0319
52320,W,446,0.3467
52320,X,113,0.0878
52320,Y,4858,3.7758
52320,Z,17377,13.5061
52323,A,1246,1.4736
52323,B,1051,1.243
52323,C,1165,1.3778
52323,D,1005,1.1886
52323,E,4876,5.7666
52323,F,3025,3.5775
52323,G,2739,3.2393
52323,H,3359,3.9725
52323,I,11768,13.9174
52323,J,5111,6.0445
52323,K,9036,10.6864
52323,L,1825,2.1583
52323,M,7340,8.6806
52323,N,5582,6.6015
52323,O,1433,1.6947
52323,P,256,0.3028
52323,Q,1025,1.2122
52323,R,4795,5.6708
52323,S,2800,3.3114
52323,T,844,0.9982
52323,U,2360,2.791
52323,V,15,0.0177
52323,W,259,0.3063
52323,X,90,0.1064
52323,Y,237,0.2803
52323,Z,11314,13.3805
52352,A,1514,1.421
52352,B,1954,1.834
52352,C,1244,1.1676
52352,D,722,0.6777
52352,E,3613,3.3911
52352,F,3833,3.5976
52352,G,2064,1.9372
52352,H,3563,3.3442
52352,I,33431,31.3779
52352,J,4972,4.6667
52352,K,9441,8.8612
52352,L,1639,1.5383
52352,M,6349,5.9591
52352,N,5720,5.3687
52352,O,1934,1.8152
52352,P,292,0.2741
52352,Q,1113,1.0446
52352,R,5339,5.0111
52352,S,3232,3.0335
52352,T,978,0.9179
52352,U,349,0.3276
52352,V,23,0.0216
52352,W,270,0.2534
52352,X,114,0.107
52352,Y,1116,1.0475
52352,Z,11724,11.004
52354,A,1141,1.3379
52354,B,1703,1.9968
52354,C,1595,1.8702
52354,D,899,1.0541
52354,E,3783,4.4357
52354,F,5563,6.5228
52354,G,1613,1.8913
52354,H,3782,4.4345
52354,I,13335,15.6356
52354,J,3965,4.6491
52354,K,10499,12.3103
52354,L,1702,1.9956
52354,M,5958,6.9859
52354,N,4307,5.0501
52354,O,1287,1.509
52354,P,251,0.2943
52354,Q,1073,1.2581
52354,R,5531,6.4852
52354,S,2899,3.3992
52354,T,1044,1.2241
52354,U,1402,1.6439
52354,V,10,0.0117
52354,W,201,0.2357
52354,X,74,0.0868
52354,Y,1559,1.828
52354,Z,10110,11.8542
52356,A,51808,2.9814
52356,B,44401,2.5552
52356,C,17291,0.995
52356,D,20654,1.1886
52356,E,81234,4.6748
52356,F,66741,3.8408
52356,G,79761,4.59
52356,H,72052,4.1464
52356,I,133049,7.6566
52356,J,131815,7.5856
52356,K,158264,9.1076
52356,L,40498,2.3305
52356,M,120815,6.9526
52356,N,111341,6.4074
52356,O,39356,2.2648
52356,P,5081,0.2924
52356,Q,18561,1.0681
52356,R,91255,5.2515
52356,S,60100,3.4586
52356,T,23678,1.3626
52356,U,30693,1.7663
52356,V,176,0.0101
52356,W,3324,0.1913
52356,X,1990,0.1145
52356,Y,3392,0.1952
52356,Z,330376,19.0122
52378,A,1243,0.9838
52378,B,1035,0.8192
52378,C,2266,1.7935
52378,D,1672,1.3233
52378,E,5879,4.6531
52378,F,3320,2.6277
52378,G,2539,2.0095
52378,H,4383,3.469
52378,I,33040,26.1502
52378,J,6099,4.8272
52378,K,10241,8.1055
52378,L,2363,1.8702
52378,M,6823,5.4002
52378,N,5958,4.7156
52378,O,2310,1.8283
52378,P,364,0.2881
52378,Q,1160,0.9181
52378,R,11998,9.4961
52378,S,5261,4.1639
52378,T,1194,0.945
52378,U,3162,2.5026
52378,V,30,0.0237
52378,W,290,0.2295
52378,X,93,0.0736
52378,Y,221,0.1749
52378,Z,13403,10.6081
52381,A,1017,1.5813
52381,B,745,1.1584
52381,C,1176,1.8285
52381,D,709,1.1024
52381,E,3636,5.6535
52381,F,3231,5.0238
52381,G,2232,3.4705
52381,H,2733,4.2495
52381,I,6063,9.4272
52381,J,3904,6.0702
52381,K,5520,8.5829
52381,L,1487,2.3121
52381,M,4728,7.3514
52381,N,3265,5.0767
52381,O,1015,1.5782
52381,P,284,0.4416
52381,Q,611,0.95
52381,R,6951,10.8079
52381,S,3106,4.8294
52381,T,708,1.1008
52381,U,164,0.255
52381,V,34,0.0529
52381,W,255,0.3965
52381,X,90,0.1399
52381,Y,192,0.2985
52381,Z,10458,16.2608
52385,A,162,0.8487
52385,B,139,0.7282
52385,C,224,1.1736
52385,D,221,1.1579
52385,E,558,2.9235
52385,F,792,4.1494
52385,G,434,2.2738
52385,H,655,3.4317
52385,I,2938,15.3927
52385,J,718,3.7617
52385,K,1002,5.2496
52385,L,268,1.4041
52385,M,843,4.4166
52385,N,1048,5.4906
52385,O,565,2.9601
52385,P,107,0.5606
52385,Q,126,0.6601
52385,R,1748,9.1581
52385,S,655,3.4317
52385,T,196,1.0269
52385,U,437,2.2895
52385,V,1,0.0052
52385,W,36,0.1886
52385,X,17,0.0891
52385,Y,33,0.1729
52385,Z,5164,27.0551
52390,A,394,1.0536
52390,B,1830,4.8937
52390,C,561,1.5002
52390,D,493,1.3184
52390,E,555,1.4842
52390,F,209,0.5589
52390,G,438,1.1713
52390,H,448,1.198
52390,I,1539,4.1155
52390,J,2426,6.4875
52390,K,1734,4.637
52390,L,767,2.0511
52390,M,1290,3.4497
52390,N,1606,4.2947
52390,O,1029,2.7517
52390,P,167,0.4466
52390,Q,121,0.3236
52390,R,5664,15.1464
52390,S,1092,2.9202
52390,T,309,0.8263
52390,U,53,0.1417
52390,V,8,0.0214
52390,W,70,0.1872
52390,X,18,0.0481
52390,Y,66,0.1765
52390,Z,14508,38.7966
52399,A,7383,1.4686
52399,B,9983,1.9857
52399,C,4498,0.8947
52399,D,6556,1.3041
52399,E,34327,6.828
52399,F,20635,4.1045
52399,G,23521,4.6786
52399,H,23605,4.6953
52399,I,58642,11.6645
52399,J,33111,6.5861
52399,K,36766,7.3132
52399,L,11588,2.305
52399,M,30601,6.0869
52399,N,38075,7.5735
52399,O,9113,1.8127
52399,P,1190,0.2367
52399,Q,3426,0.6815
52399,R,47920,9.5318
52399,S,21326,4.242
52399,T,4690,0.9329
52399,U,3934,0.7825
52399,V,40,0.008
52399,W,1385,0.2755
52399,X,372,0.074
52399,Y,285,0.0567
52399,Z,69765,13.877
52405,A,1006,1.2259
52405,B,1995,2.4311
52405,C,464,0.5654
52405,D,1018,1.2405
52405,E,2680,3.2658
52405,F,2068,2.52
52405,G,1331,1.6219
52405,H,3248,3.9579
52405,I,6534,7.9622
52405,J,5277,6.4304
52405,K,5927,7.2225
52405,L,1679,2.046
52405,M,3662,4.4624
52405,N,5182,6.3147
52405,O,1700,2.0716
52405,P,416,0.5069
52405,Q,447,0.5447
52405,R,8868,10.8063
52405,S,3401,4.1444
52405,T,1109,1.3514
52405,U,732,0.892
52405,V,16,0.0195
52405,W,130,0.1584
52405,X,84,0.1024
52405,Y,103,0.1255
52405,Z,22986,28.0102
52411,A,753,1.2435
52411,B,558,0.9214
52411,C,980,1.6183
52411,D,694,1.146
52411,E,1906,3.1474
52411,F,2636,4.3529
52411,G,1950,3.2201
52411,H,2250,3.7155
52411,I,10526,17.382
52411,J,3863,6.3791
52411,K,4101,6.7721
52411,L,927,1.5308
52411,M,3250,5.3668
52411,N,2699,4.457
52411,O,633,1.0453
52411,P,125,0.2064
52411,Q,397,0.6556
52411,R,4552,7.5169
52411,S,2185,3.6082
52411,T,417,0.6886
52411,U,515,0.8504
52411,V,12,0.0198
52411,W,349,0.5763
52411,X,53,0.0875
52411,Y,56,0.0925
52411,Z,14170,23.3994
52418,A,287,1.0525
52418,B,461,1.6906
52418,C,373,1.3679
52418,D,372,1.3642
52418,E,1287,4.7196
52418,F,1301,4.771
52418,G,629,2.3066
52418,H,1348,4.9433
52418,I,2518,9.2339
52418,J,1419,5.2037
52418,K,2044,7.4957
52418,L,510,1.8703
52418,M,1104,4.0486
52418,N,2580,9.4613
52418,O,328,1.2028
52418,P,153,0.5611
52418,Q,201,0.7371
52418,R,2559,9.3843
52418,S,742,2.721
52418,T,188,0.6894
52418,U,27,0.099
52418,V,2,0.0073
52418,W,93,0.341
52418,X,9,0.033
52418,Y,51,0.187
52418,Z,6683,24.5077
52427,A,233,1.3651
52427,B,2233,13.083
52427,C,227,1.33
52427,D,149,0.873
52427,E,397,2.326
52427,F,133,0.7792
52427,G,194,1.1366
52427,H,202,1.1835
52427,I,600,3.5154
52427,J,651,3.8142
52427,K,1289,7.5521
52427,L,132,0.7734
52427,M,237,1.3886
52427,N,590,3.4568
52427,O,485,2.8416
52427,P,129,0.7558
52427,Q,65,0.3808
52427,R,5020,29.4118
52427,S,434,2.5428
52427,T,88,0.5156
52427,U,40,0.2344
52427,V,10,0.0586
52427,W,26,0.1523
52427,X,17,0.0996
52427,Y,15,0.0879
52427,Z,3472,20.3422
52435,A,342,1.7843
52435,B,153,0.7982
52435,C,131,0.6835
52435,D,83,0.433
52435,E,280,1.4608
52435,F,378,1.9721
52435,G,200,1.0435
52435,H,398,2.0765
52435,I,7691,40.1263
52435,J,982,5.1234
52435,K,630,3.2869
52435,L,419,2.186
52435,M,725,3.7825
52435,N,1179,6.1512
52435,O,266,1.3878
52435,P,17,0.0887
52435,Q,74,0.3861
52435,R,2590,13.5128
52435,S,600,3.1304
52435,T,131,0.6835
52435,U,21,0.1096
52435,V,1,0.0052
52435,W,72,0.3756
52435,X,7,0.0365
52435,Y,48,0.2504
52435,Z,1749,9.1251
52473,A,338,1.4628
52473,B,1670,7.2272
52473,C,36,0.1558
52473,D,265,1.1468
52473,E,599,2.5923
52473,F,143,0.6189
52473,G,256,1.1079
52473,H,294,1.2723
52473,I,2723,11.7843
52473,J,894,3.869
52473,K,836,3.618
52473,L,344,1.4887
52473,M,537,2.324
52473,N,1257,5.4399
52473,O,607,2.6269
52473,P,102,0.4414
52473,Q,59,0.2553
52473,R,2908,12.5849
52473,S,588,2.5447
52473,T,210,0.9088
52473,U,41,0.1774
52473,V,7,0.0303
52473,W,44,0.1904
52473,X,12,0.0519
52473,Y,14,0.0606
52473,Z,8323,36.0194
52480,A,54,0.4717
52480,B,80,0.6988
52480,C,160,1.3976
52480,D,98,0.856
52480,E,577,5.0402
52480,F,296,2.5856
52480,G,565,4.9354
52480,H,459,4.0094
52480,I,2496,21.8029
52480,J,563,4.9179
52480,K,1947,17.0073
52480,L,173,1.5112
52480,M,883,7.7131
52480,N,485,4.2365
52480,O,144,1.2579
52480,P,47,0.4106
52480,Q,114,0.9958
52480,R,841,7.3463
52480,S,292,2.5507
52480,T,69,0.6027
52480,V,2,0.0175
52480,W,14,0.1223
52480,X,4,0.0349
52480,Y,25,0.2184
52480,Z,1060,9.2593
52490,A,2022,2.1833
52490,B,10775,11.6348
52490,C,1152,1.2439
52490,D,1011,1.0917
52490,E,987,1.0658
52490,F,675,0.7289
52490,G,676,0.7299
52490,H,1098,1.1856
52490,I,5282,5.7035
52490,J,3930,4.2436
52490,K,2665,2.8777
52490,L,1515,1.6359
52490,M,2312,2.4965
52490,N,3766,4.0665
52490,O,3329,3.5946
52490,P,639,0.69
52490,Q,553,0.5971
52490,R,7877,8.5056
52490,S,3333,3.599
52490,T,769,0.8304
52490,U,332,0.3585
52490,V,47,0.0508
52490,W,273,0.2948
52490,X,143,0.1544
52490,Y,91,0.0983
52490,Z,37358,40.3391
52506,A,568,0.8041
52506,B,691,0.9782
52506,C,653,0.9244
52506,D,469,0.6639
52506,E,2739,3.8774
52506,F,1505,2.1305
52506,G,1159,1.6407
52506,H,2226,3.1512
52506,I,13552,19.1846
52506,J,3929,5.562
52506,K,10117,14.3219
52506,L,1120,1.5855
52506,M,4826,6.8318
52506,N,4268,6.0419
52506,O,1063,1.5048
52506,P,175,0.2477
52506,Q,638,0.9032
52506,R,4452,6.3024
52506,S,2069,2.9289
52506,T,595,0.8423
52506,U,375,0.5309
52506,V,16,0.0227
52506,W,249,0.3525
52506,X,55,0.0779
52506,Y,136,0.1925
52506,Z,12995,18.3961
52520,A,5031,0.9233
52520,B,8063,1.4797
52520,C,6618,1.2145
52520,D,6292,1.1547
52520,E,60647,11.1298
52520,F,36267,6.6556
52520,G,16957,3.1119
52520,H,23047,4.2295
52520,I,44880,8.2363
52520,J,28160,5.1679
52520,K,35656,6.5435
52520,L,14183,2.6028
52520,M,51735,9.4943
52520,N,37751,6.928
52520,O,6391,1.1729
52520,P,732,0.1343
52520,Q,3978,0.73
52520,R,30409,5.5806
52520,S,12534,2.3002
52520,T,3355,0.6157
52520,U,9645,1.77
52520,V,12,0.0022
52520,W,501,0.0919
52520,X,201,0.0369
52520,Y,612,0.1123
52520,Z,101249,18.581
52540,A,441,0.5492
52540,B,1301,1.6203
52540,C,1266,1.5767
52540,D,864,1.076
52540,E,3384,4.2145
52540,F,2263,2.8184
52540,G,1232,1.5343
52540,H,2609,3.2493
52540,I,6167,7.6804
52540,J,4124,5.1361
52540,K,7155,8.9109
52540,L,1427,1.7772
52540,M,3427,4.268
52540,N,3249,4.0463
52540,O,1710,2.1296
52540,P,406,0.5056
52540,Q,433,0.5393
52540,R,6829,8.5049
52540,S,2981,3.7126
52540,T,935,1.1645
52540,U,856,1.0661
52540,V,11,0.0137
52540,W,179,0.2229
52540,X,128,0.1594
52540,Y,101,0.1258
52540,Z,26817,33.3981
52560,A,2535,1.4633
52560,B,6349,3.665
52560,C,1907,1.1008
52560,D,1848,1.0668
52560,E,6464,3.7314
52560,F,5703,3.2921
52560,G,3651,2.1076
52560,H,6710,3.8734
52560,I,13598,7.8495
52560,J,11982,6.9167
52560,K,19884,11.4782
52560,L,3076,1.7756
52560,M,9747,5.6265
52560,N,9771,5.6404
52560,O,3301,1.9055
52560,P,425,0.2453
52560,Q,1741,1.005
52560,R,9973,5.757
52560,S,5954,3.437
52560,T,7028,4.057
52560,U,972,0.5611
52560,V,28,0.0162
52560,W,345,0.1992
52560,X,165,0.0952
52560,Y,278,0.1605
52560,Z,39798,22.9737
52565,A,701,1.5677
52565,B,1225,2.7395
52565,C,593,1.3261
52565,D,742,1.6594
52565,E,1508,3.3724
52565,F,2555,5.7138
52565,G,792,1.7712
52565,H,1949,4.3586
52565,I,4899,10.9558
52565,J,3316,7.4157
52565,K,4722,10.56
52565,L,996,2.2274
52565,M,2270,5.0765
52565,N,2657,5.9419
52565,O,1298,2.9028
52565,P,160,0.3578
52565,Q,514,1.1495
52565,R,3671,8.2096
52565,S,1901,4.2513
52565,T,596,1.3329
52565,U,154,0.3444
52565,W,137,0.3064
52565,X,16,0.0358
52565,Y,131,0.293
52565,Z,7213,16.1307
52573,A,2534,1.8182
52573,B,5882,4.2206
52573,C,1013,0.7269
52573,D,906,0.6501
52573,E,10992,7.8872
52573,F,5026,3.6064
52573,G,3224,2.3133
52573,H,5174,3.7126
52573,I,19663,14.109
52573,J,7431,5.332
52573,K,13282,9.5304
52573,L,2510,1.801
52573,M,10616,7.6174
52573,N,9761,7.0039
52573,O,1586,1.138
52573,P,363,0.2605
52573,Q,1082,0.7764
52573,R,10252,7.3562
52573,S,3541,2.5408
52573,T,1057,0.7584
52573,U,128,0.0918
52573,V,24,0.0172
52573,W,396,0.2841
52573,X,130,0.0933
52573,Y,289,0.2074
52573,Z,22503,16.1468
52585,A,4525,1.5817
52585,B,6481,2.2655
52585,C,2888,1.0095
52585,D,3484,1.2179
52585,E,13868,4.8477
52585,F,12203,4.2656
52585,G,10055,3.5148
52585,H,11694,4.0877
52585,I,37608,13.1462
52585,J,21772,7.6106
52585,K,22789,7.9661
52585,L,5201,1.818
52585,M,20209,7.0642
52585,N,19205,6.7133
52585,O,5124,1.7911
52585,P,1368,0.4782
52585,Q,2976,1.0403
52585,R,16554,5.7866
52585,S,8465,2.959
52585,T,2756,0.9634
52585,U,1135,0.3967
52585,V,54,0.0189
52585,W,695,0.2429
52585,X,211,0.0738
52585,Y,706,0.2468
52585,Z,54050,18.8936
52612,A,3460,1.908
52612,B,2728,1.5044
52612,C,1098,0.6055
52612,D,1016,0.5603
52612,E,4761,2.6255
52612,F,3823,2.1082
52612,G,2463,1.3582
52612,H,3781,2.0851
52612,I,12035,6.6368
52612,J,10944,6.0351
52612,K,13530,7.4612
52612,L,2587,1.4266
52612,M,7005,3.863
52612,N,6787,3.7427
52612,O,4930,2.7187
52612,P,661,0.3645
52612,Q,889,0.4902
52612,R,14856,8.1924
52612,S,4960,2.7352
52612,T,1794,0.9893
52612,U,753,0.4152
52612,V,56,0.0309
52612,W,343,0.1891
52612,X,290,0.1599
52612,Y,353,0.1947
52612,Z,75435,41.5991
52621,A,8921,13.055
52621,B,7675,11.2316
52621,C,704,1.0302
52621,D,819,1.1985
52621,E,783,1.1458
52621,F,842,1.2322
52621,G,500,0.7317
52621,H,895,1.3097
52621,I,1231,1.8014
52621,J,1957,2.8639
52621,K,2047,2.9956
52621,L,1109,1.6229
52621,M,1423,2.0824
52621,N,2285,3.3439
52621,O,1883,2.7556
52621,P,262,0.3834
52621,Q,146,0.2137
52621,R,15424,22.5715
52621,S,1923,2.8141
52621,T,573,0.8385
52621,U,107,0.1566
52621,V,53,0.0776
52621,W,111,0.1624
52621,X,77,0.1127
52621,Y,55,0.0805
52621,Z,16529,24.1885
52678,A,2435,0.8056
52678,B,2643,0.8744
52678,C,4059,1.3429
52678,D,3322,1.0991
52678,E,13655,4.5178
52678,F,13642,4.5135
52678,G,7988,2.6429
52678,H,9226,3.0525
52678,I,33139,10.9642
52678,J,13170,4.3573
52678,K,35930,11.8876
52678,L,4079,1.3496
52678,M,13127,4.3431
52678,N,20820,6.8884
52678,O,8932,2.9552
52678,P,1642,0.5433
52678,Q,2308,0.7636
52678,R,33820,11.1895
52678,S,15293,5.0598
52678,T,4890,1.6179
52678,U,2714,0.8979
52678,V,19,0.0063
52678,W,1332,0.4407
52678,X,254,0.084
52678,Y,312,0.1032
52678,Z,53497,17.6997
52683,A,4509,2.0485
52683,B,3675,1.6696
52683,C,2047,0.93
52683,D,2605,1.1835
52683,E,9656,4.3868
52683,F,4563,2.073
52683,G,5910,2.6849
52683,H,10685,4.8542
52683,I,33325,15.1397
52683,J,10037,4.5598
52683,K,16633,7.5564
52683,L,4616,2.0971
52683,M,14182,6.4429
52683,N,12219,5.5511
52683,O,2575,1.1698
52683,P,566,0.2571
52683,Q,2313,1.0508
52683,R,20428,9.2805
52683,S,11264,5.1173
52683,T,1838,0.835
52683,U,3767,1.7114
52683,V,9,0.0041
52683,W,880,0.3998
52683,X,189,0.0859
52683,Y,237,0.1077
52683,Z,41389,18.8032
52685,A,99,0.6365
52685,B,59,0.3793
52685,C,72,0.4629
52685,D,78,0.5015
52685,E,808,5.1948
52685,F,797,5.1241
52685,G,163,1.048
52685,H,371,2.3852
52685,I,5521,35.4957
52685,J,1492,9.5924
52685,K,495,3.1825
52685,L,306,1.9673
52685,M,729,4.6869
52685,N,256,1.6459
52685,O,245,1.5752
52685,P,61,0.3922
52685,Q,148,0.9515
52685,R,1361,8.7502
52685,S,601,3.864
52685,T,95,0.6108
52685,V,2,0.0129
52685,W,31,0.1993
52685,X,10,0.0643
52685,Y,14,0.09
52685,Z,1740,11.1868
52687,A,662,1.3831
52687,B,936,1.9556
52687,C,723,1.5106
52687,D,588,1.2285
52687,E,2070,4.3249
52687,F,1484,3.1006
52687,G,2238,4.6759
52687,H,1626,3.3973
52687,I,900,1.8804
52687,J,2785,5.8188
52687,K,2939,6.1406
52687,L,818,1.7091
52687,M,2375,4.9622
52687,N,2219,4.6362
52687,O,954,1.9932
52687,P,166,0.3468
52687,Q,253,0.5286
52687,R,4121,8.6102
52687,S,2199,4.5945
52687,T,459,0.959
52687,U,1935,4.0429
52687,V,7,0.0146
52687,W,181,0.3782
52687,X,39,0.0815
52687,Y,61,0.1274
52687,Z,15124,31.5992
52693,A,1137,0.8889
52693,B,1032,0.8068
52693,C,1164,0.9101
52693,D,963,0.7529
52693,E,5009,3.9162
52693,F,3878,3.0319
52693,G,2945,2.3025
52693,H,3802,2.9725
52693,I,32468,25.3845
52693,J,4530,3.5417
52693,K,12787,9.9973
52693,L,1747,1.3659
52693,M,5032,3.9342
52693,N,5378,4.2047
52693,O,1674,1.3088
52693,P,421,0.3292
52693,Q,932,0.7287
52693,R,7953,6.2179
52693,S,4492,3.512
52693,T,893,0.6982
52693,U,355,0.2775
52693,V,13,0.0102
52693,W,245,0.1915
52693,X,129,0.1009
52693,Y,93,0.0727
52693,Z,28833,22.5425
52694,A,224,0.4039
52694,B,1043,1.8807
52694,C,695,1.2532
52694,D,479,0.8637
52694,E,2071,3.7344
52694,F,1376,2.4812
52694,G,931,1.6788
52694,H,1207,2.1765
52694,I,9647,17.3955
52694,J,5618,10.1304
52694,K,2810,5.067
52694,L,951,1.7148
52694,M,3270,5.8965
52694,N,2326,4.1942
52694,O,614,1.1072
52694,P,62,0.1118
52694,Q,188,0.339
52694,R,4798,8.6517
52694,S,2019,3.6407
52694,T,617,1.1126
52694,U,3913,7.0559
52694,V,15,0.027
52694,W,165,0.2975
52694,X,71,0.128
52694,Y,67,0.1208
52694,Z,10280,18.5369
52696,A,808,1.0135
52696,B,1546,1.9392
52696,C,272,0.3412
52696,D,424,0.5318
52696,E,707,0.8868
52696,F,263,0.3299
52696,G,465,0.5833
52696,H,691,0.8667
52696,I,3580,4.4905
52696,J,3033,3.8044
52696,K,1764,2.2126
52696,L,1655,2.0759
52696,M,1675,2.101
52696,N,1477,1.8526
52696,O,1290,1.6181
52696,P,318,0.3989
52696,Q,97,0.1217
52696,R,12352,15.4935
52696,S,2308,2.895
52696,T,612,0.7676
52696,U,76,0.0953
52696,W,160,0.2007
52696,X,33,0.0414
52696,Y,104,0.1305
52696,Z,44014,55.208
52699,A,646,2.0894
52699,B,400,1.2937
52699,C,421,1.3617
52699,D,362,1.1708
52699,E,1084,3.506
52699,F,1480,4.7869
52699,G,997,3.2247
52699,H,1196,3.8683
52699,I,2681,8.6713
52699,J,1251,4.0462
52699,K,2719,8.7942
52699,L,1118,3.616
52699,M,2356,7.6202
52699,N,1983,6.4137
52699,O,799,2.5843
52699,P,97,0.3137
52699,Q,270,0.8733
52699,R,1911,6.1809
52699,S,1369,4.4278
52699,T,740,2.3934
52699,U,68,0.2199
52699,V,4,0.0129
52699,W,85,0.2749
52699,X,22,0.0712
52699,Y,122,0.3946
52699,Z,6737,21.7899
52720,A,1171,1.778
52720,B,856,1.2997
52720,C,836,1.2694
52720,D,1013,1.5381
52720,E,3053,4.6357
52720,F,2326,3.5318
52720,G,1470,2.232
52720,H,3289,4.994
52720,I,9160,13.9085
52720,J,3458,5.2506
52720,K,5153,7.8243
52720,L,1379,2.0939
52720,M,6096,9.2561
52720,N,4901,7.4417
52720,O,1104,1.6763
52720,P,186,0.2824
52720,Q,641,0.9733
52720,R,3010,4.5704
52720,S,2859,4.3411
52720,T,640,0.9718
52720,U,361,0.5481
52720,V,12,0.0182
52720,W,147,0.2232
52720,X,79,0.12
52720,Y,464,0.7045
52720,Z,12195,18.5168
52786,A,2032,1.1361
52786,B,1561,0.8728
52786,C,2091,1.1691
52786,D,2046,1.144
52786,E,8222,4.5971
52786,F,9970,5.5745
52786,G,6289,3.5163
52786,H,7340,4.104
52786,I,23388,13.0768
52786,J,10484,5.8619
52786,K,12825,7.1708
52786,L,3540,1.9793
52786,M,9186,5.1361
52786,N,9234,5.163
52786,O,3471,1.9407
52786,P,671,0.3752
52786,Q,1547,0.865
52786,R,19191,10.7302
52786,S,9971,5.575
52786,T,3060,1.7109
52786,U,2154,1.2044
52786,V,15,0.0084
52786,W,581,0.3249
52786,X,232,0.1297
52786,Y,436,0.2438
52786,Z,29314,16.3902
52788,A,2455,1.2393
52788,B,1446,0.73
52788,C,1767,0.892
52788,D,1966,0.9925
52788,E,7831,3.9532
52788,F,13399,6.764
52788,G,4478,2.2606
52788,H,6984,3.5256
52788,I,28440,14.357
52788,J,8928,4.507
52788,K,22041,11.1266
52788,L,3356,1.6942
52788,M,18376,9.2765
52788,N,8704,4.3939
52788,O,2207,1.1141
52788,P,883,0.4458
52788,Q,1561,0.788
52788,R,16157,8.1563
52788,S,6185,3.1223
52788,T,1808,0.9127
52788,U,5476,2.7644
52788,V,79,0.0399
52788,W,685,0.3458
52788,X,136,0.0687
52788,Y,463,0.2337
52788,Z,32281,16.296
52835,A,9310,1.1006
52835,B,31004,3.6652
52835,C,6419,0.7588
52835,D,9606,1.1356
52835,E,23337,2.7588
52835,F,16508,1.9515
52835,G,8351,0.9872
52835,H,17268,2.0414
52835,I,118817,14.0461
52835,J,53858,6.3669
52835,K,48214,5.6997
52835,L,19903,2.3529
52835,M,29400,3.4755
52835,N,37240,4.4024
52835,O,34026,4.0224
52835,P,2761,0.3264
52835,Q,3236,0.3825
52835,R,221149,26.1433
52835,S,19597,2.3167
52835,T,8411,0.9943
52835,U,4134,0.4887
52835,V,307,0.0363
52835,W,1256,0.1485
52835,X,726,0.0858
52835,Y,775,0.0916
52835,Z,120297,14.221
52838,A,3808,1.6661
52838,B,3168,1.3861
52838,C,2355,1.0304
52838,D,1980,0.8663
52838,E,8149,3.5654
52838,F,10784,4.7182
52838,G,6163,2.6964
52838,H,12746,5.5766
52838,I,32679,14.2977
52838,J,13321,5.8282
52838,K,26402,11.5514
52838,L,5140,2.2489
52838,M,16166,7.0729
52838,N,9174,4.0138
52838,O,4577,2.0025
52838,P,1200,0.525
52838,Q,1625,0.711
52838,R,10928,4.7812
52838,S,8528,3.7312
52838,T,2941,1.2867
52838,U,74,0.0324
52838,V,46,0.0201
52838,W,571,0.2498
52838,X,192,0.084
52838,Y,593,0.2594
52838,Z,45251,19.7982
52885,A,527,1.162
52885,B,402,0.8864
52885,C,551,1.2149
52885,D,1828,4.0305
52885,E,1764,3.8894
52885,F,1636,3.6072
52885,G,574,1.2656
52885,H,1810,3.9908
52885,I,6418,14.1509
52885,J,2833,6.2464
52885,K,4054,8.9386
52885,L,969,2.1365
52885,M,3115,6.8682
52885,N,2048,4.5156
52885,O,766,1.6889
52885,P,161,0.355
52885,Q,483,1.065
52885,R,5320,11.7299
52885,S,1851,4.0812
52885,T,817,1.8014
52885,U,1060,2.3372
52885,V,26,0.0573
52885,W,194,0.4277
52885,X,61,0.1345
52885,Y,274,0.6041
52885,Z,5812,12.8147
52999,J,1,12.5
52999,L,2,25.0
52999,N,2,25.0
52999,U,1,12.5
52999,Z,2,25.0
54001,A,326995,2.1422
54001,B,539579,3.5349
54001,C,159913,1.0476
54001,D,154493,1.0121
54001,E,833601,5.4612
54001,F,384760,2.5207
54001,G,321358,2.1053
54001,H,556300,3.6445
54001,I,1445131,9.4675
54001,J,745914,4.8867
54001,K,1624047,10.6396
54001,L,290091,1.9005
54001,M,1040041,6.8136
54001,N,860329,5.6363
54001,O,223102,1.4616
54001,P,31511,0.2064
54001,Q,52563,0.3444
54001,R,1355291,8.8789
54001,S,422022,2.7648
54001,T,249924,1.6373
54001,U,394687,2.5857
54001,V,2865,0.0188
54001,W,14423,0.0945
54001,X,3733,0.0245
54001,Y,62375,0.4086
54001,Z,3169112,20.7618
54003,A,5968,1.613
54003,B,10428,2.8185
54003,C,3480,0.9406
54003,D,5168,1.3968
54003,E,18980,5.13
54003,F,10083,2.7253
54003,G,12447,3.3642
54003,H,13280,3.5894
54003,I,32391,8.7547
54003,J,17408,4.7051
54003,K,36494,9.8637
54003,L,8064,2.1796
54003,M,21055,5.6908
54003,N,31372,8.4793
54003,O,6706,1.8125
54003,P,685,0.1851
54003,Q,1973,0.5333
54003,R,41660,11.26
54003,S,9906,2.6774
54003,T,4062,1.0979
54003,U,2355,0.6365
54003,V,33,0.0089
54003,W,396,0.107
54003,X,251,0.0678
54003,Y,801,0.2165
54003,Z,74537,20.1461
54051,A,975,1.7628
54051,B,1696,3.0664
54051,C,408,0.7377
54051,D,685,1.2385
54051,E,2180,3.9414
54051,F,970,1.7538
54051,G,1077,1.9472
54051,H,1632,2.9506
54051,I,9931,17.9552
54051,J,3231,5.8416
54051,K,2918,5.2757
54051,L,1486,2.6867
54051,M,2583,4.67
54051,N,3158,5.7096
54051,O,937,1.6941
54051,P,33,0.0597
54051,Q,187,0.3381
54051,R,6196,11.2023
54051,S,1562,2.8241
54051,T,1347,2.4354
54051,U,58,0.1049
54051,V,6,0.0108
54051,W,84,0.1519
54051,X,133,0.2405
54051,Y,1005,1.817
54051,Z,10832,19.5842
54099,A,759,2.181
54099,B,708,2.0344
54099,C,361,1.0373
54099,D,352,1.0115
54099,E,1291,3.7097
54099,F,778,2.2356
54099,G,674,1.9367
54099,H,1436,4.1263
54099,I,4196,12.0571
54099,J,1202,3.4539
54099,K,8827,25.3642
54099,L,469,1.3477
54099,M,1339,3.8476
54099,N,1800,5.1723
54099,O,468,1.3448
54099,P,43,0.1236
54099,Q,245,0.704
54099,R,3181,9.1405
54099,S,1056,3.0344
54099,T,388,1.1149
54099,U,5,0.0144
54099,V,9,0.0259
54099,W,115,0.3305
54099,X,53,0.1523
54099,Y,173,0.4971
54099,Z,4873,14.0025
54109,A,169,0.5559
54109,B,396,1.3027
54109,C,215,0.7073
54109,D,214,0.704
54109,E,1444,4.7502
54109,F,1079,3.5495
54109,G,432,1.4211
54109,H,719,2.3652
54109,I,1424,4.6844
54109,J,2752,9.0529
54109,K,4224,13.8952
54109,L,476,1.5658
54109,M,1601,5.2666
54109,N,1932,6.3555
54109,O,514,1.6908
54109,P,16,0.0526
54109,Q,88,0.2895
54109,R,3593,11.8195
54109,S,1064,3.5001
54109,T,408,1.3421
54109,U,748,2.4606
54109,V,6,0.0197
54109,W,64,0.2105
54109,X,61,0.2007
54109,Y,481,1.5823
54109,Z,6279,20.6553
54125,A,184,0.4879
54125,B,383,1.0156
54125,C,402,1.066
54125,D,234,0.6205
54125,E,1804,4.7839
54125,F,455,1.2066
54125,G,656,1.7396
54125,H,1177,3.1212
54125,I,5210,13.816
54125,J,2331,6.1814
54125,K,6738,17.8679
54125,L,472,1.2517
54125,M,1642,4.3543
54125,N,1802,4.7786
54125,O,501,1.3286
54125,P,56,0.1485
54125,Q,144,0.3819
54125,R,3783,10.0318
54125,S,788,2.0896
54125,T,500,1.3259
54125,U,241,0.6391
54125,V,26,0.0689
54125,W,74,0.1962
54125,X,9,0.0239
54125,Y,104,0.2758
54125,Z,7994,21.1986
54128,A,953,1.025
54128,B,1773,1.907
54128,C,1451,1.5606
54128,D,776,0.8346
54128,E,6414,6.8986
54128,F,1307,1.4058
54128,G,2505,2.6943
54128,H,2648,2.8481
54128,I,11975,12.8798
54128,J,5920,6.3673
54128,K,10899,11.7225
54128,L,1461,1.5714
54128,M,4504,4.8443
54128,N,6657,7.16
54128,O,2102,2.2608
54128,P,296,0.3184
54128,Q,260,0.2796
54128,R,6740,7.2493
54128,S,2788,2.9987
54128,T,748,0.8045
54128,U,419,0.4507
54128,V,32,0.0344
54128,W,92,0.099
54128,X,28,0.0301
54128,Y,64,0.0688
54128,Z,20163,21.6865
54172,A,3134,1.0024
54172,B,5131,1.6411
54172,C,2526,0.8079
54172,D,3014,0.964
54172,E,14816,4.7389
54172,F,5689,1.8196
54172,G,6283,2.0096
54172,H,7219,2.309
54172,I,29610,9.4707
54172,J,9698,3.1019
54172,K,47219,15.1029
54172,L,4440,1.4201
54172,M,13873,4.4372
54172,N,11846,3.7889
54172,O,4404,1.4086
54172,P,339,0.1084
54172,Q,1293,0.4136
54172,R,27219,8.7059
54172,S,8803,2.8156
54172,T,3062,0.9794
54172,U,2243,0.7174
54172,V,138,0.0441
54172,W,533,0.1705
54172,X,365,0.1167
54172,Y,1352,0.4324
54172,Z,98400,31.473
54174,A,622,0.885
54174,B,688,0.9789
54174,C,992,1.4114
54174,D,583,0.8295
54174,E,3035,4.3182
54174,F,1120,1.5935
54174,G,1064,1.5139
54174,H,2272,3.2326
54174,I,6504,9.2539
54174,J,3723,5.2971
54174,K,10372,14.7573
54174,L,1114,1.585
54174,M,3379,4.8076
54174,N,2895,4.119
54174,O,1837,2.6137
54174,P,165,0.2348
54174,Q,398,0.5663
54174,R,8742,12.4381
54174,S,2657,3.7804
54174,T,434,0.6175
54174,U,96,0.1366
54174,V,13,0.0185
54174,W,140,0.1992
54174,X,25,0.0356
54174,Y,222,0.3159
54174,Z,17192,24.4608
54206,A,1181,1.714
54206,B,1398,2.0289
54206,C,659,0.9564
54206,D,624,0.9056
54206,E,2572,3.7327
54206,F,1816,2.6356
54206,G,1790,2.5978
54206,H,2779,4.0331
54206,I,10186,14.7829
54206,J,3069,4.454
54206,K,5683,8.2477
54206,L,1757,2.5499
54206,M,3041,4.4134
54206,N,3877,5.6267
54206,O,1192,1.7299
54206,P,145,0.2104
54206,Q,365,0.5297
54206,R,6874,9.9762
54206,S,2048,2.9723
54206,T,907,1.3163
54206,U,685,0.9941
54206,V,2,0.0029
54206,W,111,0.1611
54206,X,73,0.1059
54206,Y,291,0.4223
54206,Z,15779,22.9
54223,A,187,0.7852
54223,B,735,3.0863
54223,C,194,0.8146
54223,D,233,0.9784
54223,E,1362,5.7191
54223,F,729,3.0611
54223,G,361,1.5159
54223,H,676,2.8385
54223,I,3016,12.6643
54223,J,1043,4.3796
54223,K,1872,7.8606
54223,L,252,1.0582
54223,M,1284,5.3916
54223,N,1257,5.2782
54223,O,388,1.6292
54223,P,153,0.6425
54223,Q,54,0.2267
54223,R,2331,9.7879
54223,S,870,3.6532
54223,T,162,0.6802
54223,U,143,0.6005
54223,V,2,0.0084
54223,W,45,0.189
54223,X,22,0.0924
54223,Y,266,1.1169
54223,Z,6178,25.9416
54239,A,397,1.1948
54239,B,353,1.0624
54239,C,462,1.3905
54239,D,251,0.7554
54239,E,1417,4.2647
54239,F,575,1.7306
54239,G,516,1.553
54239,H,1238,3.726
54239,I,2836,8.5355
54239,J,1825,5.4927
54239,K,3536,10.6423
54239,L,673,2.0255
54239,M,1786,5.3753
54239,N,1877,5.6492
54239,O,414,1.246
54239,P,11,0.0331
54239,Q,51,0.1535
54239,R,4156,12.5083
54239,S,1334,4.0149
54239,T,581,1.7486
54239,U,83,0.2498
54239,V,7,0.0211
54239,W,200,0.6019
54239,X,164,0.4936
54239,Y,127,0.3822
54239,Z,8356,25.149
54245,A,1333,1.77
54245,B,1914,2.5415
54245,C,842,1.118
54245,D,567,0.7529
54245,E,2204,2.9266
54245,F,2285,3.0341
54245,G,1638,2.175
54245,H,2755,3.6582
54245,I,12040,15.9873
54245,J,5472,7.266
54245,K,6101,8.1012
54245,L,1310,1.7395
54245,M,3016,4.0048
54245,N,4733,6.2847
54245,O,1524,2.0236
54245,P,142,0.1886
54245,Q,229,0.3041
54245,R,8518,11.3106
54245,S,2305,3.0607
54245,T,1068,1.4181
54245,U,317,0.4209
54245,V,8,0.0106
54245,W,209,0.2775
54245,X,123,0.1633
54245,Y,264,0.3506
54245,Z,14393,19.1117
54250,A,701,1.5338
54250,B,667,1.4595
54250,C,437,0.9562
54250,D,303,0.663
54250,E,985,2.1553
54250,F,685,1.4988
54250,G,670,1.466
54250,H,791,1.7308
54250,I,1931,4.2252
54250,J,2454,5.3696
54250,K,3216,7.0369
54250,L,618,1.3522
54250,M,1963,4.2952
54250,N,1591,3.4812
54250,O,2387,5.223
54250,P,170,0.372
54250,Q,232,0.5076
54250,R,7408,16.2094
54250,S,1431,3.1312
54250,T,613,1.3413
54250,U,85,0.186
54250,V,16,0.035
54250,W,67,0.1466
54250,X,161,0.3523
54250,Y,279,0.6105
54250,Z,15841,34.6615
54261,A,4371,2.1608
54261,B,9455,4.674
54261,C,2452,1.2121
54261,D,2731,1.35
54261,E,11492,5.681
54261,F,4162,2.0575
54261,G,5150,2.5459
54261,H,9842,4.8653
54261,I,17812,8.8052
54261,J,10093,4.9894
54261,K,9216,4.5559
54261,L,4571,2.2596
54261,M,14894,7.3627
54261,N,12235,6.0483
54261,O,3499,1.7297
54261,P,562,0.2778
54261,Q,845,0.4177
54261,R,22733,11.2379
54261,S,7978,3.9439
54261,T,3010,1.488
54261,U,22,0.0109
54261,V,56,0.0277
54261,W,428,0.2116
54261,X,117,0.0578
54261,Y,2768,1.3683
54261,Z,41795,20.661
54313,A,412,0.9069
54313,B,846,1.8622
54313,C,748,1.6465
54313,D,364,0.8013
54313,E,2065,4.5456
54313,F,867,1.9085
54313,G,940,2.0692
54313,H,1490,3.2798
54313,I,5329,11.7304
54313,J,2150,4.7327
54313,K,4085,8.9921
54313,L,1072,2.3597
54313,M,1854,4.0811
54313,N,2569,5.655
54313,O,873,1.9217
54313,P,66,0.1453
54313,Q,111,0.2443
54313,R,4066,8.9502
54313,S,1326,2.9188
54313,T,1295,2.8506
54313,U,26,0.0572
54313,V,17,0.0374
54313,W,159,0.35
54313,X,141,0.3104
54313,Y,517,1.138
54313,Z,12041,26.5051
54344,A,895,2.4851
54344,B,580,1.6105
54344,C,478,1.3273
54344,D,514,1.4272
54344,E,742,2.0603
54344,F,548,1.5216
54344,G,700,1.9437
54344,H,1204,3.3431
54344,I,2499,6.939
54344,J,1154,3.2043
54344,K,5645,15.6745
54344,L,665,1.8465
54344,M,1474,4.0929
54344,N,1548,4.2983
54344,O,1569,4.3566
54344,P,96,0.2666
54344,Q,157,0.4359
54344,R,3565,9.8989
54344,S,1278,3.5486
54344,T,562,1.5605
54344,U,178,0.4943
54344,V,7,0.0194
54344,W,60,0.1666
54344,X,74,0.2055
54344,Y,805,2.2352
54344,Z,9017,25.0375
54347,A,111,0.4372
54347,B,419,1.6505
54347,C,454,1.7884
54347,D,337,1.3275
54347,E,1518,5.9797
54347,F,377,1.4851
54347,G,574,2.2611
54347,H,840,3.3089
54347,I,8661,34.1172
54347,J,686,2.7023
54347,K,875,3.4468
54347,L,423,1.6663
54347,M,627,2.4699
54347,N,797,3.1395
54347,O,308,1.2133
54347,P,7,0.0276
54347,Q,121,0.4766
54347,R,1365,5.377
54347,S,642,2.529
54347,T,670,2.6392
54347,U,739,2.9111
54347,W,55,0.2167
54347,X,11,0.0433
54347,Y,301,1.1857
54347,Z,4468,17.6003
54377,A,289,0.5207
54377,B,583,1.0504
54377,C,427,0.7693
54377,D,378,0.681
54377,E,1600,2.8827
54377,F,1113,2.0053
54377,G,859,1.5477
54377,H,1047,1.8864
54377,I,7163,12.9056
54377,J,1991,3.5872
54377,K,11524,20.7628
54377,L,613,1.1044
54377,M,1357,2.4449
54377,N,1626,2.9296
54377,O,1072,1.9314
54377,P,54,0.0973
54377,Q,140,0.2522
54377,R,5332,9.6067
54377,S,1477,2.6611
54377,T,268,0.4829
54377,U,228,0.4108
54377,V,12,0.0216
54377,W,120,0.2162
54377,X,19,0.0342
54377,Y,93,0.1676
54377,Z,16118,29.0399
54385,A,856,1.3381
54385,B,1431,2.237
54385,C,624,0.9755
54385,D,586,0.9161
54385,E,2255,3.5251
54385,F,1298,2.0291
54385,G,947,1.4804
54385,H,1625,2.5403
54385,I,4787,7.4833
54385,J,3465,5.4167
54385,K,8541,13.3518
54385,L,1131,1.768
54385,M,2110,3.2985
54385,N,4230,6.6126
54385,O,1996,3.1203
54385,P,352,0.5503
54385,Q,177,0.2767
54385,R,6260,9.786
54385,S,2342,3.6611
54385,T,553,0.8645
54385,U,2242,3.5048
54385,V,61,0.0954
54385,W,118,0.1845
54385,X,66,0.1032
54385,Y,38,0.0594
54385,Z,15878,24.8214
54398,A,1035,1.3856
54398,B,1471,1.9693
54398,C,586,0.7845
54398,D,697,0.9331
54398,E,3116,4.1716
54398,F,2472,3.3095
54398,G,1542,2.0644
54398,H,2815,3.7687
54398,I,9713,13.0035
54398,J,4097,5.485
54398,K,5961,7.9805
54398,L,1291,1.7284
54398,M,3471,4.6469
54398,N,4398,5.8879
54398,O,2234,2.9908
54398,P,243,0.3253
54398,Q,200,0.2678
54398,R,8715,11.6674
54398,S,2334,3.1247
54398,T,865,1.158
54398,U,345,0.4619
54398,V,11,0.0147
54398,W,169,0.2263
54398,X,141,0.1888
54398,Y,192,0.257
54398,Z,16581,22.1983
54405,A,22134,1.7951
54405,B,49741,4.0341
54405,C,10782,0.8745
54405,D,9821,0.7965
54405,E,72538,5.883
54405,F,22693,1.8405
54405,G,19879,1.6122
54405,H,47754,3.873
54405,I,75979,6.1621
54405,J,61613,4.997
54405,K,107391,8.7097
54405,L,24842,2.0148
54405,M,75283,6.1057
54405,N,78084,6.3328
54405,O,13968,1.1328
54405,P,2816,0.2284
54405,Q,3848,0.3121
54405,R,111257,9.0233
54405,S,39533,3.2062
54405,T,13552,1.0991
54405,U,9794,0.7943
54405,V,346,0.0281
54405,W,1231,0.0998
54405,X,467,0.0379
54405,Y,9894,0.8024
54405,Z,347763,28.2046
54418,A,410,1.1521
54418,B,699,1.9643
54418,C,197,0.5536
54418,D,193,0.5423
54418,E,1728,4.8558
54418,F,741,2.0823
54418,G,654,1.8378
54418,H,957,2.6893
54418,I,3955,11.1139
54418,J,1707,4.7968
54418,K,4015,11.2825
54418,L,926,2.6021
54418,M,1409,3.9594
54418,N,2101,5.904
54418,O,439,1.2336
54418,P,39,0.1096
54418,Q,137,0.385
54418,R,3004,8.4415
54418,S,958,2.6921
54418,T,743,2.0879
54418,U,78,0.2192
54418,V,26,0.0731
54418,W,98,0.2754
54418,X,78,0.2192
54418,Y,91,0.2557
54418,Z,10203,28.6714
54480,A,238,0.7146
54480,B,448,1.3451
54480,C,482,1.4472
54480,D,238,0.7146
54480,E,1385,4.1584
54480,F,568,1.7054
54480,G,673,2.0207
54480,H,654,1.9636
54480,I,3843,11.5385
54480,J,2426,7.284
54480,K,4279,12.8475
54480,L,410,1.231
54480,M,1394,4.1854
54480,N,1201,3.606
54480,O,657,1.9726
54480,P,63,0.1892
54480,Q,243,0.7296
54480,R,4027,12.0909
54480,S,873,2.6211
54480,T,266,0.7987
54480,U,321,0.9638
54480,V,3,0.009
54480,W,52,0.1561
54480,X,12,0.036
54480,Y,113,0.3393
54480,Z,8437,25.3318
54498,A,17824,1.4828
54498,B,29502,2.4544
54498,C,12019,0.9999
54498,D,13494,1.1226
54498,E,77395,6.4388
54498,F,53176,4.4239
54498,G,38176,3.176
54498,H,54722,4.5525
54498,I,66592,5.54
54498,J,56553,4.7049
54498,K,136515,11.3572
54498,L,22812,1.8978
54498,M,68086,5.6643
54498,N,54527,4.5363
54498,O,14669,1.2204
54498,P,2227,0.1853
54498,Q,6225,0.5179
54498,R,127783,10.6308
54498,S,34362,2.8587
54498,T,9633,0.8014
54498,U,7870,0.6547
54498,V,116,0.0097
54498,W,1179,0.0981
54498,X,402,0.0334
54498,Y,48142,4.0051
54498,Z,248011,20.633
54518,A,4274,0.5602
54518,B,8482,1.1118
54518,C,5814,0.7621
54518,D,6558,0.8596
54518,E,40221,5.2721
54518,F,16522,2.1657
54518,G,16066,2.1059
54518,H,23126,3.0313
54518,I,83834,10.9888
54518,J,41471,5.436
54518,K,89214,11.694
54518,L,13991,1.8339
54518,M,40457,5.303
54518,N,35264,4.6223
54518,O,9111,1.1943
54518,P,1686,0.221
54518,Q,3197,0.4191
54518,R,74825,9.8079
54518,S,16168,2.1193
54518,T,6244,0.8185
54518,U,13895,1.8213
54518,V,141,0.0185
54518,W,837,0.1097
54518,X,197,0.0258
54518,Y,1815,0.2379
54518,Z,209492,27.4599
54520,A,188,0.7019
54520,B,445,1.6614
54520,C,264,0.9857
54520,D,278,1.0379
54520,E,1026,3.8306
54520,F,630,2.3522
54520,G,643,2.4007
54520,H,935,3.4909
54520,I,2765,10.3233
54520,J,1476,5.5108
54520,K,5098,19.0338
54520,L,395,1.4748
54520,M,990,3.6962
54520,N,1095,4.0883
54520,O,366,1.3665
54520,P,21,0.0784
54520,Q,134,0.5003
54520,R,3293,12.2947
54520,S,666,2.4866
54520,T,133,0.4966
54520,U,253,0.9446
54520,V,4,0.0149
54520,W,40,0.1493
54520,X,6,0.0224
54520,Y,58,0.2165
54520,Z,5582,20.8408
54553,A,302,0.5885
54553,B,908,1.7695
54553,C,482,0.9393
54553,D,533,1.0387
54553,E,2371,4.6205
54553,F,874,1.7032
54553,G,636,1.2394
54553,H,1185,2.3093
54553,I,3636,7.0856
54553,J,3152,6.1425
54553,K,7536,14.6858
54553,L,995,1.939
54553,M,1574,3.0673
54553,N,1765,3.4395
54553,O,1891,3.6851
54553,P,108,0.2105
54553,Q,201,0.3917
54553,R,7945,15.4828
54553,S,2051,3.9969
54553,T,763,1.4869
54553,U,254,0.495
54553,V,6,0.0117
54553,W,124,0.2416
54553,X,83,0.1617
54553,Y,143,0.2787
54553,Z,11797,22.9894
54599,A,215,0.5023
54599,B,418,0.9766
54599,C,428,1.0
54599,D,253,0.5911
54599,E,1559,3.6424
54599,F,734,1.7149
54599,G,624,1.4579
54599,H,1644,3.841
54599,I,6119,14.2964
54599,J,972,2.271
54599,K,12445,29.0764
54599,L,553,1.292
54599,M,1174,2.7429
54599,N,1135,2.6518
54599,O,520,1.2149
54599,P,36,0.0841
54599,Q,100,0.2336
54599,R,2206,5.1541
54599,S,879,2.0537
54599,T,422,0.986
54599,U,429,1.0023
54599,V,5,0.0117
54599,W,83,0.1939
54599,X,10,0.0234
54599,Y,63,0.1472
54599,Z,9775,22.8383
54660,A,583,2.043
54660,B,575,2.0149
54660,C,465,1.6295
54660,D,253,0.8866
54660,E,1153,4.0404
54660,F,514,1.8012
54660,G,541,1.8958
54660,H,1252,4.3873
54660,I,2447,8.5748
54660,J,1165,4.0824
54660,K,3740,13.1058
54660,L,806,2.8244
54660,M,1469,5.1477
54660,N,1766,6.1885
54660,O,560,1.9624
54660,P,23,0.0806
54660,Q,81,0.2838
54660,R,2730,9.5665
54660,S,812,2.8454
54660,T,269,0.9426
54660,U,171,0.5992
54660,V,15,0.0526
54660,W,66,0.2313
54660,X,28,0.0981
54660,Y,78,0.2733
54660,Z,6975,24.442
54670,A,407,1.9259
54670,B,267,1.2634
54670,C,214,1.0126
54670,D,221,1.0458
54670,E,567,2.683
54670,F,251,1.1877
54670,G,436,2.0631
54670,H,878,4.1546
54670,I,676,3.1988
54670,J,693,3.2792
54670,K,2410,11.404
54670,L,512,2.4228
54670,M,1036,4.9023
54670,N,1041,4.9259
54670,O,405,1.9164
54670,P,119,0.5631
54670,Q,112,0.53
54670,R,2841,13.4434
54670,S,737,3.4874
54670,T,170,0.8044
54670,U,2,0.0095
54670,V,1,0.0047
54670,W,24,0.1136
54670,X,29,0.1372
54670,Y,241,1.1404
54670,Z,6843,32.3806
54673,A,251,0.7899
54673,B,965,3.037
54673,C,248,0.7805
54673,D,277,0.8718
54673,E,2188,6.8859
54673,F,596,1.8757
54673,G,684,2.1526
54673,H,1316,4.1416
54673,I,2231,7.0212
54673,J,1620,5.0983
54673,K,3216,10.1212
54673,L,795,2.502
54673,M,2078,6.5397
54673,N,2181,6.8639
54673,O,690,2.1715
54673,P,131,0.4123
54673,Q,121,0.3808
54673,R,3212,10.1086
54673,S,1012,3.1849
54673,T,354,1.1141
54673,U,280,0.8812
54673,V,14,0.0441
54673,W,52,0.1637
54673,X,19,0.0598
54673,Y,154,0.4847
54673,Z,7090,22.3131
54680,A,802,2.7143
54680,B,835,2.826
54680,C,242,0.819
54680,D,303,1.0255
54680,E,1152,3.8989
54680,F,362,1.2252
54680,G,619,2.095
54680,H,835,2.826
54680,I,1850,6.2612
54680,J,1395,4.7213
54680,K,6078,20.5706
54680,L,463,1.567
54680,M,1064,3.601
54680,N,1215,4.1121
54680,O,344,1.1642
54680,P,46,0.1557
54680,Q,59,0.1997
54680,R,2708,9.1651
54680,S,671,2.271
54680,T,451,1.5264
54680,U,511,1.7294
54680,V,16,0.0542
54680,W,107,0.3621
54680,X,68,0.2301
54680,Y,193,0.6532
54680,Z,7158,24.2258
54720,A,2864,1.454
54720,B,4000,2.0307
54720,C,1660,0.8427
54720,D,1284,0.6518
54720,E,6648,3.375
54720,F,2088,1.06
54720,G,2389,1.2128
54720,H,5374,2.7282
54720,I,14463,7.3424
54720,J,12555,6.3738
54720,K,17736,9.004
54720,L,3564,1.8093
54720,M,14555,7.3891
54720,N,9464,4.8046
54720,O,4456,2.2622
54720,P,175,0.0888
54720,Q,479,0.2432
54720,R,20869,10.5945
54720,S,6076,3.0846
54720,T,2369,1.2027
54720,U,428,0.2173
54720,V,72,0.0366
54720,W,365,0.1853
54720,X,461,0.234
54720,Y,823,0.4178
54720,Z,61762,31.3546
54743,A,97,0.5311
54743,B,75,0.4107
54743,C,282,1.5441
54743,D,206,1.128
54743,E,869,4.7583
54743,F,310,1.6974
54743,G,448,2.453
54743,H,582,3.1868
54743,I,2653,14.5266
54743,J,633,3.466
54743,K,1250,6.8444
54743,L,265,1.451
54743,M,767,4.1997
54743,N,746,4.0848
54743,O,456,2.4969
54743,P,29,0.1588
54743,Q,131,0.7173
54743,R,1921,10.5185
54743,S,326,1.785
54743,T,95,0.5202
54743,U,52,0.2847
54743,V,2,0.011
54743,W,11,0.0602
54743,X,4,0.0219
54743,Y,19,0.104
54743,Z,6034,33.0395
54800,A,1305,2.9919
54800,B,555,1.2724
54800,C,1013,2.3224
54800,D,628,1.4398
54800,E,1274,2.9208
54800,F,1090,2.499
54800,G,1212,2.7787
54800,H,1608,3.6866
54800,I,3586,8.2214
54800,J,1781,4.0832
54800,K,2477,5.6788
54800,L,635,1.4558
54800,M,1562,3.5811
54800,N,1808,4.1451
54800,O,1260,2.8887
54800,P,101,0.2316
54800,Q,165,0.3783
54800,R,8635,19.7969
54800,S,1705,3.9089
54800,T,757,1.7355
54800,U,56,0.1284
54800,V,6,0.0138
54800,W,152,0.3485
54800,X,76,0.1742
54800,Y,540,1.238
54800,Z,9631,22.0803
54810,A,6716,1.456
54810,B,19418,4.2097
54810,C,2785,0.6038
54810,D,3563,0.7724
54810,E,13562,2.9401
54810,F,4392,0.9522
54810,G,4511,0.978
54810,H,8780,1.9034
54810,I,33675,7.3005
54810,J,21746,4.7144
54810,K,42055,9.1172
54810,L,8814,1.9108
54810,M,18242,3.9547
54810,N,20641,4.4748
54810,O,12233,2.652
54810,P,1251,0.2712
54810,Q,1569,0.3401
54810,R,69623,15.0937
54810,S,13223,2.8666
54810,T,6533,1.4163
54810,U,7364,1.5965
54810,V,140,0.0304
54810,W,575,0.1247
54810,X,717,0.1554
54810,Y,8574,1.8588
54810,Z,130569,28.3064
54820,A,1214,0.764
54820,B,3584,2.2554
54820,C,1232,0.7753
54820,D,1090,0.6859
54820,E,5924,3.7279
54820,F,1766,1.1113
54820,G,2650,1.6676
54820,H,3974,2.5008
54820,I,16528,10.4009
54820,J,7849,4.9393
54820,K,28987,18.2411
54820,L,2856,1.7972
54820,M,5140,3.2345
54820,N,6427,4.0444
54820,O,2915,1.8344
54820,P,220,0.1384
54820,Q,298,0.1875
54820,R,13647,8.5879
54820,S,4188,2.6355
54820,T,1588,0.9993
54820,U,776,0.4883
54820,V,60,0.0378
54820,W,270,0.1699
54820,X,98,0.0617
54820,Y,305,0.1919
54820,Z,45324,28.5218
54871,A,273,0.6158
54871,B,1679,3.7872
54871,C,557,1.2564
54871,D,328,0.7399
54871,E,1745,3.9361
54871,F,526,1.1865
54871,G,1091,2.4609
54871,H,1112,2.5083
54871,I,7103,16.0219
54871,J,1378,3.1083
54871,K,7935,17.8986
54871,L,579,1.306
54871,M,1693,3.8188
54871,N,2766,6.2391
54871,O,547,1.2338
54871,P,58,0.1308
54871,Q,86,0.194
54871,R,2867,6.467
54871,S,967,2.1812
54871,T,752,1.6963
54871,U,572,1.2902
54871,V,7,0.0158
54871,W,48,0.1083
54871,X,43,0.097
54871,Y,492,1.1098
54871,Z,9129,20.5919
54874,A,13603,1.2439
54874,B,40264,3.682
54874,C,11399,1.0424
54874,D,13407,1.226
54874,E,63213,5.7806
54874,F,22581,2.0649
54874,G,21182,1.937
54874,H,52284,4.7812
54874,I,130896,11.9699
54874,J,61366,5.6117
54874,K,104720,9.5762
54874,L,21895,2.0022
54874,M,61299,5.6056
54874,N,69308,6.3379
54874,O,17733,1.6216
54874,P,3545,0.3242
54874,Q,3476,0.3179
54874,R,122612,11.2124
54874,S,31415,2.8728
54874,T,12928,1.1822
54874,U,18629,1.7035
54874,V,299,0.0273
54874,W,1577,0.1442
54874,X,248,0.0227
54874,Y,2459,0.2249
54874,Z,191202,17.4847
63001,A,87744,1.597
63001,B,133710,2.4337
63001,C,78834,1.4349
63001,D,61305,1.1158
63001,E,417832,7.6051
63001,F,304993,5.5513
63001,G,161458,2.9387
63001,H,304996,5.5513
63001,I,539286,9.8157
63001,J,220080,4.0057
63001,K,464289,8.4506
63001,L,124609,2.268
63001,M,398576,7.2546
63001,N,224620,4.0884
63001,O,44955,0.8182
63001,P,7048,0.1283
63001,Q,20361,0.3706
63001,R,391506,7.1259
63001,S,164618,2.9963
63001,T,39888,0.726
63001,U,79111,1.4399
63001,V,745,0.0136
63001,W,4553,0.0829
63001,X,1010,0.0184
63001,Y,4521,0.0823
63001,Z,1213483,22.0869
63111,A,349,1.0849
63111,B,955,2.9686
63111,C,408,1.2683
63111,D,456,1.4175
63111,E,2031,6.3133
63111,F,1567,4.871
63111,G,615,1.9117
63111,H,1612,5.0109
63111,I,3741,11.6288
63111,J,1198,3.724
63111,K,3825,11.89
63111,L,604,1.8775
63111,M,1748,5.4336
63111,N,1473,4.5788
63111,O,391,1.2154
63111,P,35,0.1088
63111,Q,131,0.4072
63111,R,2497,7.7619
63111,S,2438,7.5785
63111,T,879,2.7324
63111,U,125,0.3886
63111,V,108,0.3357
63111,W,78,0.2425
63111,X,21,0.0653
63111,Y,17,0.0528
63111,Z,4868,15.1321
63130,A,16242,1.5225
63130,B,31600,2.9621
63130,C,13692,1.2834
63130,D,9482,0.8888
63130,E,46126,4.3237
63130,F,50417,4.7259
63130,G,28846,2.7039
63130,H,54910,5.1471
63130,I,145728,13.6601
63130,J,55890,5.239
63130,K,86443,8.1029
63130,L,24435,2.2905
63130,M,61491,5.764
63130,N,47566,4.4587
63130,O,14366,1.3466
63130,P,1152,0.108
63130,Q,3841,0.36
63130,R,64797,6.0739
63130,S,41322,3.8734
63130,T,13693,1.2835
63130,U,9707,0.9099
63130,V,244,0.0229
63130,W,1977,0.1853
63130,X,393,0.0368
63130,Y,975,0.0914
63130,Z,241481,22.6357
63190,A,2779,1.3814
63190,B,4097,2.0365
63190,C,1642,0.8162
63190,D,3347,1.6637
63190,E,14139,7.0281
63190,F,9091,4.5189
63190,G,6645,3.303
63190,H,8760,4.3544
63190,I,34417,17.1077
63190,J,12011,5.9703
63190,K,15473,7.6912
63190,L,4537,2.2552
63190,M,12601,6.2636
63190,N,14488,7.2016
63190,O,1871,0.93
63190,P,135,0.0671
63190,Q,674,0.335
63190,R,13892,6.9053
63190,S,6933,3.4462
63190,T,2150,1.0687
63190,U,937,0.4658
63190,V,17,0.0085
63190,W,423,0.2103
63190,X,85,0.0423
63190,Y,172,0.0855
63190,Z,29862,14.8436
63212,A,235,1.1167
63212,B,519,2.4661
63212,C,351,1.6679
63212,D,253,1.2022
63212,E,1364,6.4813
63212,F,1276,6.0632
63212,G,677,3.2169
63212,H,787,3.7396
63212,I,1728,8.211
63212,J,793,3.7681
63212,K,1160,5.512
63212,L,381,1.8104
63212,M,812,3.8584
63212,N,1039,4.937
63212,O,572,2.718
63212,P,45,0.2138
63212,Q,115,0.5464
63212,R,1747,8.3013
63212,S,944,4.4856
63212,T,283,1.3447
63212,U,115,0.5464
63212,V,16,0.076
63212,W,56,0.2661
63212,X,20,0.095
63212,Y,20,0.095
63212,Z,5737,27.2606
63272,A,2056,1.4343
63272,B,2283,1.5927
63272,C,1631,1.1378
63272,D,1257,0.8769
63272,E,9771,6.8166
63272,F,6410,4.4719
63272,G,4973,3.4693
63272,H,6701,4.6749
63272,I,14391,10.0397
63272,J,6818,4.7565
63272,K,15197,10.602
63272,L,3078,2.1473
63272,M,10344,7.2164
63272,N,7427,5.1814
63272,O,1350,0.9418
63272,P,83,0.0579
63272,Q,535,0.3732
63272,R,11529,8.0431
63272,S,4806,3.3528
63272,T,1583,1.1044
63272,U,846,0.5902
63272,V,33,0.023
63272,W,469,0.3272
63272,X,99,0.0691
63272,Y,77,0.0537
63272,Z,29594,20.6459
63302,A,564,1.0006
63302,B,1317,2.3366
63302,C,1207,2.1414
63302,D,784,1.3909
63302,E,2547,4.5188
63302,F,3135,5.562
63302,G,1890,3.3531
63302,H,2233,3.9617
63302,I,5765,10.228
63302,J,2595,4.6039
63302,K,3700,6.5644
63302,L,1147,2.035
63302,M,3238,5.7447
63302,N,3536,6.2734
63302,O,1053,1.8682
63302,P,182,0.3229
63302,Q,257,0.456
63302,R,5061,8.979
63302,S,2907,5.1575
63302,T,925,1.6411
63302,U,785,1.3927
63302,V,40,0.071
63302,W,187,0.3318
63302,X,72,0.1277
63302,Y,57,0.1011
63302,Z,11181,19.8368
63401,A,7360,1.6246
63401,B,12752,2.8148
63401,C,4208,0.9289
63401,D,4826,1.0653
63401,E,25874,5.7113
63401,F,15631,3.4503
63401,G,11173,2.4663
63401,H,20246,4.469
63401,I,41588,9.1799
63401,J,23212,5.1237
63401,K,30755,6.7887
63401,L,8893,1.963
63401,M,30015,6.6253
63401,N,20522,4.5299
63401,O,6003,1.3251
63401,P,459,0.1013
63401,Q,1516,0.3346
63401,R,40008,8.8311
63401,S,14699,3.2446
63401,T,3380,0.7461
63401,U,7830,1.7284
63401,V,96,0.0212
63401,W,643,0.1419
63401,X,204,0.045
63401,Y,683,0.1508
63401,Z,120457,26.589
63470,A,3306,1.299
63470,B,4674,1.8365
63470,C,3513,1.3803
63470,D,2992,1.1756
63470,E,16201,6.3656
63470,F,7593,2.9834
63470,G,6442,2.5312
63470,H,15663,6.1543
63470,I,38550,15.1469
63470,J,12742,5.0065
63470,K,24014,9.4355
63470,L,3990,1.5677
63470,M,16297,6.4034
63470,N,9652,3.7924
63470,O,2598,1.0208
63470,P,222,0.0872
63470,Q,810,0.3183
63470,R,24464,9.6123
63470,S,8067,3.1697
63470,T,2296,0.9021
63470,U,1181,0.464
63470,V,93,0.0365
63470,W,521,0.2047
63470,X,91,0.0358
63470,Y,241,0.0947
63470,Z,48294,18.9755
63548,A,396,2.8831
63548,B,577,4.2009
63548,C,241,1.7546
63548,D,246,1.791
63548,E,863,6.2832
63548,F,548,3.9898
63548,G,784,5.708
63548,H,887,6.458
63548,I,481,3.502
63548,J,1170,8.5184
63548,K,764,5.5624
63548,L,298,2.1696
63548,M,811,5.9046
63548,N,704,5.1256
63548,O,271,1.9731
63548,P,26,0.1893
63548,Q,67,0.4878
63548,R,1155,8.4092
63548,S,730,5.3149
63548,T,201,1.4634
63548,U,195,1.4197
63548,V,9,0.0655
63548,W,81,0.5897
63548,X,20,0.1456
63548,Y,10,0.0728
63548,Z,2200,16.0175
63594,A,7391,1.7618
63594,B,11146,2.6569
63594,C,6082,1.4498
63594,D,4336,1.0336
63594,E,19496,4.6472
63594,F,12451,2.9679
63594,G,8403,2.003
63594,H,19464,4.6396
63594,I,56195,13.3951
63594,J,27933,6.6584
63594,K,29930,7.1344
63594,L,9012,2.1482
63594,M,34246,8.1632
63594,N,22314,5.319
63594,O,6277,1.4962
63594,P,562,0.134
63594,Q,1716,0.409
63594,R,37063,8.8347
63594,S,11858,2.8266
63594,T,2876,0.6855
63594,U,4819,1.1487
63594,V,83,0.0198
63594,W,733,0.1747
63594,X,173,0.0412
63594,Y,349,0.0832
63594,Z,84610,20.1684
63690,A,203,0.7172
63690,B,597,2.1092
63690,C,569,2.0102
63690,D,445,1.5722
63690,E,1831,6.4688
63690,F,1453,5.1334
63690,G,918,3.2432
63690,H,1203,4.2501
63690,I,2999,10.5953
63690,J,1189,4.2007
63690,K,3289,11.6199
63690,L,585,2.0668
63690,M,2397,8.4685
63690,N,1649,5.8258
63690,O,320,1.1305
63690,P,51,0.1802
63690,Q,136,0.4805
63690,R,2429,8.5815
63690,S,1287,4.5469
63690,T,405,1.4308
63690,U,141,0.4981
63690,V,3,0.0106
63690,W,76,0.2685
63690,X,9,0.0318
63690,Y,33,0.1166
63690,Z,4088,14.4427
63999,S,1,100.0
66001,A,156267,1.4594
66001,B,300272,2.8042
66001,C,179303,1.6745
66001,D,140387,1.3111
66001,E,705093,6.5849
66001,F,384376,3.5897
66001,G,275084,2.569
66001,H,524362,4.897
66001,I,1197805,11.1863
66001,J,510040,4.7633
66001,K,920441,8.596
66001,L,251260,2.3465
66001,M,862473,8.0547
66001,N,515572,4.8149
66001,O,100271,0.9364
66001,P,12259,0.1145
66001,Q,39605,0.3699
66001,R,866707,8.0942
66001,S,324777,3.0331
66001,T,79667,0.744
66001,U,207326,1.9362
66001,V,1622,0.0151
66001,W,12374,0.1156
66001,X,3394,0.0317
66001,Y,35231,0.329
66001,Z,2101787,19.6286
66045,A,4780,2.05
66045,B,5819,2.4956
66045,C,2898,1.2428
66045,D,3232,1.3861
66045,E,14592,6.258
66045,F,7198,3.087
66045,G,9662,4.1437
66045,H,9200,3.9455
66045,I,26571,11.3953
66045,J,16003,6.8631
66045,K,31062,13.3213
66045,L,6705,2.8755
66045,M,16001,6.8622
66045,N,16810,7.2092
66045,O,4821,2.0675
66045,P,294,0.1261
66045,Q,1151,0.4936
66045,R,6370,2.7319
66045,S,8798,3.7731
66045,T,3169,1.3591
66045,U,5210,2.2344
66045,V,136,0.0583
66045,W,1129,0.4842
66045,X,227,0.0974
66045,Y,4675,2.0049
66045,Z,26662,11.4343
66075,A,1103,1.4981
66075,B,2427,3.2963
66075,C,1106,1.5022
66075,D,1128,1.532
66075,E,4675,6.3496
66075,F,2353,3.1958
66075,G,2365,3.2121
66075,H,2937,3.989
66075,I,7597,10.3182
66075,J,4092,5.5577
66075,K,8057,10.943
66075,L,2891,3.9265
66075,M,6336,8.6055
66075,N,4404,5.9815
66075,O,940,1.2767
66075,P,60,0.0815
66075,Q,296,0.402
66075,R,6271,8.5173
66075,S,3065,4.1629
66075,T,920,1.2495
66075,U,675,0.9168
66075,V,62,0.0842
66075,W,161,0.2187
66075,X,54,0.0733
66075,Y,163,0.2214
66075,Z,9489,12.8879
66088,A,3482,0.931
66088,B,6283,1.6799
66088,C,3470,0.9278
66088,D,4463,1.1933
66088,E,23575,6.3032
66088,F,11245,3.0066
66088,G,7540,2.016
66088,H,13139,3.513
66088,I,51390,13.7401
66088,J,20987,5.6113
66088,K,41063,10.9789
66088,L,9744,2.6052
66088,M,30732,8.2168
66088,N,27221,7.278
66088,O,4461,1.1927
66088,P,303,0.081
66088,Q,1435,0.3837
66088,R,41967,11.2206
66088,S,10970,2.933
66088,T,3356,0.8973
66088,U,3750,1.0026
66088,V,283,0.0757
66088,W,1046,0.2797
66088,X,321,0.0858
66088,Y,404,0.108
66088,Z,51386,13.739
66170,A,32243,1.609
66170,B,47691,2.3799
66170,C,29376,1.4659
66170,D,25906,1.2928
66170,E,162627,8.1153
66170,F,82000,4.0919
66170,G,49825,2.4863
66170,H,77308,3.8578
66170,I,296657,14.8036
66170,J,91820,4.582
66170,K,213025,10.6303
66170,L,42889,2.1402
66170,M,118804,5.9285
66170,N,95304,4.7558
66170,O,17987,0.8976
66170,P,1585,0.0791
66170,Q,6574,0.3281
66170,R,137664,6.8696
66170,S,68660,3.4262
66170,T,11617,0.5797
66170,U,30457,1.5199
66170,V,438,0.0219
66170,W,2992,0.1493
66170,X,1250,0.0624
66170,Y,4370,0.2181
66170,Z,354876,17.7089
66318,A,1621,0.91
66318,B,3967,2.2269
66318,C,1562,0.8768
66318,D,1953,1.0963
66318,E,11639,6.5336
66318,F,4869,2.7332
66318,G,3892,2.1848
66318,H,4826,2.7091
66318,I,27867,15.6433
66318,J,7396,4.1518
66318,K,13796,7.7445
66318,L,3760,2.1107
66318,M,10654,5.9807
66318,N,12475,7.0029
66318,O,1959,1.0997
66318,P,196,0.11
66318,Q,704,0.3952
66318,R,15014,8.4282
66318,S,6117,3.4338
66318,T,1385,0.7775
66318,U,1170,0.6568
66318,V,91,0.0511
66318,W,807,0.453
66318,X,139,0.078
66318,Y,328,0.1841
66318,Z,39953,22.4279
66383,A,962,1.0801
66383,B,1421,1.5955
66383,C,965,1.0835
66383,D,1013,1.1374
66383,E,6246,7.0129
66383,F,2278,2.5577
66383,G,2259,2.5363
66383,H,3431,3.8522
66383,I,23725,26.6378
66383,J,3033,3.4054
66383,K,10622,11.9261
66383,L,1796,2.0165
66383,M,4475,5.0244
66383,N,4591,5.1547
66383,O,752,0.8443
66383,P,58,0.0651
66383,Q,325,0.3649
66383,R,7837,8.7992
66383,S,2316,2.6003
66383,T,945,1.061
66383,U,193,0.2167
66383,V,51,0.0573
66383,W,317,0.3559
66383,X,75,0.0842
66383,Y,246,0.2762
66383,Z,9133,10.2543
66400,A,14105,1.9802
66400,B,16875,2.3691
66400,C,8907,1.2505
66400,D,10268,1.4415
66400,E,48748,6.8438
66400,F,25466,3.5752
66400,G,15613,2.1919
66400,H,22308,3.1318
66400,I,76364,10.7208
66400,J,36022,5.0572
66400,K,75594,10.6127
66400,L,20235,2.8408
66400,M,55387,7.7758
66400,N,41780,5.8655
66400,O,8611,1.2089
66400,P,529,0.0743
66400,Q,2504,0.3515
66400,R,67805,9.5192
66400,S,23210,3.2585
66400,T,5206,0.7309
66400,U,8709,1.2227
66400,V,179,0.0251
66400,W,1206,0.1693
66400,X,341,0.0479
66400,Y,1341,0.1883
66400,Z,124983,17.5465
66440,A,1428,0.8534
66440,B,5520,3.2987
66440,C,2038,1.2179
66440,D,2585,1.5448
66440,E,9157,5.4722
66440,F,5099,3.0471
66440,G,4636,2.7704
66440,H,5248,3.1362
66440,I,27218,16.2653
66440,J,7711,4.608
66440,K,24383,14.5711
66440,L,2991,1.7874
66440,M,10092,6.0309
66440,N,7405,4.4252
66440,O,2002,1.1964
66440,P,84,0.0502
66440,Q,484,0.2892
66440,R,9043,5.404
66440,S,6814,4.072
66440,T,1063,0.6352
66440,U,510,0.3048
66440,V,79,0.0472
66440,W,428,0.2558
66440,X,132,0.0789
66440,Y,641,0.3831
66440,Z,30547,18.2547
66456,A,4337,1.7589
66456,B,7421,3.0097
66456,C,2154,0.8736
66456,D,2874,1.1656
66456,E,12843,5.2086
66456,F,7621,3.0908
66456,G,5570,2.259
66456,H,7995,3.2424
66456,I,26496,10.7457
66456,J,11416,4.6299
66456,K,20727,8.406
66456,L,7051,2.8596
66456,M,16647,6.7513
66456,N,16478,6.6828
66456,O,4062,1.6474
66456,P,562,0.2279
66456,Q,734,0.2977
66456,R,22593,9.1628
66456,S,7156,2.9022
66456,T,2408,0.9766
66456,U,2348,0.9523
66456,V,38,0.0154
66456,W,670,0.2717
66456,X,424,0.172
66456,Y,1880,0.7625
66456,Z,54068,21.9278
66572,A,4269,2.5446
66572,B,6307,3.7593
66572,C,1639,0.9769
66572,D,2061,1.2285
66572,E,8031,4.7869
66572,F,3977,2.3705
66572,G,4124,2.4581
66572,H,5325,3.174
66572,I,27896,16.6275
66572,J,11670,6.956
66572,K,14135,8.4252
66572,L,3222,1.9205
66572,M,9198,5.4825
66572,N,7239,4.3148
66572,O,3712,2.2126
66572,P,207,0.1234
66572,Q,559,0.3332
66572,R,8021,4.781
66572,S,5792,3.4523
66572,T,1492,0.8893
66572,U,926,0.5519
66572,V,149,0.0888
66572,W,544,0.3243
66572,X,221,0.1317
66572,Y,2892,1.7238
66572,Z,34162,20.3624
66594,A,740,0.6788
66594,B,1137,1.0429
66594,C,1339,1.2282
66594,D,2059,1.8886
66594,E,4999,4.5854
66594,F,3428,3.1443
66594,G,2941,2.6976
66594,H,3799,3.4846
66594,I,12370,11.3464
66594,J,6058,5.5567
66594,K,14844,13.6157
66594,L,2249,2.0629
66594,M,5683,5.2128
66594,N,5446,4.9954
66594,O,1823,1.6722
66594,P,198,0.1816
66594,Q,461,0.4229
66594,R,7906,7.2518
66594,S,5378,4.933
66594,T,1437,1.3181
66594,U,15,0.0138
66594,V,188,0.1724
66594,W,499,0.4577
66594,X,119,0.1092
66594,Y,789,0.7237
66594,Z,23116,21.2033
66682,A,20395,1.9902
66682,B,18254,1.7813
66682,C,11866,1.1579
66682,D,13263,1.2943
66682,E,69612,6.793
66682,F,30586,2.9847
66682,G,23942,2.3363
66682,H,37053,3.6158
66682,I,160809,15.6923
66682,J,53495,5.2202
66682,K,87001,8.4899
66682,L,16798,1.6392
66682,M,75735,7.3905
66682,N,59083,5.7655
66682,O,9161,0.894
66682,P,811,0.0791
66682,Q,2925,0.2854
66682,R,61593,6.0105
66682,S,34395,3.3564
66682,T,7375,0.7197
66682,U,25151,2.4543
66682,V,365,0.0356
66682,W,1400,0.1366
66682,X,385,0.0376
66682,Y,1266,0.1235
66682,Z,202042,19.716
66687,A,2460,1.0205
66687,B,3845,1.595
66687,C,3955,1.6406
66687,D,2784,1.1549
66687,E,13672,5.6715
66687,F,6589,2.7333
66687,G,4853,2.0131
66687,H,10085,4.1835
66687,I,45346,18.8107
66687,J,14926,6.1917
66687,K,23746,9.8505
66687,L,5673,2.3533
66687,M,15804,6.5559
66687,N,10867,4.5079
66687,O,2425,1.006
66687,P,199,0.0826
66687,Q,1009,0.4186
66687,R,24105,9.9994
66687,S,9086,3.7691
66687,T,2727,1.1312
66687,U,818,0.3393
66687,V,215,0.0892
66687,W,1254,0.5202
66687,X,349,0.1448
66687,Y,361,0.1498
66687,Z,33912,14.0676
68001,A,211556,1.4694
68001,B,442503,3.0735
68001,C,172658,1.1992
68001,D,160706,1.1162
68001,E,727710,5.0545
68001,F,628379,4.3645
68001,G,430538,2.9904
68001,H,680009,4.7231
68001,I,1928476,13.3946
68001,J,581104,4.0362
68001,K,1652675,11.479
68001,L,349838,2.4299
68001,M,1034763,7.1871
68001,N,924508,6.4214
68001,O,134727,0.9358
68001,P,19725,0.137
68001,Q,56535,0.3927
68001,R,1228267,8.5312
68001,S,372718,2.5888
68001,T,102204,0.7099
68001,U,393100,2.7304
68001,V,4651,0.0323
68001,W,9807,0.0681
68001,X,2274,0.0158
68001,Y,18055,0.1254
68001,Z,2129919,14.7938
68013,A,199,2.257
68013,B,144,1.6332
68013,C,85,0.964
68013,D,90,1.0208
68013,E,347,3.9356
68013,F,212,2.4044
68013,G,227,2.5746
68013,H,327,3.7087
68013,I,1255,14.2339
68013,J,551,6.2493
68013,K,800,9.0734
68013,L,234,2.654
68013,M,472,5.3533
68013,N,519,5.8864
68013,O,97,1.1001
68013,P,48,0.5444
68013,Q,62,0.7032
68013,R,638,7.236
68013,S,278,3.153
68013,T,87,0.9867
68013,U,34,0.3856
68013,V,2,0.0227
68013,W,9,0.1021
68013,X,2,0.0227
68013,Y,4,0.0454
68013,Z,2094,23.7496
68020,A,188,0.5933
68020,B,781,2.4649
68020,C,413,1.3035
68020,D,369,1.1646
68020,E,1065,3.3612
68020,F,622,1.9631
68020,G,610,1.9252
68020,H,570,1.799
68020,I,7453,23.5222
68020,J,1295,4.0871
68020,K,4697,14.824
68020,L,408,1.2877
68020,M,1113,3.5127
68020,N,1152,3.6358
68020,O,419,1.3224
68020,P,35,0.1105
68020,Q,106,0.3345
68020,R,1764,5.5673
68020,S,852,2.689
68020,T,186,0.587
68020,U,505,1.5938
68020,V,12,0.0379
68020,W,50,0.1578
68020,X,21,0.0663
68020,Y,188,0.5933
68020,Z,6811,21.496
68051,A,1457,1.1295
68051,B,1151,0.8923
68051,C,1311,1.0163
68051,D,1670,1.2946
68051,E,4939,3.8288
68051,F,3355,2.6009
68051,G,2598,2.014
68051,H,3942,3.0559
68051,I,22651,17.5595
68051,J,3038,2.3551
68051,K,11668,9.0452
68051,L,1675,1.2985
68051,M,4906,3.8032
68051,N,5448,4.2234
68051,O,2393,1.8551
68051,P,369,0.2861
68051,Q,527,0.4085
68051,R,13949,10.8135
68051,S,4477,3.4707
68051,T,591,0.4582
68051,U,1461,1.1326
68051,V,93,0.0721
68051,W,175,0.1357
68051,X,33,0.0256
68051,Y,51,0.0395
68051,Z,35068,27.1853
68077,A,11044,1.6939
68077,B,11376,1.7448
68077,C,5367,0.8232
68077,D,6969,1.0689
68077,E,44243,6.786
68077,F,13155,2.0177
68077,G,18251,2.7993
68077,H,24303,3.7276
68077,I,60055,9.2112
68077,J,32188,4.937
68077,K,71353,10.9441
68077,L,11047,1.6944
68077,M,42965,6.59
68077,N,32714,5.0177
68077,O,8194,1.2568
68077,P,866,0.1328
68077,Q,2932,0.4497
68077,R,64778,9.9356
68077,S,18859,2.8926
68077,T,4252,0.6522
68077,U,4860,0.7454
68077,V,228,0.035
68077,W,743,0.114
68077,X,218,0.0334
68077,Y,4350,0.6672
68077,Z,156667,24.0295
68079,A,517,0.7053
68079,B,890,1.2142
68079,C,660,0.9004
68079,D,648,0.884
68079,E,4449,6.0694
68079,F,1625,2.2169
68079,G,1700,2.3192
68079,H,1936,2.6411
68079,I,28377,38.7124
68079,J,1964,2.6793
68079,K,5413,7.3845
68079,L,988,1.3478
68079,M,2314,3.1568
68079,N,4071,5.5537
68079,O,753,1.0273
68079,P,139,0.1896
68079,Q,160,0.2183
68079,R,7288,9.9424
68079,S,1497,2.0422
68079,T,313,0.427
68079,U,673,0.9181
68079,V,34,0.0464
68079,W,88,0.1201
68079,X,2,0.0027
68079,Y,43,0.0587
68079,Z,6760,9.2221
68081,A,70343,1.8146
68081,B,105585,2.7237
68081,C,28553,0.7366
68081,D,41161,1.0618
68081,E,196414,5.0668
68081,F,61401,1.5839
68081,G,73733,1.902
68081,H,168223,4.3395
68081,I,73791,1.9035
68081,J,213804,5.5154
68081,K,375756,9.6931
68081,L,88257,2.2767
68081,M,288178,7.4339
68081,N,229048,5.9086
68081,O,58993,1.5218
68081,P,5411,0.1396
68081,Q,12707,0.3278
68081,R,431636,11.1346
68081,S,127061,3.2777
68081,T,45673,1.1782
68081,U,103090,2.6593
68081,V,2483,0.0641
68081,W,5759,0.1486
68081,X,1075,0.0277
68081,Y,11517,0.2971
68081,Z,1056872,27.2634
68092,A,269,0.8493
68092,B,512,1.6165
68092,C,254,0.8019
68092,D,288,0.9093
68092,E,1868,5.8976
68092,F,1527,4.821
68092,G,1267,4.0001
68092,H,1088,3.435
68092,I,8189,25.854
68092,J,1482,4.6789
68092,K,2258,7.1289
68092,L,558,1.7617
68092,M,1143,3.6086
68092,N,1815,5.7303
68092,O,691,2.1816
68092,P,37,0.1168
68092,Q,207,0.6535
68092,R,2049,6.469
68092,S,744,2.3489
68092,T,165,0.5209
68092,U,309,0.9756
68092,V,8,0.0253
68092,W,29,0.0916
68092,X,27,0.0852
68092,Y,18,0.0568
68092,Z,4872,15.3817
68101,A,1122,1.2289
68101,B,1622,1.7766
68101,C,1657,1.8149
68101,D,1029,1.1271
68101,E,6132,6.7163
68101,F,3099,3.3943
68101,G,2721,2.9803
68101,H,2392,2.6199
68101,I,12746,13.9606
68101,J,4546,4.9792
68101,K,5645,6.1829
68101,L,1843,2.0186
68101,M,4231,4.6342
68101,N,4478,4.9047
68101,O,1692,1.8532
68101,P,168,0.184
68101,Q,451,0.494
68101,R,7165,7.8478
68101,S,2988,3.2727
68101,T,632,0.6922
68101,U,1805,1.977
68101,V,34,0.0372
68101,W,173,0.1895
68101,X,60,0.0657
68101,Y,104,0.1139
68101,Z,22765,24.9343
68121,A,645,1.4615
68121,B,1183,2.6805
68121,C,668,1.5136
68121,D,621,1.4071
68121,E,3767,8.5356
68121,F,1395,3.1609
68121,G,1017,2.3044
68121,H,1782,4.0378
68121,I,6418,14.5424
68121,J,2779,6.2969
68121,K,4752,10.7675
68121,L,1090,2.4698
68121,M,2813,6.3739
68121,N,3115,7.0582
68121,O,398,0.9018
68121,P,13,0.0295
68121,Q,185,0.4192
68121,R,3686,8.352
68121,S,1055,2.3905
68121,T,276,0.6254
68121,U,976,2.2115
68121,V,3,0.0068
68121,W,39,0.0884
68121,X,7,0.0159
68121,Y,32,0.0725
68121,Z,5418,12.2765
68132,A,177,1.2322
68132,B,372,2.5898
68132,C,320,2.2278
68132,D,330,2.2974
68132,E,777,5.4094
68132,F,398,2.7708
68132,G,665,4.6296
68132,H,586,4.0796
68132,I,1533,10.6725
68132,J,825,5.7435
68132,K,982,6.8365
68132,L,382,2.6594
68132,M,865,6.022
68132,N,800,5.5695
68132,O,336,2.3392
68132,P,54,0.3759
68132,Q,26,0.181
68132,R,1401,9.7536
68132,S,635,4.4208
68132,T,124,0.8633
68132,U,129,0.8981
68132,V,1,0.007
68132,W,6,0.0418
68132,X,12,0.0835
68132,Y,6,0.0418
68132,Z,2622,18.254
68147,A,1155,1.1076
68147,B,1426,1.3674
68147,C,1946,1.8661
68147,D,1736,1.6647
68147,E,12933,12.4017
68147,F,2711,2.5996
68147,G,2776,2.662
68147,H,3658,3.5077
68147,I,7802,7.4815
68147,J,4506,4.3209
68147,K,6100,5.8494
68147,L,1995,1.913
68147,M,7950,7.6234
68147,N,8390,8.0453
68147,O,1605,1.5391
68147,P,72,0.069
68147,Q,983,0.9426
68147,R,7950,7.6234
68147,S,3871,3.712
68147,T,613,0.5878
68147,U,396,0.3797
68147,V,89,0.0853
68147,W,229,0.2196
68147,X,77,0.0738
68147,Y,89,0.0853
68147,Z,23226,22.2719
68152,A,267,0.6575
68152,B,221,0.5442
68152,C,478,1.1771
68152,D,491,1.2092
68152,E,3231,7.9568
68152,F,798,1.9652
68152,G,646,1.5909
68152,H,1014,2.4971
68152,I,2752,6.7772
68152,J,2861,7.0456
68152,K,4779,11.7689
68152,L,577,1.4209
68152,M,1926,4.743
68152,N,2876,7.0825
68152,O,792,1.9504
68152,P,67,0.165
68152,Q,256,0.6304
68152,R,2590,6.3782
68152,S,1107,2.7261
68152,T,148,0.3645
68152,U,65,0.1601
68152,V,5,0.0123
68152,W,61,0.1502
68152,X,31,0.0763
68152,Y,31,0.0763
68152,Z,12537,30.874
68160,A,643,3.5221
68160,B,490,2.684
68160,C,197,1.0791
68160,D,187,1.0243
68160,E,826,4.5245
68160,F,181,0.9915
68160,G,318,1.7419
68160,H,805,4.4095
68160,I,2308,12.6424
68160,J,1393,7.6304
68160,K,1105,6.0528
68160,L,319,1.7474
68160,M,902,4.9408
68160,N,1237,6.7759
68160,O,260,1.4242
68160,P,20,0.1096
68160,Q,37,0.2027
68160,R,1687,9.2408
68160,S,514,2.8155
68160,T,200,1.0955
68160,U,335,1.835
68160,W,25,0.1369
68160,X,14,0.0767
68160,Y,335,1.835
68160,Z,3918,21.4614
68162,A,318,0.5822
68162,B,353,0.6463
68162,C,587,1.0747
68162,D,663,1.2138
68162,E,4481,8.2037
68162,F,760,1.3914
68162,G,1047,1.9168
68162,H,1209,2.2134
68162,I,8091,14.8127
68162,J,2927,5.3586
68162,K,4315,7.8997
68162,L,652,1.1937
68162,M,3143,5.7541
68162,N,2923,5.3513
68162,O,719,1.3163
68162,P,46,0.0842
68162,Q,451,0.8257
68162,R,4486,8.2128
68162,S,1150,2.1054
68162,T,209,0.3826
68162,U,323,0.5913
68162,V,8,0.0146
68162,W,49,0.0897
68162,X,22,0.0403
68162,Y,31,0.0568
68162,Z,15659,28.6679
68167,A,2703,1.9016
68167,B,3023,2.1267
68167,C,1296,0.9117
68167,D,1138,0.8006
68167,E,10984,7.7273
68167,F,5075,3.5703
68167,G,6099,4.2907
68167,H,4195,2.9512
68167,I,15319,10.777
68167,J,4500,3.1658
68167,K,18554,13.0529
68167,L,2615,1.8397
68167,M,4896,3.4444
68167,N,7415,5.2165
68167,O,1537,1.0813
68167,P,101,0.0711
68167,Q,414,0.2913
68167,R,10224,7.1927
68167,S,3564,2.5073
68167,T,1109,0.7802
68167,U,1576,1.1087
68167,V,63,0.0443
68167,W,146,0.1027
68167,X,11,0.0077
68167,Y,301,0.2118
68167,Z,35287,24.8247
68169,A,71,0.4315
68169,B,134,0.8144
68169,C,262,1.5923
68169,D,194,1.179
68169,E,863,5.2449
68169,F,692,4.2057
68169,G,650,3.9504
68169,H,868,5.2753
68169,I,1081,6.5698
68169,J,797,4.8438
68169,K,1135,6.898
68169,L,288,1.7503
68169,M,1193,7.2505
68169,N,697,4.2361
68169,O,187,1.1365
68169,P,15,0.0912
68169,Q,47,0.2856
68169,R,1122,6.819
68169,S,614,3.7316
68169,T,69,0.4194
68169,U,150,0.9116
68169,W,6,0.0365
68169,X,8,0.0486
68169,Y,36,0.2188
68169,Z,5275,32.0591
68176,A,77,0.3357
68176,B,428,1.8662
68176,C,234,1.0203
68176,D,98,0.4273
68176,E,636,2.7732
68176,F,807,3.5188
68176,G,598,2.6075
68176,H,785,3.4229
68176,I,2586,11.2758
68176,J,650,2.8342
68176,K,1928,8.4067
68176,L,361,1.5741
68176,M,1182,5.1539
68176,N,981,4.2775
68176,O,216,0.9418
68176,P,6,0.0262
68176,Q,163,0.7107
68176,R,1846,8.0492
68176,S,735,3.2048
68176,T,120,0.5232
68176,U,244,1.0639
68176,W,41,0.1788
68176,X,8,0.0349
68176,Y,73,0.3183
68176,Z,8131,35.4539
68179,A,265,0.7706
68179,B,368,1.0701
68179,C,506,1.4714
68179,D,356,1.0352
68179,E,1361,3.9575
68179,F,325,0.945
68179,G,876,2.5473
68179,H,1305,3.7947
68179,I,8876,25.8098
68179,J,1565,4.5507
68179,K,1755,5.1032
68179,L,329,0.9567
68179,M,1350,3.9256
68179,N,2166,6.2983
68179,O,452,1.3143
68179,P,25,0.0727
68179,Q,223,0.6484
68179,R,3442,10.0087
68179,S,1247,3.6261
68179,T,386,1.1224
68179,U,3,0.0087
68179,V,8,0.0233
68179,W,64,0.1861
68179,X,4,0.0116
68179,Y,302,0.8782
68179,Z,6831,19.8633
68190,A,2448,0.7293
68190,B,9646,2.8736
68190,C,2745,0.8177
68190,D,3458,1.0301
68190,E,11058,3.2942
68190,F,5240,1.561
68190,G,7035,2.0957
68190,H,9675,2.8822
68190,I,41497,12.362
68190,J,15185,4.5236
68190,K,25379,7.5604
68190,L,6989,2.082
68190,M,18120,5.398
68190,N,10368,3.0886
68190,O,4997,1.4886
68190,P,730,0.2175
68190,Q,941,0.2803
68190,R,52007,15.4929
68190,S,7806,2.3254
68190,T,1759,0.524
68190,U,2541,0.757
68190,V,86,0.0256
68190,W,581,0.1731
68190,X,273,0.0813
68190,Y,209,0.0623
68190,Z,94909,28.2735
68207,A,314,0.823
68207,B,363,0.9514
68207,C,379,0.9933
68207,D,404,1.0588
68207,E,2552,6.6885
68207,F,1350,3.5382
68207,G,1029,2.6969
68207,H,1162,3.0455
68207,I,5811,15.23
68207,J,1559,4.086
68207,K,3308,8.6699
68207,L,581,1.5227
68207,M,2398,6.2849
68207,N,1911,5.0085
68207,O,647,1.6957
68207,P,37,0.097
68207,Q,634,1.6616
68207,R,4749,12.4466
68207,S,974,2.5527
68207,T,197,0.5163
68207,U,328,0.8597
68207,V,8,0.021
68207,W,37,0.097
68207,X,25,0.0655
68207,Y,54,0.1415
68207,Z,7344,19.2478
68209,A,292,1.1327
68209,B,516,2.0016
68209,C,218,0.8456
68209,D,304,1.1793
68209,E,1840,7.1376
68209,F,384,1.4896
68209,G,577,2.2383
68209,H,1118,4.3369
68209,I,2723,10.5629
68209,J,954,3.7007
68209,K,1275,4.9459
68209,L,388,1.5051
68209,M,1327,5.1476
68209,N,1547,6.001
68209,O,191,0.7409
68209,P,58,0.225
68209,Q,100,0.3879
68209,R,2513,9.7482
68209,S,1913,7.4208
68209,T,900,3.4912
68209,U,124,0.481
68209,V,118,0.4577
68209,W,98,0.3802
68209,X,10,0.0388
68209,Y,72,0.2793
68209,Z,6219,24.1243
68211,A,799,1.3864
68211,B,1091,1.8931
68211,C,1660,2.8804
68211,D,514,0.8919
68211,E,3249,5.6376
68211,F,3330,5.7781
68211,G,3338,5.792
68211,H,2228,3.866
68211,I,7557,13.1127
68211,J,3214,5.5769
68211,K,3115,5.4051
68211,L,1866,3.2378
68211,M,3102,5.3825
68211,N,2703,4.6902
68211,O,441,0.7652
68211,P,79,0.1371
68211,Q,150,0.2603
68211,R,5860,10.1681
68211,S,1858,3.224
68211,T,315,0.5466
68211,U,1147,1.9902
68211,V,2,0.0035
68211,W,135,0.2342
68211,X,29,0.0503
68211,Y,72,0.1249
68211,Z,9777,16.9648
68217,A,1264,1.2989
68217,B,1917,1.9699
68217,C,976,1.0029
68217,D,891,0.9156
68217,E,3509,3.6058
68217,F,2291,2.3542
68217,G,1748,1.7962
68217,H,1632,1.677
68217,I,19736,20.2803
68217,J,2849,2.9276
68217,K,4842,4.9755
68217,L,1427,1.4664
68217,M,3714,3.8164
68217,N,3116,3.2019
68217,O,1802,1.8517
68217,P,201,0.2065
68217,Q,238,0.2446
68217,R,6536,6.7163
68217,S,2595,2.6666
68217,T,761,0.782
68217,U,1502,1.5434
68217,V,9,0.0092
68217,W,130,0.1336
68217,X,47,0.0483
68217,Y,11735,12.0587
68217,Z,21848,22.4506
68229,A,2300,1.2976
68229,B,1699,0.9585
68229,C,1710,0.9647
68229,D,1695,0.9563
68229,E,10326,5.8257
68229,F,4151,2.3419
68229,G,4853,2.738
68229,H,6212,3.5047
68229,I,38093,21.4914
68229,J,4534,2.558
68229,K,17633,9.9482
68229,L,1955,1.103
68229,M,8704,4.9106
68229,N,6952,3.9222
68229,O,3502,1.9758
68229,P,695,0.3921
68229,Q,657,0.3707
68229,R,18352,10.3539
68229,S,5096,2.8751
68229,T,1867,1.0533
68229,U,2856,1.6113
68229,V,148,0.0835
68229,W,266,0.1501
68229,X,56,0.0316
68229,Y,85,0.048
68229,Z,32851,18.5339
68235,A,4085,2.0266
68235,B,7767,3.8532
68235,C,3035,1.5057
68235,D,1964,0.9743
68235,E,10050,4.9858
68235,F,3577,1.7746
68235,G,5083,2.5217
68235,H,6450,3.1999
68235,I,19746,9.7961
68235,J,8198,4.0671
68235,K,17882,8.8713
68235,L,4784,2.3734
68235,M,9785,4.8544
68235,N,12275,6.0897
68235,O,4621,2.2925
68235,P,191,0.0948
68235,Q,653,0.324
68235,R,19929,9.8868
68235,S,8594,4.2635
68235,T,1825,0.9054
68235,U,1405,0.697
68235,V,171,0.0848
68235,W,378,0.1875
68235,X,201,0.0997
68235,Y,127,0.063
68235,Z,48795,24.2074
68245,A,235,0.6068
68245,B,363,0.9373
68245,C,238,0.6146
68245,D,217,0.5603
68245,E,1422,3.6719
68245,F,2149,5.5491
68245,G,1337,3.4524
68245,H,673,1.7378
68245,I,9947,25.6849
68245,J,2610,6.7395
68245,K,1290,3.331
68245,L,478,1.2343
68245,M,2597,6.7059
68245,N,958,2.4737
68245,O,268,0.692
68245,P,96,0.2479
68245,Q,59,0.1523
68245,R,2867,7.4031
68245,S,1288,3.3258
68245,T,240,0.6197
68245,U,878,2.2672
68245,W,30,0.0775
68245,X,18,0.0465
68245,Y,18,0.0465
68245,Z,8451,21.822
68250,A,386,0.875
68250,B,926,2.0992
68250,C,499,1.1312
68250,D,291,0.6597
68250,E,1769,4.0102
68250,F,475,1.0768
68250,G,814,1.8453
68250,H,1013,2.2964
68250,I,5404,12.2504
68250,J,1458,3.3051
68250,K,7077,16.0429
68250,L,464,1.0518
68250,M,1073,2.4324
68250,N,1700,3.8537
68250,O,835,1.8929
68250,P,127,0.2879
68250,Q,149,0.3378
68250,R,3294,7.4672
68250,S,1112,2.5208
68250,T,779,1.7659
68250,U,78,0.1768
68250,V,5,0.0113
68250,W,52,0.1179
68250,X,27,0.0612
68250,Y,36,0.0816
68250,Z,14270,32.3487
68255,A,2299,1.6428
68255,B,3929,2.8076
68255,C,1071,0.7653
68255,D,1545,1.104
68255,E,7133,5.0972
68255,F,2981,2.1302
68255,G,2690,1.9223
68255,H,4938,3.5287
68255,I,15205,10.8654
68255,J,7462,5.3323
68255,K,10332,7.3832
68255,L,3737,2.6704
68255,M,8677,6.2005
68255,N,7196,5.1422
68255,O,2039,1.4571
68255,P,66,0.0472
68255,Q,487,0.348
68255,R,16033,11.4571
68255,S,4048,2.8927
68255,T,974,0.696
68255,U,935,0.6681
68255,V,136,0.0972
68255,W,242,0.1729
68255,X,80,0.0572
68255,Y,2956,2.1123
68255,Z,32749,23.4022
68264,A,396,1.5044
68264,B,468,1.778
68264,C,147,0.5585
68264,D,169,0.642
68264,E,1210,4.5969
68264,F,421,1.5994
68264,G,309,1.1739
68264,H,535,2.0325
68264,I,6779,25.7541
68264,J,880,3.3432
68264,K,2164,8.2213
68264,L,294,1.1169
68264,M,1115,4.236
68264,N,1073,4.0764
68264,O,383,1.4551
68264,P,56,0.2127
68264,Q,62,0.2355
68264,R,2025,7.6932
68264,S,580,2.2035
68264,T,95,0.3609
68264,U,252,0.9574
68264,V,1,0.0038
68264,W,44,0.1672
68264,X,1,0.0038
68264,Y,31,0.1178
68264,Z,6832,25.9555
68266,A,359,0.8533
68266,B,423,1.0054
68266,C,385,0.9151
68266,D,454,1.0791
68266,E,3563,8.4684
68266,F,1029,2.4457
68266,G,1105,2.6263
68266,H,1057,2.5122
68266,I,9775,23.2329
68266,J,1590,3.7791
68266,K,2768,6.5789
68266,L,476,1.1313
68266,M,1779,4.2283
68266,N,2723,6.4719
68266,O,403,0.9578
68266,P,26,0.0618
68266,Q,133,0.3161
68266,R,3696,8.7845
68266,S,1271,3.0209
68266,T,341,0.8105
68266,U,154,0.366
68266,V,3,0.0071
68266,W,67,0.1592
68266,X,4,0.0095
68266,Y,51,0.1212
68266,Z,8439,20.0575
68271,A,519,0.7353
68271,B,995,1.4097
68271,C,995,1.4097
68271,D,843,1.1944
68271,E,4723,6.6917
68271,F,1321,1.8716
68271,G,1662,2.3548
68271,H,1765,2.5007
68271,I,12865,18.2275
68271,J,2974,4.2137
68271,K,3659,5.1842
68271,L,1401,1.985
68271,M,3341,4.7336
68271,N,4040,5.724
68271,O,920,1.3035
68271,P,102,0.1445
68271,Q,640,0.9068
68271,R,4506,6.3842
68271,S,1410,1.9977
68271,T,416,0.5894
68271,U,439,0.622
68271,V,21,0.0298
68271,W,161,0.2281
68271,X,41,0.0581
68271,Y,4841,6.8589
68271,Z,15980,22.641
68276,A,46229,0.92
68276,B,158195,3.1481
68276,C,59730,1.1886
68276,D,65820,1.3098
68276,E,485286,9.6573
68276,F,196249,3.9054
68276,G,168352,3.3502
68276,H,272841,5.4296
68276,I,509272,10.1346
68276,J,203461,4.0489
68276,K,568231,11.3079
68276,L,114165,2.2719
68276,M,354611,7.0568
68276,N,278703,5.5462
68276,O,44209,0.8798
68276,P,8617,0.1715
68276,Q,25855,0.5145
68276,R,420579,8.3696
68276,S,141428,2.8144
68276,T,29368,0.5844
68276,U,73569,1.464
68276,V,3267,0.065
68276,W,4195,0.0835
68276,X,830,0.0165
68276,Y,4411,0.0878
68276,Z,787600,15.6734
68296,A,193,0.9079
68296,B,261,1.2278
68296,C,333,1.5665
68296,D,258,1.2137
68296,E,1094,5.1463
68296,F,1038,4.8829
68296,G,502,2.3615
68296,H,829,3.8997
68296,I,3525,16.582
68296,J,587,2.7613
68296,K,1370,6.4446
68296,L,662,3.1141
68296,M,967,4.5489
68296,N,1071,5.0381
68296,O,226,1.0631
68296,P,54,0.254
68296,Q,88,0.414
68296,R,2656,12.4941
68296,S,650,3.0577
68296,T,153,0.7197
68296,U,298,1.4018
68296,V,3,0.0141
68296,W,38,0.1788
68296,X,13,0.0612
68296,Y,11,0.0517
68296,Z,4378,20.5946
68298,A,100,1.0028
68298,B,256,2.5672
68298,C,114,1.1432
68298,D,106,1.063
68298,E,818,8.203
68298,F,188,1.8853
68298,G,242,2.4268
68298,H,268,2.6875
68298,I,777,7.7918
68298,J,492,4.9338
68298,K,1200,12.0337
68298,L,171,1.7148
68298,M,479,4.8034
68298,N,631,6.3277
68298,O,181,1.8151
68298,P,1,0.01
68298,Q,55,0.5515
68298,R,859,8.6141
68298,S,337,3.3795
68298,T,71,0.712
68298,U,52,0.5215
68298,V,1,0.01
68298,W,17,0.1705
68298,X,4,0.0401
68298,Y,5,0.0501
68298,Z,2547,25.5415
68307,A,22220,1.7458
68307,B,37173,2.9207
68307,C,14446,1.135
68307,D,11568,0.9089
68307,E,84163,6.6127
68307,F,45658,3.5873
68307,G,25273,1.9857
68307,H,63251,4.9696
68307,I,118909,9.3426
68307,J,49519,3.8907
68307,K,170155,13.369
68307,L,27573,2.1664
68307,M,78694,6.183
68307,N,60663,4.7663
68307,O,12773,1.0036
68307,P,1384,0.1087
68307,Q,6243,0.4905
68307,R,124820,9.8071
68307,S,37684,2.9608
68307,T,10115,0.7947
68307,U,20086,1.5781
68307,V,1303,0.1024
68307,W,1328,0.1043
68307,X,413,0.0324
68307,Y,1409,0.1107
68307,Z,245934,19.3229
68318,A,178,0.7995
68318,B,233,1.0466
68318,C,326,1.4643
68318,D,195,0.8759
68318,E,1479,6.6433
68318,F,564,2.5334
68318,G,544,2.4435
68318,H,654,2.9376
68318,I,1213,5.4485
68318,J,657,2.9511
68318,K,1482,6.6568
68318,L,251,1.1274
68318,M,1339,6.0145
68318,N,921,4.1369
68318,O,280,1.2577
68318,P,15,0.0674
68318,Q,130,0.5839
68318,R,1240,5.5698
68318,S,658,2.9556
68318,T,109,0.4896
68318,U,217,0.9747
68318,V,6,0.027
68318,W,30,0.1348
68318,X,3,0.0135
68318,Y,18,0.0809
68318,Z,9521,42.766
68320,A,175,0.5079
68320,B,461,1.3379
68320,C,192,0.5572
68320,D,294,0.8532
68320,E,895,2.5974
68320,F,1091,3.1662
68320,G,1045,3.0327
68320,H,853,2.4755
68320,I,7850,22.7814
68320,J,656,1.9038
68320,K,2541,7.3742
68320,L,677,1.9647
68320,M,1152,3.3432
68320,N,1538,4.4634
68320,O,217,0.6298
68320,P,70,0.2031
68320,Q,108,0.3134
68320,R,9766,28.3417
68320,S,856,2.4842
68320,T,138,0.4005
68320,U,485,1.4075
68320,V,11,0.0319
68320,W,30,0.0871
68320,X,6,0.0174
68320,Y,51,0.148
68320,Z,3300,9.5769
68322,A,471,1.198
68322,B,349,0.8877
68322,C,465,1.1828
68322,D,287,0.73
68322,E,1561,3.9706
68322,F,775,1.9713
68322,G,417,1.0607
68322,H,1027,2.6123
68322,I,8089,20.5754
68322,J,735,1.8696
68322,K,1916,4.8736
68322,L,592,1.5058
68322,M,1290,3.2813
68322,N,1241,3.1566
68322,O,219,0.5571
68322,P,600,1.5262
68322,Q,117,0.2976
68322,R,2555,6.499
68322,S,657,1.6712
68322,T,177,0.4502
68322,U,694,1.7653
68322,V,1,0.0025
68322,W,51,0.1297
68322,X,61,0.1552
68322,Y,14,0.0356
68322,Z,14953,38.0348
68324,A,274,0.7395
68324,B,910,2.456
68324,C,1100,2.9688
68324,D,323,0.8717
68324,E,2381,6.4261
68324,F,406,1.0958
68324,G,768,2.0728
68324,H,1429,3.8567
68324,I,5326,14.3744
68324,J,1631,4.4019
68324,K,4862,13.1221
68324,L,520,1.4034
68324,M,2271,6.1292
68324,N,2183,5.8917
68324,O,334,0.9014
68324,P,9,0.0243
68324,Q,256,0.6909
68324,R,2874,7.7567
68324,S,1423,3.8405
68324,T,298,0.8043
68324,U,69,0.1862
68324,V,3,0.0081
68324,W,82,0.2213
68324,X,17,0.0459
68324,Y,1041,2.8096
68324,Z,6262,16.9006
68327,A,530,1.2623
68327,B,548,1.3051
68327,C,134,0.3191
68327,D,235,0.5597
68327,E,1624,3.8678
68327,F,564,1.3432
68327,G,1500,3.5724
68327,H,1000,2.3816
68327,I,5987,14.2588
68327,J,1961,4.6704
68327,K,2477,5.8993
68327,L,377,0.8979
68327,M,1794,4.2726
68327,N,1693,4.0321
68327,O,986,2.3483
68327,P,27,0.0643
68327,Q,129,0.3072
68327,R,6266,14.9233
68327,S,1839,4.3798
68327,T,457,1.0884
68327,U,121,0.2882
68327,V,14,0.0333
68327,W,105,0.2501
68327,X,23,0.0548
68327,Y,14,0.0333
68327,Z,11583,27.5865
68344,A,375,1.4561
68344,B,294,1.1416
68344,C,212,0.8232
68344,D,143,0.5553
68344,E,1375,5.339
68344,F,233,0.9047
68344,G,942,3.6577
68344,H,643,2.4967
68344,I,3771,14.6424
68344,J,504,1.957
68344,K,1076,4.178
68344,L,282,1.095
68344,M,920,3.5723
68344,N,788,3.0597
68344,O,245,0.9513
68344,P,21,0.0815
68344,Q,92,0.3572
68344,R,1667,6.4728
68344,S,711,2.7607
68344,T,109,0.4232
68344,U,81,0.3145
68344,V,6,0.0233
68344,W,33,0.1281
68344,X,14,0.0544
68344,Y,20,0.0777
68344,Z,11197,43.4767
68368,A,256,1.2065
68368,B,244,1.1499
68368,C,396,1.8663
68368,D,319,1.5034
68368,E,1283,6.0465
68368,F,518,2.4412
68368,G,347,1.6353
68368,H,825,3.888
68368,I,3186,15.0148
68368,J,696,3.2801
68368,K,1514,7.1351
68368,L,473,2.2291
68368,M,1027,4.84
68368,N,1036,4.8824
68368,O,345,1.6259
68368,P,27,0.1272
68368,Q,73,0.344
68368,R,2985,14.0676
68368,S,825,3.888
68368,T,130,0.6127
68368,U,89,0.4194
68368,V,4,0.0189
68368,W,27,0.1272
68368,X,4,0.0189
68368,Y,67,0.3158
68368,Z,4523,21.3158
68370,A,268,1.2166
68370,B,161,0.7309
68370,C,85,0.3859
68370,D,157,0.7127
68370,E,1518,6.8909
68370,F,87,0.3949
68370,G,248,1.1258
68370,H,498,2.2607
68370,I,4236,19.2292
68370,J,487,2.2107
68370,K,2188,9.9324
68370,L,221,1.0032
68370,M,652,2.9597
68370,N,858,3.8949
68370,O,382,1.7341
68370,P,12,0.0545
68370,Q,91,0.4131
68370,R,2108,9.5692
68370,S,479,2.1744
68370,T,304,1.38
68370,U,54,0.2451
68370,V,2,0.0091
68370,W,29,0.1316
68370,X,3,0.0136
68370,Y,1,0.0045
68370,Z,6900,31.3223
68377,A,823,1.4657
68377,B,1045,1.8611
68377,C,819,1.4586
68377,D,608,1.0828
68377,E,1949,3.4711
68377,F,1260,2.244
68377,G,1047,1.8647
68377,H,1154,2.0552
68377,I,7995,14.2389
68377,J,2604,4.6377
68377,K,2512,4.4738
68377,L,1034,1.8415
68377,M,1812,3.2271
68377,N,3000,5.3429
68377,O,1413,2.5165
68377,P,153,0.2725
68377,Q,353,0.6287
68377,R,4071,7.2504
68377,S,1585,2.8228
68377,T,971,1.7293
68377,U,1904,3.391
68377,V,15,0.0267
68377,W,50,0.089
68377,X,64,0.114
68377,Y,1537,2.7374
68377,Z,16371,29.1564
68385,A,1250,1.0815
68385,B,3329,2.8803
68385,C,868,0.751
68385,D,795,0.6878
68385,E,4372,3.7827
68385,F,1671,1.4458
68385,G,3345,2.8941
68385,H,3490,3.0196
68385,I,17250,14.9247
68385,J,4392,3.8
68385,K,11178,9.6712
68385,L,2830,2.4485
68385,M,3688,3.1909
68385,N,6351,5.4949
68385,O,1864,1.6127
68385,P,130,0.1125
68385,Q,404,0.3495
68385,R,9408,8.1398
68385,S,4645,4.0189
68385,T,1255,1.0858
68385,U,909,0.7865
68385,V,26,0.0225
68385,W,235,0.2033
68385,X,151,0.1306
68385,Y,116,0.1004
68385,Z,31628,27.3646
68397,A,286,0.6765
68397,B,542,1.2821
68397,C,520,1.23
68397,D,627,1.4831
68397,E,1890,4.4707
68397,F,648,1.5328
68397,G,1059,2.505
68397,H,1026,2.427
68397,I,6891,16.3004
68397,J,969,2.2921
68397,K,2828,6.6895
68397,L,508,1.2017
68397,M,1547,3.6594
68397,N,1924,4.5512
68397,O,706,1.67
68397,P,294,0.6954
68397,Q,262,0.6198
68397,R,4435,10.4908
68397,S,1222,2.8906
68397,T,222,0.5251
68397,U,760,1.7978
68397,W,30,0.071
68397,X,21,0.0497
68397,Y,601,1.4216
68397,Z,12457,29.4666
68406,A,13115,1.798
68406,B,17471,2.3952
68406,C,6793,0.9313
68406,D,8265,1.1331
68406,E,44908,6.1568
68406,F,21164,2.9015
68406,G,16956,2.3246
68406,H,26309,3.6069
68406,I,96931,13.2891
68406,J,30929,4.2403
68406,K,88977,12.1986
68406,L,13977,1.9162
68406,M,49717,6.8161
68406,N,40799,5.5935
68406,O,10059,1.3791
68406,P,1358,0.1862
68406,Q,2982,0.4088
68406,R,58983,8.0865
68406,S,29562,4.0529
68406,T,6187,0.8482
68406,U,15952,2.187
68406,V,369,0.0506
68406,W,913,0.1252
68406,X,329,0.0451
68406,Y,887,0.1216
68406,Z,125512,17.2075
68418,A,1275,1.3568
68418,B,977,1.0397
68418,C,1269,1.3504
68418,D,1001,1.0652
68418,E,4409,4.6918
68418,F,2719,2.8934
68418,G,2514,2.6752
68418,H,4249,4.5215
68418,I,17136,18.235
68418,J,3400,3.6181
68418,K,9979,10.619
68418,L,1296,1.3791
68418,M,4085,4.347
68418,N,4618,4.9142
68418,O,2057,2.1889
68418,P,180,0.1915
68418,Q,348,0.3703
68418,R,8353,8.8887
68418,S,3755,3.9958
68418,T,643,0.6842
68418,U,1867,1.9867
68418,V,144,0.1532
68418,W,251,0.2671
68418,X,78,0.083
68418,Y,65,0.0692
68418,Z,17305,18.4149
68425,A,295,0.9097
68425,B,378,1.1656
68425,C,747,2.3035
68425,D,315,0.9714
68425,E,4319,13.3183
68425,F,505,1.5572
68425,G,726,2.2387
68425,H,553,1.7053
68425,I,4416,13.6174
68425,J,1904,5.8713
68425,K,1946,6.0008
68425,L,321,0.9899
68425,M,1505,4.6409
68425,N,1779,5.4858
68425,O,362,1.1163
68425,P,25,0.0771
68425,Q,255,0.7863
68425,R,2469,7.6136
68425,S,1146,3.5339
68425,T,234,0.7216
68425,U,68,0.2097
68425,W,140,0.4317
68425,X,3,0.0093
68425,Y,15,0.0463
68425,Z,8003,24.6785
68432,A,2066,0.6737
68432,B,3036,0.99
68432,C,2467,0.8045
68432,D,3989,1.3008
68432,E,29539,9.6323
68432,F,6632,2.1626
68432,G,9258,3.0189
68432,H,8233,2.6847
68432,I,55973,18.2521
68432,J,15918,5.1907
68432,K,35276,11.5031
68432,L,3761,1.2264
68432,M,15713,5.1238
68432,N,17837,5.8164
68432,O,2690,0.8772
68432,P,315,0.1027
68432,Q,2191,0.7145
68432,R,20290,6.6163
68432,S,7138,2.3276
68432,T,3061,0.9982
68432,U,4691,1.5297
68432,V,54,0.0176
68432,W,268,0.0874
68432,X,48,0.0157
68432,Y,134,0.0437
68432,Z,56088,18.2896
68444,A,94,0.6476
68444,B,155,1.0678
68444,C,225,1.55
68444,D,123,0.8473
68444,E,1314,9.0521
68444,F,408,2.8107
68444,G,157,1.0816
68444,H,433,2.9829
68444,I,2546,17.5393
68444,J,482,3.3205
68444,K,1746,12.0281
68444,L,216,1.488
68444,M,606,4.1747
68444,N,798,5.4974
68444,O,149,1.0265
68444,P,15,0.1033
68444,Q,48,0.3307
68444,R,1320,9.0934
68444,S,468,3.224
68444,T,95,0.6545
68444,U,12,0.0827
68444,W,17,0.1171
68444,X,7,0.0482
68444,Y,6,0.0413
68444,Z,3076,21.1904
68464,A,483,0.7185
68464,B,781,1.1618
68464,C,763,1.135
68464,D,259,0.3853
68464,E,2359,3.5091
68464,F,1205,1.7925
68464,G,1333,1.9829
68464,H,1322,1.9665
68464,I,9370,13.9381
68464,J,1333,1.9829
68464,K,13305,19.7914
68464,L,752,1.1186
68464,M,1476,2.1956
68464,N,2652,3.9449
68464,O,1146,1.7047
68464,P,39,0.058
68464,Q,259,0.3853
68464,R,4486,6.673
68464,S,2890,4.2989
68464,T,460,0.6843
68464,U,53,0.0788
68464,V,24,0.0357
68464,W,110,0.1636
68464,X,44,0.0655
68464,Y,31,0.0461
68464,Z,20291,30.1833
68468,A,235,1.2699
68468,B,156,0.843
68468,C,336,1.8157
68468,D,164,0.8862
68468,E,1337,7.2251
68468,F,559,3.0208
68468,G,1014,5.4796
68468,H,420,2.2697
68468,I,2223,12.013
68468,J,681,3.6801
68468,K,1115,6.0254
68468,L,225,1.2159
68468,M,899,4.8581
68468,N,1100,5.9443
68468,O,176,0.9511
68468,P,16,0.0865
68468,Q,103,0.5566
68468,R,1143,6.1767
68468,S,666,3.599
68468,T,119,0.6431
68468,U,56,0.3026
68468,W,14,0.0757
68468,X,2,0.0108
68468,Y,20,0.1081
68468,Z,5726,30.943
68498,A,618,1.1399
68498,B,809,1.4922
68498,C,769,1.4185
68498,D,612,1.1289
68498,E,3052,5.6295
68498,F,1107,2.0419
68498,G,1479,2.7281
68498,H,1674,3.0878
68498,I,11141,20.55
68498,J,1846,3.405
68498,K,4093,7.5497
68498,L,923,1.7025
68498,M,2343,4.3218
68498,N,2289,4.2222
68498,O,782,1.4424
68498,P,131,0.2416
68498,Q,250,0.4611
68498,R,4847,8.9405
68498,S,1709,3.1523
68498,T,292,0.5386
68498,U,404,0.7452
68498,V,9,0.0166
68498,W,88,0.1623
68498,X,32,0.059
68498,Y,70,0.1291
68498,Z,12845,23.6931
68500,A,791,0.6638
68500,B,1544,1.2957
68500,C,1239,1.0397
68500,D,1020,0.856
68500,E,4820,4.0448
68500,F,4889,4.1027
68500,G,2793,2.3438
68500,H,4451,3.7352
68500,I,22345,18.7513
68500,J,5632,4.7262
68500,K,6750,5.6644
68500,L,1471,1.2344
68500,M,4973,4.1732
68500,N,5033,4.2236
68500,O,1386,1.1631
68500,P,142,0.1192
68500,Q,627,0.5262
68500,R,8450,7.091
68500,S,4035,3.3861
68500,T,664,0.5572
68500,U,417,0.3499
68500,V,91,0.0764
68500,W,154,0.1292
68500,X,55,0.0462
68500,Y,55,0.0462
68500,Z,35338,29.6547
68502,A,798,1.572
68502,B,467,0.9199
68502,C,263,0.5181
68502,D,354,0.6973
68502,E,3870,7.6235
68502,F,1440,2.8367
68502,G,1295,2.551
68502,H,1219,2.4013
68502,I,17176,33.835
68502,J,1264,2.49
68502,K,2101,4.1388
68502,L,561,1.1051
68502,M,1498,2.9509
68502,N,1960,3.861
68502,O,522,1.0283
68502,P,34,0.067
68502,Q,92,0.1812
68502,R,2387,4.7022
68502,S,1252,2.4663
68502,T,391,0.7702
68502,U,255,0.5023
68502,V,5,0.0098
68502,W,95,0.1871
68502,X,10,0.0197
68502,Y,59,0.1162
68502,Z,11396,22.449
68522,A,143,0.8236
68522,B,371,2.1369
68522,C,179,1.031
68522,D,143,0.8236
68522,E,875,5.0397
68522,F,338,1.9468
68522,G,433,2.494
68522,H,701,4.0376
68522,I,3359,19.3468
68522,J,445,2.5631
68522,K,2492,14.3532
68522,L,488,2.8107
68522,M,654,3.7668
68522,N,661,3.8072
68522,O,133,0.766
68522,P,4,0.023
68522,Q,28,0.1613
68522,R,1446,8.3285
68522,S,399,2.2981
68522,T,141,0.8121
68522,U,127,0.7315
68522,V,4,0.023
68522,W,30,0.1728
68522,X,6,0.0346
68522,Y,8,0.0461
68522,Z,3754,21.6219
68524,A,93,0.6346
68524,B,214,1.4603
68524,C,179,1.2214
68524,D,129,0.8802
68524,E,740,5.0495
68524,F,337,2.2996
68524,G,326,2.2245
68524,H,489,3.3367
68524,I,2050,13.9884
68524,J,547,3.7325
68524,K,1132,7.7243
68524,L,233,1.5899
68524,M,516,3.521
68524,N,468,3.1934
68524,O,167,1.1395
68524,P,15,0.1024
68524,Q,70,0.4777
68524,R,932,6.3596
68524,S,267,1.8219
68524,T,44,0.3002
68524,U,129,0.8802
68524,W,7,0.0478
68524,X,10,0.0682
68524,Y,2,0.0136
68524,Z,5559,37.9324
68533,A,737,2.2538
68533,B,534,1.633
68533,C,198,0.6055
68533,D,386,1.1804
68533,E,2138,6.5382
68533,F,944,2.8869
68533,G,757,2.315
68533,H,1026,3.1376
68533,I,8577,26.2294
68533,J,1039,3.1774
68533,K,1857,5.6789
68533,L,492,1.5046
68533,M,1515,4.633
68533,N,1382,4.2263
68533,O,531,1.6239
68533,P,88,0.2691
68533,Q,135,0.4128
68533,R,3992,12.208
68533,S,1050,3.211
68533,T,175,0.5352
68533,U,721,2.2049
68533,V,36,0.1101
68533,W,72,0.2202
68533,X,13,0.0398
68533,Y,19,0.0581
68533,Z,4286,13.107
68547,A,39869,2.2884
68547,B,47777,2.7423
68547,C,23203,1.3318
68547,D,21446,1.2309
68547,E,135621,7.7843
68547,F,66692,3.828
68547,G,47988,2.7544
68547,H,84573,4.8543
68547,I,183542,10.5349
68547,J,63306,3.6336
68547,K,137320,7.8818
68547,L,34121,1.9585
68547,M,124308,7.135
68547,N,104768,6.0134
68547,O,19686,1.1299
68547,P,2259,0.1297
68547,Q,10841,0.6222
68547,R,120088,6.8928
68547,S,53474,3.0693
68547,T,11705,0.6718
68547,U,45051,2.5858
68547,V,2001,0.1149
68547,W,1581,0.0907
68547,X,462,0.0265
68547,Y,1624,0.0932
68547,Z,358929,20.6016
68549,A,870,1.6862
68549,B,576,1.1164
68549,C,427,0.8276
68549,D,393,0.7617
68549,E,2917,5.6535
68549,F,1129,2.1882
68549,G,1103,2.1378
68549,H,1791,3.4712
68549,I,8228,15.947
68549,J,1454,2.818
68549,K,6155,11.9292
68549,L,920,1.7831
68549,M,2777,5.3822
68549,N,3103,6.014
68549,O,571,1.1067
68549,P,50,0.0969
68549,Q,270,0.5233
68549,R,5954,11.5397
68549,S,1274,2.4692
68549,T,379,0.7346
68549,U,136,0.2636
68549,V,22,0.0426
68549,W,47,0.0911
68549,X,29,0.0562
68549,Y,364,0.7055
68549,Z,10657,20.6547
68572,A,1629,1.6407
68572,B,1783,1.7958
68572,C,930,0.9367
68572,D,1036,1.0434
68572,E,5390,5.4287
68572,F,2244,2.2601
68572,G,2453,2.4706
68572,H,2969,2.9903
68572,I,16413,16.5307
68572,J,3987,4.0156
68572,K,9408,9.4755
68572,L,1437,1.4473
68572,M,5757,5.7983
68572,N,5411,5.4498
68572,O,966,0.9729
68572,P,133,0.134
68572,Q,420,0.423
68572,R,10904,10.9822
68572,S,3186,3.2088
68572,T,598,0.6023
68572,U,909,0.9155
68572,V,28,0.0282
68572,W,129,0.1299
68572,X,71,0.0715
68572,Y,460,0.4633
68572,Z,20637,20.785
68573,A,497,1.4034
68573,B,738,2.0839
68573,C,307,0.8669
68573,D,605,1.7083
68573,E,1716,4.8454
68573,F,352,0.9939
68573,G,504,1.4231
68573,H,1051,2.9677
68573,I,5635,15.9113
68573,J,1039,2.9338
68573,K,2010,5.6756
68573,L,658,1.858
68573,M,1456,4.1113
68573,N,2180,6.1556
68573,O,1051,2.9677
68573,P,26,0.0734
68573,Q,109,0.3078
68573,R,3638,10.2725
68573,S,1721,4.8595
68573,T,383,1.0815
68573,U,153,0.432
68573,V,13,0.0367
68573,W,63,0.1779
68573,X,21,0.0593
68573,Y,106,0.2993
68573,Z,9383,26.4944
68575,A,3795,1.4657
68575,B,6145,2.3733
68575,C,1875,0.7242
68575,D,3592,1.3873
68575,E,9576,3.6985
68575,F,2341,0.9042
68575,G,4193,1.6194
68575,H,8465,3.2694
68575,I,22246,8.5919
68575,J,14827,5.7265
68575,K,20961,8.0956
68575,L,7224,2.7901
68575,M,19312,7.4588
68575,N,13180,5.0904
68575,O,4279,1.6527
68575,P,371,0.1433
68575,Q,723,0.2792
68575,R,22220,8.5819
68575,S,10736,4.1465
68575,T,2390,0.9231
68575,U,1192,0.4604
68575,V,51,0.0197
68575,W,646,0.2495
68575,X,162,0.0626
68575,Y,151,0.0583
68575,Z,78264,30.2274
68615,A,3432,1.6394
68615,B,4027,1.9236
68615,C,2505,1.1966
68615,D,2670,1.2754
68615,E,9996,4.7748
68615,F,5415,2.5866
68615,G,5952,2.8431
68615,H,6832,3.2634
68615,I,36810,17.583
68615,J,6156,2.9405
68615,K,19543,9.3351
68615,L,4529,2.1634
68615,M,11784,5.6289
68615,N,12885,6.1548
68615,O,4270,2.0396
68615,P,758,0.3621
68615,Q,1039,0.4963
68615,R,9812,4.6869
68615,S,9102,4.3477
68615,T,2465,1.1775
68615,U,4607,2.2006
68615,V,109,0.0521
68615,W,326,0.1557
68615,X,188,0.0898
68615,Y,183,0.0874
68615,Z,43955,20.9959
68655,A,10110,2.1713
68655,B,13349,2.8669
68655,C,4375,0.9396
68655,D,5968,1.2817
68655,E,22348,4.7995
68655,F,7434,1.5966
68655,G,9622,2.0665
68655,H,17427,3.7427
68655,I,28844,6.1946
68655,J,28840,6.1938
68655,K,51278,11.0126
68655,L,12852,2.7601
68655,M,23825,5.1167
68655,N,37801,8.1183
68655,O,10082,2.1652
68655,P,708,0.1521
68655,Q,1458,0.3131
68655,R,55085,11.8302
68655,S,20828,4.4731
68655,T,3781,0.812
68655,U,2016,0.433
68655,V,404,0.0868
68655,W,812,0.1744
68655,X,297,0.0638
68655,Y,224,0.0481
68655,Z,95861,20.5874
68669,A,842,1.7347
68669,B,841,1.7326
68669,C,723,1.4895
68669,D,605,1.2464
68669,E,2766,5.6984
68669,F,1996,4.1121
68669,G,1224,2.5216
68669,H,1837,3.7845
68669,I,2229,4.5921
68669,J,2639,5.4368
68669,K,2833,5.8364
68669,L,995,2.0499
68669,M,3228,6.6502
68669,N,3092,6.37
68669,O,904,1.8624
68669,P,53,0.1092
68669,Q,351,0.7231
68669,R,4783,9.8537
68669,S,1803,3.7145
68669,T,483,0.9951
68669,U,153,0.3152
68669,V,24,0.0494
68669,W,84,0.1731
68669,X,13,0.0268
68669,Y,71,0.1463
68669,Z,13968,28.7763
68673,A,548,1.5004
68673,B,601,1.6455
68673,C,287,0.7858
68673,D,286,0.783
68673,E,2404,6.582
68673,F,642,1.7577
68673,G,1144,3.1322
68673,H,986,2.6996
68673,I,7013,19.2011
68673,J,1827,5.0022
68673,K,2201,6.0262
68673,L,475,1.3005
68673,M,1612,4.4135
68673,N,1116,3.0555
68673,O,407,1.1143
68673,P,25,0.0684
68673,Q,139,0.3806
68673,R,3507,9.6019
68673,S,1270,3.4772
68673,T,511,1.3991
68673,U,116,0.3176
68673,V,11,0.0301
68673,W,79,0.2163
68673,X,10,0.0274
68673,Y,254,0.6954
68673,Z,9053,24.7864
68679,A,23524,1.6176
68679,B,26143,1.7976
68679,C,16559,1.1386
68679,D,17839,1.2266
68679,E,80295,5.5213
68679,F,53163,3.6556
68679,G,39957,2.7475
68679,H,62853,4.3219
68679,I,183767,12.6362
68679,J,54672,3.7594
68679,K,190989,13.1328
68679,L,26661,1.8333
68679,M,94756,6.5156
68679,N,63955,4.3977
68679,O,14433,0.9924
68679,P,1769,0.1216
68679,Q,5037,0.3464
68679,R,184180,12.6646
68679,S,36743,2.5265
68679,T,19380,1.3326
68679,U,9724,0.6686
68679,V,899,0.0618
68679,W,1429,0.0983
68679,X,336,0.0231
68679,Y,1730,0.119
68679,Z,243495,16.7432
68682,A,3194,1.6158
68682,B,7215,3.6499
68682,C,1767,0.8939
68682,D,3008,1.5217
68682,E,14335,7.2517
68682,F,13230,6.6927
68682,G,5079,2.5693
68682,H,8663,4.3824
68682,I,20669,10.4559
68682,J,10440,5.2813
68682,K,8932,4.5185
68682,L,6222,3.1475
68682,M,19310,9.7684
68682,N,12625,6.3866
68682,O,1177,0.5954
68682,P,412,0.2084
68682,Q,1019,0.5155
68682,R,16629,8.4122
68682,S,3896,1.9709
68682,T,1029,0.5205
68682,U,8703,4.4026
68682,V,15,0.0076
68682,W,142,0.0718
68682,X,43,0.0218
68682,Y,139,0.0703
68682,Z,29785,15.0674
68684,A,366,0.6898
68684,B,571,1.0762
68684,C,743,1.4004
68684,D,602,1.1346
68684,E,2695,5.0793
68684,F,1311,2.4709
68684,G,1046,1.9714
68684,H,1522,2.8686
68684,I,5730,10.7995
68684,J,2682,5.0548
68684,K,4175,7.8687
68684,L,896,1.6887
68684,M,3065,5.7767
68684,N,3161,5.9576
68684,O,708,1.3344
68684,P,52,0.098
68684,Q,353,0.6653
68684,R,3684,6.9433
68684,S,1782,3.3586
68684,T,311,0.5862
68684,U,286,0.539
68684,V,13,0.0245
68684,W,71,0.1338
68684,X,22,0.0415
68684,Y,46,0.0867
68684,Z,17165,32.3514
68686,A,3820,3.7943
68686,B,1341,1.332
68686,C,1004,0.9972
68686,D,1577,1.5664
68686,E,6638,6.5933
68686,F,2663,2.6451
68686,G,2844,2.8248
68686,H,4877,4.8442
68686,I,7675,7.6233
68686,J,5675,5.6368
68686,K,5946,5.906
68686,L,2509,2.4921
68686,M,10214,10.1452
68686,N,5875,5.8354
68686,O,1892,1.8793
68686,P,189,0.1877
68686,Q,947,0.9406
68686,R,11053,10.9786
68686,S,3374,3.3513
68686,T,720,0.7152
68686,U,3466,3.4427
68686,V,2,0.002
68686,W,120,0.1192
68686,X,47,0.0467
68686,Y,21,0.0209
68686,Z,16189,16.08
68689,A,4152,1.3078
68689,B,7207,2.27
68689,C,4771,1.5027
68689,D,3709,1.1682
68689,E,19597,6.1725
68689,F,8525,2.6851
68689,G,7989,2.5163
68689,H,10913,3.4373
68689,I,48784,15.3656
68689,J,11209,3.5305
68689,K,35104,11.0568
68689,L,5883,1.853
68689,M,16397,5.1646
68689,N,15896,5.0068
68689,O,4176,1.3153
68689,P,589,0.1855
68689,Q,975,0.3071
68689,R,29231,9.2069
68689,S,9611,3.0272
68689,T,2693,0.8482
68689,U,6554,2.0643
68689,V,210,0.0661
68689,W,450,0.1417
68689,X,136,0.0428
68689,Y,243,0.0765
68689,Z,62485,19.681
68705,A,51,0.5065
68705,B,115,1.1421
68705,C,144,1.4301
68705,D,88,0.874
68705,E,621,6.1674
68705,F,306,3.039
68705,G,294,2.9199
68705,H,347,3.4462
68705,I,1631,16.1982
68705,J,479,4.7572
68705,K,713,7.0811
68705,L,156,1.5493
68705,M,650,6.4555
68705,N,949,9.425
68705,O,131,1.301
68705,P,9,0.0894
68705,Q,24,0.2384
68705,R,762,7.5678
68705,S,398,3.9527
68705,T,162,1.6089
68705,U,38,0.3774
68705,V,4,0.0397
68705,W,15,0.149
68705,X,5,0.0497
68705,Y,3,0.0298
68705,Z,1974,19.6047
68720,A,292,1.3794
68720,B,539,2.5463
68720,C,271,1.2802
68720,D,119,0.5622
68720,E,376,1.7763
68720,F,256,1.2094
68720,G,742,3.5053
68720,H,515,2.4329
68720,I,2601,12.2874
68720,J,674,3.1841
68720,K,1496,7.0673
68720,L,380,1.7952
68720,M,860,4.0627
68720,N,497,2.3479
68720,O,602,2.8439
68720,P,56,0.2646
68720,Q,140,0.6614
68720,R,1848,8.7302
68720,S,658,3.1085
68720,T,732,3.458
68720,U,597,2.8203
68720,V,4,0.0189
68720,W,24,0.1134
68720,X,13,0.0614
68720,Y,6,0.0283
68720,Z,6870,32.4546
68745,A,344,1.1529
68745,B,593,1.9873
68745,C,628,2.1046
68745,D,524,1.7561
68745,E,1554,5.2079
68745,F,957,3.2072
68745,G,1035,3.4686
68745,H,1523,5.1041
68745,I,6323,21.1904
68745,J,1077,3.6094
68745,K,2171,7.2757
68745,L,1104,3.6999
68745,M,1433,4.8024
68745,N,1691,5.6671
68745,O,408,1.3673
68745,P,81,0.2715
68745,Q,129,0.4323
68745,R,2692,9.0218
68745,S,806,2.7012
68745,T,245,0.8211
68745,U,542,1.8164
68745,V,8,0.0268
68745,W,91,0.305
68745,X,13,0.0436
68745,Y,54,0.181
68745,Z,3813,12.7786
68755,A,2273,0.6005
68755,B,4152,1.0969
68755,C,3266,0.8628
68755,D,3783,0.9994
68755,E,13260,3.503
68755,F,11038,2.916
68755,G,10826,2.86
68755,H,15436,4.0779
68755,I,51476,13.5989
68755,J,11823,3.1234
68755,K,40655,10.7402
68755,L,5055,1.3354
68755,M,18109,4.784
68755,N,15639,4.1315
68755,O,1892,0.4998
68755,P,492,0.13
68755,Q,2321,0.6132
68755,R,22087,5.8349
68755,S,6755,1.7845
68755,T,1895,0.5006
68755,U,4086,1.0794
68755,V,37,0.0098
68755,W,184,0.0486
68755,X,35,0.0092
68755,Y,417,0.1102
68755,Z,131539,34.7499
68770,A,2453,2.1326
68770,B,1894,1.6466
68770,C,821,0.7138
68770,D,1161,1.0094
68770,E,8445,7.3421
68770,F,1965,1.7084
68770,G,2085,1.8127
68770,H,4123,3.5845
68770,I,26005,22.6087
68770,J,4680,4.0688
68770,K,9005,7.8289
68770,L,1520,1.3215
68770,M,4847,4.214
68770,N,5041,4.3826
68770,O,928,0.8068
68770,P,58,0.0504
68770,Q,637,0.5538
68770,R,10421,9.06
68770,S,3204,2.7856
68770,T,494,0.4295
68770,U,398,0.346
68770,V,18,0.0156
68770,W,173,0.1504
68770,X,23,0.02
68770,Y,214,0.1861
68770,Z,24409,21.2212
68773,A,406,0.751
68773,B,599,1.108
68773,C,719,1.33
68773,D,497,0.9193
68773,E,1905,3.5239
68773,F,631,1.1672
68773,G,935,1.7296
68773,H,1322,2.4454
68773,I,13588,25.135
68773,J,1837,3.3981
68773,K,3209,5.936
68773,L,811,1.5002
68773,M,2726,5.0425
68773,N,1937,3.5831
68773,O,592,1.0951
68773,P,181,0.3348
68773,Q,196,0.3626
68773,R,8342,15.431
68773,S,1153,2.1328
68773,T,370,0.6844
68773,U,524,0.9693
68773,V,7,0.0129
68773,W,39,0.0721
68773,X,36,0.0666
68773,Y,37,0.0684
68773,Z,11461,21.2005
68780,A,258,0.6843
68780,B,437,1.1591
68780,C,342,0.9071
68780,D,376,0.9973
68780,E,1268,3.3633
68780,F,909,2.4111
68780,G,693,1.8381
68780,H,1196,3.1723
68780,I,3470,9.204
68780,J,1510,4.0052
68780,K,4367,11.5832
68780,L,308,0.817
68780,M,1902,5.045
68780,N,2018,5.3526
68780,O,751,1.992
68780,P,151,0.4005
68780,Q,96,0.2546
68780,R,3755,9.9599
68780,S,786,2.0848
68780,T,236,0.626
68780,U,654,1.7347
68780,V,3,0.008
68780,W,34,0.0902
68780,X,26,0.069
68780,Y,19,0.0504
68780,Z,12136,32.1901
68820,A,267,0.5416
68820,B,695,1.4097
68820,C,526,1.0669
68820,D,533,1.0811
68820,E,2439,4.9473
68820,F,1201,2.4361
68820,G,938,1.9026
68820,H,2362,4.7911
68820,I,9148,18.5558
68820,J,1960,3.9757
68820,K,4336,8.7951
68820,L,727,1.4746
68820,M,2384,4.8357
68820,N,2941,5.9655
68820,O,980,1.9878
68820,P,70,0.142
68820,Q,283,0.574
68820,R,4010,8.1339
68820,S,1179,2.3915
68820,T,281,0.57
68820,U,215,0.4361
68820,V,1,0.002
68820,W,79,0.1602
68820,X,10,0.0203
68820,Y,33,0.0669
68820,Z,11702,23.7363
68855,A,1410,2.1608
68855,B,599,0.918
68855,C,871,1.3348
68855,D,563,0.8628
68855,E,3101,4.7522
68855,F,1491,2.2849
68855,G,2344,3.5921
68855,H,1960,3.0036
68855,I,10149,15.5531
68855,J,1942,2.9761
68855,K,8280,12.6889
68855,L,1063,1.629
68855,M,2752,4.2174
68855,N,2545,3.9001
68855,O,889,1.3624
68855,P,213,0.3264
68855,Q,203,0.3111
68855,R,5949,9.1167
68855,S,2175,3.3331
68855,T,432,0.662
68855,U,631,0.967
68855,V,17,0.0261
68855,W,135,0.2069
68855,X,38,0.0582
68855,Y,80,0.1226
68855,Z,15422,23.6338
68861,A,2590,0.9032
68861,B,4386,1.5295
68861,C,1918,0.6688
68861,D,2200,0.7672
68861,E,11827,4.1242
68861,F,5454,1.9019
68861,G,4923,1.7167
68861,H,8328,2.9041
68861,I,86519,30.1703
68861,J,8855,3.0879
68861,K,25606,8.9291
68861,L,3696,1.2888
68861,M,13934,4.859
68861,N,10859,3.7867
68861,O,3396,1.1842
68861,P,229,0.0799
68861,Q,1616,0.5635
68861,R,25108,8.7555
68861,S,7858,2.7402
68861,T,1542,0.5377
68861,U,989,0.3449
68861,V,60,0.0209
68861,W,246,0.0858
68861,X,140,0.0488
68861,Y,144,0.0502
68861,Z,54346,18.9511
68867,A,91,1.0042
68867,B,120,1.3242
68867,C,96,1.0594
68867,D,865,9.5454
68867,E,666,7.3494
68867,F,206,2.2732
68867,G,188,2.0746
68867,H,558,6.1576
68867,I,942,10.3951
68867,J,519,5.7272
68867,K,460,5.0761
68867,L,167,1.8429
68867,M,876,9.6667
68867,N,502,5.5396
68867,O,155,1.7104
68867,P,12,0.1324
68867,Q,58,0.64
68867,R,836,9.2253
68867,S,306,3.3767
68867,T,52,0.5738
68867,U,185,2.0415
68867,V,4,0.0441
68867,W,9,0.0993
68867,X,2,0.0221
68867,Y,312,3.4429
68867,Z,875,9.6557
68872,A,1536,1.5281
68872,B,619,0.6158
68872,C,1395,1.3878
68872,D,935,0.9302
68872,E,5920,5.8894
68872,F,2168,2.1568
68872,G,2151,2.1399
68872,H,2800,2.7855
68872,I,20222,20.1174
68872,J,3054,3.0382
68872,K,10758,10.7023
68872,L,1152,1.146
68872,M,3801,3.7813
68872,N,4464,4.4409
68872,O,1133,1.1271
68872,P,91,0.0905
68872,Q,404,0.4019
68872,R,9619,9.5692
68872,S,2908,2.893
68872,T,639,0.6357
68872,U,476,0.4735
68872,V,25,0.0249
68872,W,89,0.0885
68872,X,14,0.0139
68872,Y,36,0.0358
68872,Z,24111,23.9863
68895,A,1734,1.3081
68895,B,2323,1.7525
68895,C,2114,1.5948
68895,D,1728,1.3036
68895,E,10418,7.8594
68895,F,4520,3.4099
68895,G,3635,2.7423
68895,H,4907,3.7019
68895,I,22120,16.6875
68895,J,6352,4.792
68895,K,9375,7.0726
68895,L,2409,1.8174
68895,M,8461,6.3831
68895,N,8064,6.0836
68895,O,3195,2.4103
68895,P,220,0.166
68895,Q,564,0.4255
68895,R,14825,11.1841
68895,S,3578,2.6993
68895,T,662,0.4994
68895,U,2132,1.6084
68895,V,40,0.0302
68895,W,274,0.2067
68895,X,64,0.0483
68895,Y,83,0.0626
68895,Z,18757,14.1505
70001,A,59737,0.9629
70001,B,153784,2.4788
70001,C,40482,0.6525
70001,D,70686,1.1394
70001,E,318171,5.1286
70001,F,134849,2.1736
70001,G,131943,2.1268
70001,H,327219,5.2744
70001,I,643861,10.3784
70001,J,338997,5.4643
70001,K,591383,9.5325
70001,L,180627,2.9115
70001,M,379723,6.1207
70001,N,472388,7.6144
70001,O,95500,1.5394
70001,P,8146,0.1313
70001,Q,22663,0.3653
70001,R,830387,13.385
70001,S,150117,2.4197
70001,T,55762,0.8988
70001,U,96803,1.5604
70001,V,2190,0.0353
70001,W,9355,0.1508
70001,X,3757,0.0606
70001,Y,37530,0.6049
70001,Z,1047816,16.8897
70110,A,1778,0.9306
70110,B,4068,2.1291
70110,C,868,0.4543
70110,D,3106,1.6256
70110,E,7176,3.7558
70110,F,8224,4.3043
70110,G,2588,1.3545
70110,H,13895,7.2724
70110,I,13513,7.0725
70110,J,13020,6.8144
70110,K,14813,7.7529
70110,L,3881,2.0312
70110,M,7704,4.0321
70110,N,12572,6.58
70110,O,4350,2.2767
70110,P,132,0.0691
70110,Q,779,0.4077
70110,R,29190,15.2775
70110,S,3911,2.0469
70110,T,1343,0.7029
70110,U,536,0.2805
70110,V,35,0.0183
70110,W,239,0.1251
70110,X,141,0.0738
70110,Y,129,0.0675
70110,Z,43074,22.5442
70124,A,670,0.6849
70124,B,1707,1.7449
70124,C,682,0.6971
70124,D,2363,2.4155
70124,E,2667,2.7262
70124,F,706,0.7217
70124,G,1470,1.5027
70124,H,2943,3.0084
70124,I,10758,10.997
70124,J,11080,11.3261
70124,K,9381,9.5894
70124,L,2607,2.6649
70124,M,3934,4.0214
70124,N,8538,8.7277
70124,O,2053,2.0986
70124,P,129,0.1319
70124,Q,293,0.2995
70124,R,14836,15.1655
70124,S,2097,2.1436
70124,T,595,0.6082
70124,U,327,0.3343
70124,V,20,0.0204
70124,W,108,0.1104
70124,X,33,0.0337
70124,Y,55,0.0562
70124,Z,17775,18.1698
70204,A,412,0.5577
70204,B,1086,1.4699
70204,C,193,0.2612
70204,D,751,1.0165
70204,E,3448,4.667
70204,F,725,0.9813
70204,G,2054,2.7801
70204,H,4746,6.4238
70204,I,18272,24.7317
70204,J,2812,3.8061
70204,K,8374,11.3344
70204,L,2091,2.8302
70204,M,3012,4.0768
70204,N,3106,4.2041
70204,O,885,1.1979
70204,P,132,0.1787
70204,Q,278,0.3763
70204,R,7358,9.9593
70204,S,1651,2.2347
70204,T,499,0.6754
70204,U,233,0.3154
70204,V,52,0.0704
70204,W,128,0.1733
70204,X,94,0.1272
70204,Y,128,0.1733
70204,Z,11361,15.3774
70215,A,9886,0.767
70215,B,27737,2.1519
70215,C,5369,0.4165
70215,D,13193,1.0235
70215,E,48111,3.7326
70215,F,17732,1.3757
70215,G,25388,1.9697
70215,H,62729,4.8667
70215,I,276161,21.4253
70215,J,64426,4.9983
70215,K,118552,9.1976
70215,L,27228,2.1124
70215,M,61917,4.8037
70215,N,70261,5.451
70215,O,13491,1.0467
70215,P,1296,0.1005
70215,Q,4104,0.3184
70215,R,204294,15.8496
70215,S,22089,1.7137
70215,T,12084,0.9375
70215,U,9145,0.7095
70215,V,138,0.0107
70215,W,1785,0.1385
70215,X,386,0.0299
70215,Y,2329,0.1807
70215,Z,189120,14.6724
70221,A,1490,0.6745
70221,B,5664,2.564
70221,C,1470,0.6654
70221,D,2506,1.1344
70221,E,6853,3.1022
70221,F,3665,1.6591
70221,G,3090,1.3988
70221,H,7548,3.4168
70221,I,21730,9.8366
70221,J,9935,4.4973
70221,K,20962,9.489
70221,L,5088,2.3032
70221,M,12494,5.6557
70221,N,14804,6.7014
70221,O,3355,1.5187
70221,P,236,0.1068
70221,Q,636,0.2879
70221,R,39142,17.7186
70221,S,5382,2.4363
70221,T,2057,0.9312
70221,U,731,0.3309
70221,V,71,0.0321
70221,W,207,0.0937
70221,X,80,0.0362
70221,Y,115,0.0521
70221,Z,51598,23.3571
70230,A,2875,1.8024
70230,B,4887,3.0638
70230,C,646,0.405
70230,D,2732,1.7128
70230,E,7037,4.4117
70230,F,1198,0.7511
70230,G,2826,1.7717
70230,H,10127,6.3489
70230,I,15727,9.8598
70230,J,13888,8.7068
70230,K,14307,8.9695
70230,L,5991,3.7559
70230,M,10180,6.3822
70230,N,9656,6.0537
70230,O,1553,0.9736
70230,P,73,0.0458
70230,Q,800,0.5015
70230,R,20071,12.5831
70230,S,2574,1.6137
70230,T,1405,0.8808
70230,U,1327,0.8319
70230,V,112,0.0702
70230,W,306,0.1918
70230,X,164,0.1028
70230,Y,155,0.0972
70230,Z,28890,18.1121
70233,A,544,0.6559
70233,B,3671,4.4263
70233,C,487,0.5872
70233,D,666,0.803
70233,E,2899,3.4954
70233,F,2022,2.438
70233,G,1541,1.858
70233,H,3210,3.8704
70233,I,9499,11.4533
70233,J,5880,7.0897
70233,K,5733,6.9125
70233,L,1933,2.3307
70233,M,3855,4.6481
70233,N,4352,5.2474
70233,O,995,1.1997
70233,P,88,0.1061
70233,Q,341,0.4112
70233,R,9590,11.563
70233,S,1572,1.8954
70233,T,532,0.6415
70233,U,1549,1.8677
70233,V,22,0.0265
70233,W,120,0.1447
70233,X,25,0.0301
70233,Y,59,0.0711
70233,Z,21752,26.2271
70235,A,1999,0.6621
70235,B,4594,1.5216
70235,C,1030,0.3411
70235,D,2974,0.985
70235,E,5870,1.9442
70235,F,4082,1.352
70235,G,3731,1.2357
70235,H,12768,4.2289
70235,I,40253,13.3322
70235,J,18346,6.0764
70235,K,26626,8.8188
70235,L,7079,2.3446
70235,M,16934,5.6087
70235,N,14542,4.8165
70235,O,2794,0.9254
70235,P,292,0.0967
70235,Q,898,0.2974
70235,R,51189,16.9543
70235,S,3868,1.2811
70235,T,2651,0.878
70235,U,4510,1.4938
70235,V,333,0.1103
70235,W,662,0.2193
70235,X,316,0.1047
70235,Y,413,0.1368
70235,Z,73169,24.2343
70265,A,1223,0.6907
70265,B,1936,1.0934
70265,C,969,0.5473
70265,D,1645,0.929
70265,E,5142,2.9041
70265,F,1330,0.7511
70265,G,2273,1.2837
70265,H,5459,3.0831
70265,I,11041,6.2356
70265,J,16799,9.4876
70265,K,17152,9.6869
70265,L,3574,2.0185
70265,M,6124,3.4587
70265,N,18584,10.4957
70265,O,4078,2.3031
70265,P,312,0.1762
70265,Q,693,0.3914
70265,R,26990,15.2432
70265,S,4313,2.4359
70265,T,1673,0.9449
70265,U,704,0.3976
70265,V,64,0.0361
70265,W,223,0.1259
70265,X,55,0.0311
70265,Y,94,0.0531
70265,Z,44613,25.1961
70400,A,2503,1.4434
70400,B,3425,1.9751
70400,C,741,0.4273
70400,D,2694,1.5535
70400,E,7887,4.5482
70400,F,1912,1.1026
70400,G,2825,1.6291
70400,H,8032,4.6318
70400,I,27878,16.0763
70400,J,11953,6.8929
70400,K,8750,5.0458
70400,L,3495,2.0154
70400,M,6841,3.945
70400,N,15406,8.8841
70400,O,2917,1.6821
70400,P,240,0.1384
70400,Q,489,0.282
70400,R,26227,15.1242
70400,S,4143,2.3891
70400,T,1260,0.7266
70400,U,1025,0.5911
70400,W,271,0.1563
70400,X,59,0.034
70400,Y,63,0.0363
70400,Z,32375,18.6695
70418,A,2228,0.9722
70418,B,5722,2.4967
70418,C,1494,0.6519
70418,D,2957,1.2902
70418,E,8750,3.8179
70418,F,4443,1.9386
70418,G,3895,1.6995
70418,H,14569,6.357
70418,I,31007,13.5295
70418,J,12822,5.5947
70418,K,11949,5.2138
70418,L,6301,2.7494
70418,M,12305,5.3691
70418,N,16425,7.1668
70418,O,3516,1.5342
70418,P,505,0.2203
70418,Q,859,0.3748
70418,R,34258,14.948
70418,S,4076,1.7785
70418,T,1633,0.7125
70418,U,2276,0.9931
70418,V,40,0.0175
70418,W,198,0.0864
70418,X,94,0.041
70418,Y,3995,1.7432
70418,Z,42864,18.7031
70429,A,2012,0.5999
70429,B,3987,1.1887
70429,C,1996,0.5951
70429,D,3492,1.0411
70429,E,9366,2.7924
70429,F,2873,0.8565
70429,G,3733,1.1129
70429,H,11893,3.5457
70429,I,20677,6.1646
70429,J,15002,4.4727
70429,K,19256,5.7409
70429,L,5928,1.7674
70429,M,18998,5.664
70429,N,20168,6.0128
70429,O,8500,2.5342
70429,P,530,0.158
70429,Q,1051,0.3133
70429,R,69389,20.6874
70429,S,12052,3.5931
70429,T,3272,0.9755
70429,U,3171,0.9454
70429,V,54,0.0161
70429,W,505,0.1506
70429,X,119,0.0355
70429,Y,213,0.0635
70429,Z,97179,28.9727
70473,A,1227,0.5181
70473,B,4924,2.0791
70473,C,568,0.2398
70473,D,2580,1.0894
70473,E,7352,3.1044
70473,F,3833,1.6185
70473,G,3701,1.5627
70473,H,12697,5.3613
70473,I,29803,12.5842
70473,J,22782,9.6196
70473,K,13283,5.6087
70473,L,5339,2.2544
70473,M,12533,5.292
70473,N,17586,7.4256
70473,O,3245,1.3702
70473,P,201,0.0849
70473,Q,997,0.421
70473,R,36681,15.4885
70473,S,3327,1.4048
70473,T,2100,0.8867
70473,U,2631,1.1109
70473,V,87,0.0367
70473,W,292,0.1233
70473,X,90,0.038
70473,Y,179,0.0756
70473,Z,48790,20.6014
70508,A,3378,0.8077
70508,B,11300,2.702
70508,C,1962,0.4691
70508,D,5554,1.3281
70508,E,25645,6.1322
70508,F,6200,1.4825
70508,G,7628,1.824
70508,H,21809,5.2149
70508,I,26381,6.3082
70508,J,29049,6.9461
70508,K,37580,8.986
70508,L,12812,3.0636
70508,M,21539,5.1504
70508,N,27709,6.6257
70508,O,4733,1.1317
70508,P,635,0.1518
70508,Q,1539,0.368
70508,R,70833,16.9374
70508,S,8334,1.9928
70508,T,3327,0.7955
70508,U,5253,1.2561
70508,V,56,0.0134
70508,W,571,0.1365
70508,X,200,0.0478
70508,Y,307,0.0734
70508,Z,83870,20.0548
70523,A,628,0.6882
70523,B,2177,2.3857
70523,C,400,0.4383
70523,D,848,0.9293
70523,E,4439,4.8646
70523,F,1760,1.9287
70523,G,1139,1.2482
70523,H,2980,3.2657
70523,I,6719,7.3631
70523,J,5319,5.8289
70523,K,3809,4.1742
70523,L,2069,2.2673
70523,M,4723,5.1758
70523,N,5669,6.2125
70523,O,1461,1.6011
70523,P,76,0.0833
70523,Q,287,0.3145
70523,R,18294,20.0478
70523,S,1986,2.1764
70523,T,1063,1.1649
70523,U,270,0.2959
70523,V,26,0.0285
70523,W,187,0.2049
70523,X,27,0.0296
70523,Y,64,0.0701
70523,Z,24832,27.2126
70670,A,7074,1.0995
70670,B,12123,1.8843
70670,C,2292,0.3562
70670,D,5663,0.8802
70670,E,21867,3.3988
70670,F,7257,1.128
70670,G,8162,1.2686
70670,H,23757,3.6925
70670,I,42628,6.6257
70670,J,36683,5.7016
70670,K,60738,9.4405
70670,L,15852,2.4639
70670,M,31437,4.8862
70670,N,33273,5.1716
70670,O,9148,1.4219
70670,P,588,0.0914
70670,Q,1662,0.2583
70670,R,112848,17.5399
70670,S,15708,2.4415
70670,T,8296,1.2894
70670,U,11927,1.8538
70670,V,169,0.0263
70670,W,1550,0.2409
70670,X,320,0.0497
70670,Y,1141,0.1773
70670,Z,171215,26.6119
70678,A,473,0.3605
70678,B,2136,1.6278
70678,C,490,0.3734
70678,D,1371,1.0448
70678,E,2268,1.7284
70678,F,1519,1.1576
70678,G,1325,1.0097
70678,H,2472,1.8838
70678,I,10301,7.8501
70678,J,6219,4.7393
70678,K,11286,8.6007
70678,L,1648,1.2559
70678,M,3337,2.543
70678,N,7110,5.4183
70678,O,2063,1.5721
70678,P,217,0.1654
70678,Q,238,0.1814
70678,R,41464,31.5984
70678,S,1701,1.2963
70678,T,1116,0.8505
70678,U,1338,1.0196
70678,V,23,0.0175
70678,W,88,0.0671
70678,X,37,0.0282
70678,Y,67,0.0511
70678,Z,30915,23.5593
70702,A,1355,0.8022
70702,B,3347,1.9816
70702,C,749,0.4434
70702,D,2113,1.251
70702,E,5900,3.4931
70702,F,2129,1.2605
70702,G,2535,1.5008
70702,H,10092,5.9749
70702,I,30568,18.0976
70702,J,7748,4.5872
70702,K,11655,6.9003
70702,L,4180,2.4747
70702,M,8799,5.2094
70702,N,8086,4.7873
70702,O,5630,3.3332
70702,P,203,0.1202
70702,Q,517,0.3061
70702,R,30769,18.2166
70702,S,2931,1.7353
70702,T,1495,0.8851
70702,U,948,0.5613
70702,V,18,0.0107
70702,W,149,0.0882
70702,X,55,0.0326
70702,Y,614,0.3635
70702,Z,26321,15.5832
70708,A,2317,0.6177
70708,B,10604,2.8272
70708,C,2198,0.586
70708,D,7993,2.131
70708,E,19447,5.1848
70708,F,3795,1.0118
70708,G,6330,1.6877
70708,H,11540,3.0767
70708,I,38021,10.1369
70708,J,12234,3.2617
70708,K,24465,6.5227
70708,L,7497,1.9988
70708,M,17452,4.6529
70708,N,22960,6.1214
70708,O,9820,2.6181
70708,P,436,0.1162
70708,Q,1329,0.3543
70708,R,65093,17.3546
70708,S,9134,2.4352
70708,T,3650,0.9731
70708,U,4869,1.2981
70708,V,231,0.0616
70708,W,525,0.14
70708,X,352,0.0938
70708,Y,451,0.1202
70708,Z,92333,24.6171
70713,A,7584,0.9301
70713,B,17317,2.1237
70713,C,3140,0.3851
70713,D,16263,1.9945
70713,E,15988,1.9608
70713,F,12076,1.481
70713,G,11401,1.3982
70713,H,27534,3.3767
70713,I,75425,9.2501
70713,J,52544,6.444
70713,K,39896,4.8928
70713,L,22536,2.7638
70713,M,50340,6.1737
70713,N,53858,6.6051
70713,O,13940,1.7096
70713,P,1823,0.2236
70713,Q,2467,0.3026
70713,R,141200,17.3167
70713,S,19339,2.3717
70713,T,12115,1.4858
70713,U,17524,2.1491
70713,V,200,0.0245
70713,W,1249,0.1532
70713,X,403,0.0494
70713,Y,734,0.09
70713,Z,198504,24.3444
70717,A,2233,0.6615
70717,B,8360,2.4766
70717,C,1172,0.3472
70717,D,6396,1.8948
70717,E,12146,3.5982
70717,F,5419,1.6054
70717,G,6621,1.9615
70717,H,17855,5.2895
70717,I,36563,10.8317
70717,J,22337,6.6173
70717,K,37532,11.1188
70717,L,6971,2.0652
70717,M,16389,4.8552
70717,N,17017,5.0413
70717,O,2648,0.7845
70717,P,228,0.0675
70717,Q,761,0.2254
70717,R,82023,24.2992
70717,S,5691,1.686
70717,T,3279,0.9714
70717,U,2885,0.8547
70717,V,53,0.0157
70717,W,266,0.0788
70717,X,212,0.0628
70717,Y,193,0.0572
70717,Z,42304,12.5325
70742,A,2635,1.2458
70742,B,2742,1.2964
70742,C,1877,0.8874
70742,D,2588,1.2236
70742,E,5657,2.6746
70742,F,4786,2.2628
70742,G,3760,1.7777
70742,H,10230,4.8367
70742,I,28597,13.5205
70742,J,16948,8.0129
70742,K,13418,6.3439
70742,L,5576,2.6363
70742,M,11553,5.4622
70742,N,11497,5.4357
70742,O,2718,1.2851
70742,P,197,0.0931
70742,Q,687,0.3248
70742,R,34863,16.483
70742,S,5692,2.6911
70742,T,3215,1.52
70742,U,13570,6.4158
70742,V,44,0.0208
70742,W,326,0.1541
70742,X,114,0.0539
70742,Y,260,0.1229
70742,Z,27959,13.2188
70771,A,1751,0.7078
70771,B,5525,2.2333
70771,C,2051,0.8291
70771,D,3470,1.4027
70771,E,9050,3.6582
70771,F,2780,1.1237
70771,G,3531,1.4273
70771,H,9825,3.9715
70771,I,24651,9.9645
70771,J,18629,7.5303
70771,K,16987,6.8666
70771,L,5648,2.2831
70771,M,15384,6.2186
70771,N,15939,6.4429
70771,O,6000,2.4253
70771,P,289,0.1168
70771,Q,717,0.2898
70771,R,35163,14.2138
70771,S,6250,2.5264
70771,T,1908,0.7713
70771,U,1478,0.5974
70771,V,62,0.0251
70771,W,336,0.1358
70771,X,133,0.0538
70771,Y,1186,0.4794
70771,Z,58644,23.7054
70820,A,14499,1.9358
70820,B,16660,2.2244
70820,C,3059,0.4084
70820,D,7241,0.9668
70820,E,27242,3.6372
70820,F,10939,1.4605
70820,G,13818,1.8449
70820,H,22697,3.0304
70820,I,77285,10.3188
70820,J,37926,5.0637
70820,K,32370,4.3219
70820,L,17176,2.2933
70820,M,35027,4.6767
70820,N,39283,5.2449
70820,O,14847,1.9823
70820,P,519,0.0693
70820,Q,1721,0.2298
70820,R,154598,20.6413
70820,S,21051,2.8106
70820,T,5593,0.7468
70820,U,14051,1.876
70820,V,364,0.0486
70820,W,794,0.106
70820,X,220,0.0294
70820,Y,563,0.0752
70820,Z,179431,23.9569
70823,A,2128,0.8003
70823,B,6419,2.4141
70823,C,1464,0.5506
70823,D,3342,1.2569
70823,E,14278,5.3697
70823,F,4610,1.7337
70823,G,4367,1.6424
70823,H,15802,5.9429
70823,I,33369,12.5495
70823,J,13497,5.076
70823,K,12705,4.7781
70823,L,5212,1.9601
70823,M,12941,4.8669
70823,N,14810,5.5698
70823,O,7325,2.7548
70823,P,369,0.1388
70823,Q,1202,0.4521
70823,R,39133,14.7172
70823,S,5474,2.0587
70823,T,1584,0.5957
70823,U,2300,0.865
70823,V,47,0.0177
70823,W,261,0.0982
70823,X,111,0.0417
70823,Y,335,0.126
70823,Z,62814,23.6233
73001,A,135016,1.4058
73001,B,259114,2.6979
73001,C,124545,1.2968
73001,D,111537,1.1613
73001,E,667220,6.9472
73001,F,316303,3.2934
73001,G,254293,2.6477
73001,H,582919,6.0695
73001,I,1384941,14.4203
73001,J,457021,4.7586
73001,K,924306,9.6241
73001,L,213742,2.2255
73001,M,724255,7.5411
73001,N,471755,4.912
73001,O,83497,0.8694
73001,P,9079,0.0945
73001,Q,37307,0.3884
73001,R,946712,9.8573
73001,S,297408,3.0967
73001,T,67573,0.7036
73001,U,56682,0.5902
73001,V,4681,0.0487
73001,W,8967,0.0934
73001,X,3379,0.0352
73001,Y,41730,0.4345
73001,Z,1420142,14.7868
73024,A,558,1.2519
73024,B,675,1.5144
73024,C,492,1.1038
73024,D,292,0.6551
73024,E,2580,5.7884
73024,F,1001,2.2458
73024,G,1220,2.7371
73024,H,1658,3.7198
73024,I,6956,15.6062
73024,J,1748,3.9217
73024,K,2875,6.4502
73024,L,825,1.8509
73024,M,2036,4.5679
73024,N,3015,6.7643
73024,O,486,1.0904
73024,P,71,0.1593
73024,Q,106,0.2378
73024,R,4531,10.1656
73024,S,1455,3.2644
73024,T,463,1.0388
73024,U,152,0.341
73024,V,59,0.1324
73024,W,128,0.2872
73024,X,84,0.1885
73024,Y,44,0.0987
73024,Z,11062,24.8183
73026,A,2833,3.1411
73026,B,1636,1.8139
73026,C,944,1.0467
73026,D,1788,1.9824
73026,E,5979,6.6292
73026,F,2269,2.5157
73026,G,2017,2.2363
73026,H,4097,4.5425
73026,I,9230,10.2337
73026,J,5639,6.2522
73026,K,6396,7.0915
73026,L,2003,2.2208
73026,M,5187,5.7511
73026,N,6872,7.6193
73026,O,1051,1.1653
73026,P,131,0.1452
73026,Q,694,0.7695
73026,R,10579,11.7294
73026,S,3049,3.3806
73026,T,1097,1.2163
73026,U,439,0.4867
73026,V,31,0.0344
73026,W,190,0.2107
73026,X,194,0.2151
73026,Y,114,0.1264
73026,Z,15733,17.4439
73030,A,1291,1.7227
73030,B,2592,3.4588
73030,C,731,0.9755
73030,D,905,1.2076
73030,E,3744,4.9961
73030,F,2085,2.7823
73030,G,1761,2.3499
73030,H,3858,5.1482
73030,I,8352,11.1451
73030,J,3395,4.5304
73030,K,5446,7.2672
73030,L,1882,2.5114
73030,M,4821,6.4332
73030,N,5362,7.1552
73030,O,857,1.1436
73030,P,112,0.1495
73030,Q,209,0.2789
73030,R,12963,17.2981
73030,S,2977,3.9726
73030,T,971,1.2957
73030,U,398,0.5311
73030,V,51,0.0681
73030,W,383,0.5111
73030,X,181,0.2415
73030,Y,131,0.1748
73030,Z,9481,12.6516
73043,A,897,1.2721
73043,B,1390,1.9712
73043,C,608,0.8622
73043,D,670,0.9502
73043,E,2159,3.0618
73043,F,1520,2.1556
73043,G,1578,2.2379
73043,H,2828,4.0106
73043,I,9713,13.7746
73043,J,2957,4.1935
73043,K,6616,9.3825
73043,L,1329,1.8847
73043,M,3643,5.1663
73043,N,3979,5.6429
73043,O,1342,1.9032
73043,P,216,0.3063
73043,Q,479,0.6793
73043,R,9415,13.352
73043,S,1991,2.8236
73043,T,1055,1.4962
73043,U,176,0.2496
73043,V,55,0.078
73043,W,220,0.312
73043,X,116,0.1645
73043,Y,118,0.1673
73043,Z,15444,21.902
73055,A,1686,1.4332
73055,B,1863,1.5837
73055,C,740,0.6291
73055,D,1438,1.2224
73055,E,7008,5.9573
73055,F,2462,2.0929
73055,G,2168,1.843
73055,H,5450,4.6329
73055,I,15217,12.9356
73055,J,4427,3.7633
73055,K,5758,4.8947
73055,L,2806,2.3853
73055,M,8097,6.883
73055,N,6541,5.5603
73055,O,1038,0.8824
73055,P,125,0.1063
73055,Q,294,0.2499
73055,R,31173,26.4993
73055,S,3447,2.9302
73055,T,1747,1.4851
73055,U,1164,0.9895
73055,V,84,0.0714
73055,W,360,0.306
73055,X,95,0.0808
73055,Y,155,0.1318
73055,Z,12294,10.4508
73067,A,1239,0.8889
73067,B,5256,3.771
73067,C,1384,0.993
73067,D,1395,1.0009
73067,E,5327,3.8219
73067,F,1964,1.4091
73067,G,3510,2.5183
73067,H,4912,3.5242
73067,I,9384,6.7327
73067,J,5047,3.621
73067,K,17509,12.5621
73067,L,2663,1.9106
73067,M,6565,4.7101
73067,N,7305,5.2411
73067,O,2114,1.5167
73067,P,260,0.1865
73067,Q,496,0.3559
73067,R,20290,14.5573
73067,S,3549,2.5463
73067,T,1178,0.8452
73067,U,758,0.5438
73067,V,158,0.1134
73067,W,336,0.2411
73067,X,293,0.2102
73067,Y,127,0.0911
73067,Z,36361,26.0877
73124,A,1370,0.7715
73124,B,3842,2.1636
73124,C,1786,1.0058
73124,D,2914,1.641
73124,E,6307,3.5517
73124,F,5104,2.8742
73124,G,4065,2.2891
73124,H,6270,3.5308
73124,I,12775,7.194
73124,J,5925,3.3366
73124,K,17215,9.6943
73124,L,3242,1.8257
73124,M,13013,7.328
73124,N,13422,7.5584
73124,O,2955,1.6641
73124,P,499,0.281
73124,Q,944,0.5316
73124,R,26533,14.9416
73124,S,7021,3.9538
73124,T,2440,1.374
73124,U,1311,0.7383
73124,V,104,0.0586
73124,W,490,0.2759
73124,X,221,0.1245
73124,Y,2118,1.1927
73124,Z,35692,20.0993
73148,A,1149,1.373
73148,B,1348,1.6107
73148,C,1613,1.9274
73148,D,925,1.1053
73148,E,4308,5.1477
73148,F,1604,1.9166
73148,G,2095,2.5033
73148,H,4099,4.898
73148,I,8340,9.9656
73148,J,4412,5.272
73148,K,9665,11.5488
73148,L,2205,2.6348
73148,M,4387,5.2421
73148,N,5056,6.0415
73148,O,1118,1.3359
73148,P,115,0.1374
73148,Q,270,0.3226
73148,R,12819,15.3176
73148,S,3184,3.8046
73148,T,1351,1.6143
73148,U,479,0.5724
73148,V,150,0.1792
73148,W,308,0.368
73148,X,78,0.0932
73148,Y,133,0.1589
73148,Z,12477,14.9089
73152,A,368,0.5329
73152,B,1060,1.5349
73152,C,346,0.501
73152,D,729,1.0556
73152,E,3674,5.32
73152,F,1165,1.6869
73152,G,1480,2.1431
73152,H,2054,2.9742
73152,I,18789,27.2068
73152,J,3387,4.9044
73152,K,4973,7.201
73152,L,1029,1.49
73152,M,3621,5.2433
73152,N,3331,4.8233
73152,O,658,0.9528
73152,P,88,0.1274
73152,Q,165,0.2389
73152,R,6977,10.1028
73152,S,1356,1.9635
73152,T,640,0.9267
73152,U,194,0.2809
73152,V,63,0.0912
73152,W,248,0.3591
73152,X,42,0.0608
73152,Y,171,0.2476
73152,Z,12452,18.0307
73168,A,4296,1.7601
73168,B,2594,1.0628
73168,C,1485,0.6084
73168,D,2165,0.887
73168,E,14514,5.9464
73168,F,3439,1.409
73168,G,3050,1.2496
73168,H,9321,3.8188
73168,I,14300,5.8587
73168,J,9823,4.0245
73168,K,15545,6.3688
73168,L,4580,1.8764
73168,M,11482,4.7042
73168,N,13341,5.4658
73168,O,3177,1.3016
73168,P,328,0.1344
73168,Q,885,0.3626
73168,R,43379,17.7723
73168,S,7515,3.0789
73168,T,2043,0.837
73168,U,3537,1.4491
73168,V,121,0.0496
73168,W,298,0.1221
73168,X,299,0.1225
73168,Y,292,0.1196
73168,Z,72273,29.6101
73200,A,442,1.6198
73200,B,347,1.2716
73200,C,418,1.5318
73200,D,317,1.1617
73200,E,1492,5.4676
73200,F,498,1.825
73200,G,458,1.6784
73200,H,1485,5.442
73200,I,3128,11.4629
73200,J,1338,4.9033
73200,K,4027,14.7574
73200,L,686,2.5139
73200,M,1458,5.343
73200,N,1128,4.1337
73200,O,392,1.4365
73200,P,6,0.022
73200,Q,100,0.3665
73200,R,3593,13.167
73200,S,1215,4.4525
73200,T,282,1.0334
73200,U,306,1.1214
73200,V,85,0.3115
73200,W,110,0.4031
73200,X,88,0.3225
73200,Y,71,0.2602
73200,Z,3818,13.9915
73217,A,1999,1.2953
73217,B,3425,2.2192
73217,C,976,0.6324
73217,D,916,0.5935
73217,E,6311,4.0892
73217,F,2497,1.6179
73217,G,2180,1.4125
73217,H,4254,2.7564
73217,I,17060,11.054
73217,J,8267,5.3566
73217,K,13030,8.4428
73217,L,3028,1.962
73217,M,5456,3.5352
73217,N,9202,5.9624
73217,O,2544,1.6484
73217,P,524,0.3395
73217,Q,449,0.2909
73217,R,24757,16.0413
73217,S,4183,2.7104
73217,T,1715,1.1112
73217,U,229,0.1484
73217,V,144,0.0933
73217,W,451,0.2922
73217,X,98,0.0635
73217,Y,183,0.1186
73217,Z,40455,26.2128
73226,A,591,0.4183
73226,B,3483,2.4654
73226,C,973,0.6887
73226,D,2033,1.439
73226,E,6753,4.78
73226,F,2756,1.9508
73226,G,3288,2.3273
73226,H,3324,2.3528
73226,I,31924,22.5967
73226,J,8395,5.9422
73226,K,14591,10.3279
73226,L,3448,2.4406
73226,M,6130,4.339
73226,N,7922,5.6074
73226,O,1617,1.1446
73226,P,217,0.1536
73226,Q,386,0.2732
73226,R,17931,12.6921
73226,S,3722,2.6345
73226,T,1305,0.9237
73226,U,103,0.0729
73226,V,85,0.0602
73226,W,369,0.2612
73226,X,152,0.1076
73226,Y,163,0.1154
73226,Z,19616,13.8848
73236,A,957,1.1133
73236,B,1131,1.3157
73236,C,582,0.677
73236,D,650,0.7561
73236,E,3051,3.5492
73236,F,1473,1.7135
73236,G,1197,1.3924
73236,H,2468,2.871
73236,I,22748,26.4622
73236,J,3637,4.2308
73236,K,8228,9.5714
73236,L,1109,1.2901
73236,M,2307,2.6837
73236,N,3573,4.1564
73236,O,1330,1.5472
73236,P,97,0.1128
73236,Q,241,0.2803
73236,R,9723,11.3105
73236,S,2322,2.7011
73236,T,681,0.7922
73236,U,179,0.2082
73236,V,107,0.1245
73236,W,210,0.2443
73236,X,114,0.1326
73236,Y,72,0.0838
73236,Z,17777,20.6796
73268,A,28623,1.7876
73268,B,40011,2.4988
73268,C,18023,1.1256
73268,D,18773,1.1724
73268,E,108230,6.7592
73268,F,36741,2.2945
73268,G,29583,1.8475
73268,H,85862,5.3622
73268,I,173633,10.8437
73268,J,93160,5.818
73268,K,146570,9.1536
73268,L,43450,2.7135
73268,M,73303,4.5779
73268,N,99972,6.2434
73268,O,18245,1.1394
73268,P,1874,0.117
73268,Q,6220,0.3885
73268,R,172605,10.7795
73268,S,46846,2.9256
73268,T,13918,0.8692
73268,U,20624,1.288
73268,V,1861,0.1162
73268,W,3049,0.1904
73268,X,1361,0.085
73268,Y,6408,0.4002
73268,Z,312289,19.503
73270,A,733,1.3702
73270,B,1637,3.0602
73270,C,582,1.088
73270,D,784,1.4656
73270,E,2700,5.0473
73270,F,1284,2.4003
73270,G,989,1.8488
73270,H,2079,3.8864
73270,I,8310,15.5345
73270,J,1674,3.1293
73270,K,2874,5.3726
73270,L,1522,2.8452
73270,M,2720,5.0847
73270,N,3795,7.0943
73270,O,570,1.0655
73270,P,55,0.1028
73270,Q,175,0.3271
73270,R,9086,16.9851
73270,S,1804,3.3723
73270,T,755,1.4114
73270,U,176,0.329
73270,V,73,0.1365
73270,W,192,0.3589
73270,X,103,0.1925
73270,Y,41,0.0766
73270,Z,8781,16.4149
73275,A,5748,2.7087
73275,B,7320,3.4495
73275,C,2248,1.0593
73275,D,2388,1.1253
73275,E,14179,6.6817
73275,F,5379,2.5348
73275,G,4623,2.1785
73275,H,11820,5.57
73275,I,11895,5.6054
73275,J,10123,4.7703
73275,K,22627,10.6627
73275,L,5572,2.6257
73275,M,12274,5.784
73275,N,12424,5.8547
73275,O,2440,1.1498
73275,P,208,0.098
73275,Q,796,0.3751
73275,R,32035,15.0961
73275,S,8778,4.1365
73275,T,3979,1.8751
73275,U,2081,0.9806
73275,V,100,0.0471
73275,W,416,0.196
73275,X,165,0.0778
73275,Y,253,0.1192
73275,Z,32336,15.238
73283,A,3808,1.1849
73283,B,5594,1.7407
73283,C,2262,0.7039
73283,D,2792,0.8688
73283,E,13261,4.1264
73283,F,6398,1.9908
73283,G,6401,1.9918
73283,H,8284,2.5777
73283,I,43513,13.5397
73283,J,14095,4.3859
73283,K,32962,10.2566
73283,L,4559,1.4186
73283,M,18000,5.601
73283,N,14881,4.6304
73283,O,4622,1.4382
73283,P,281,0.0874
73283,Q,1102,0.3429
73283,R,44506,13.8487
73283,S,10813,3.3646
73283,T,3740,1.1638
73283,U,2297,0.7147
73283,V,637,0.1982
73283,W,1150,0.3578
73283,X,372,0.1158
73283,Y,506,0.1574
73283,Z,74537,23.1933
73319,A,5093,1.8896
73319,B,8268,3.0676
73319,C,2833,1.0511
73319,D,3597,1.3346
73319,E,12694,4.7098
73319,F,6815,2.5285
73319,G,5920,2.1965
73319,H,14882,5.5216
73319,I,18139,6.73
73319,J,13192,4.8946
73319,K,33493,12.4268
73319,L,7875,2.9218
73319,M,14532,5.3917
73319,N,21461,7.9626
73319,O,3908,1.45
73319,P,422,0.1566
73319,Q,1127,0.4181
73319,R,37863,14.0482
73319,S,9738,3.613
73319,T,2799,1.0385
73319,U,672,0.2493
73319,V,372,0.138
73319,W,781,0.2898
73319,X,262,0.0972
73319,Y,1034,0.3836
73319,Z,41751,15.4907
73347,A,170,0.6023
73347,B,167,0.5917
73347,C,235,0.8327
73347,D,176,0.6236
73347,E,795,2.8169
73347,F,1829,6.4805
73347,G,568,2.0125
73347,H,747,2.6468
73347,I,4859,17.2165
73347,J,1948,6.9022
73347,K,1205,4.2696
73347,L,458,1.6228
73347,M,1578,5.5912
73347,N,2270,8.0431
73347,O,248,0.8787
73347,P,9,0.0319
73347,Q,76,0.2693
73347,R,3794,13.4429
73347,S,906,3.2101
73347,T,436,1.5448
73347,U,88,0.3118
73347,V,30,0.1063
73347,W,91,0.3224
73347,X,41,0.1453
73347,Y,43,0.1524
73347,Z,5456,19.3318
73349,A,7742,2.0399
73349,B,7570,1.9946
73349,C,3388,0.8927
73349,D,4589,1.2091
73349,E,24781,6.5294
73349,F,10380,2.735
73349,G,6122,1.6131
73349,H,23830,6.2789
73349,I,43471,11.454
73349,J,17116,4.5098
73349,K,30575,8.0561
73349,L,9267,2.4417
73349,M,24717,6.5126
73349,N,26908,7.0899
73349,O,4402,1.1599
73349,P,442,0.1165
73349,Q,1866,0.4917
73349,R,51161,13.4802
73349,S,18311,4.8247
73349,T,4498,1.1852
73349,U,1431,0.377
73349,V,944,0.2487
73349,W,1176,0.3099
73349,X,412,0.1086
73349,Y,440,0.1159
73349,Z,53988,14.2251
73352,A,3439,1.4655
73352,B,4713,2.0084
73352,C,1969,0.8391
73352,D,2240,0.9546
73352,E,14414,6.1424
73352,F,5212,2.221
73352,G,6196,2.6404
73352,H,10575,4.5064
73352,I,24884,10.6041
73352,J,10776,4.5921
73352,K,28052,11.9541
73352,L,5367,2.2871
73352,M,15878,6.7662
73352,N,13237,5.6408
73352,O,3139,1.3377
73352,P,176,0.075
73352,Q,676,0.2881
73352,R,26549,11.3136
73352,S,9010,3.8395
73352,T,2608,1.1114
73352,U,2178,0.9281
73352,V,219,0.0933
73352,W,680,0.2898
73352,X,309,0.1317
73352,Y,306,0.1304
73352,Z,41863,17.8395
73408,A,6864,1.0176
73408,B,11800,1.7494
73408,C,5481,0.8126
73408,D,7075,1.0489
73408,E,37371,5.5403
73408,F,26021,3.8576
73408,G,12142,1.8001
73408,H,35719,5.2954
73408,I,51260,7.5993
73408,J,29150,4.3215
73408,K,63371,9.3948
73408,L,15086,2.2365
73408,M,47521,7.045
73408,N,33790,5.0094
73408,O,5178,0.7676
73408,P,588,0.0872
73408,Q,2828,0.4193
73408,R,134133,19.8853
73408,S,19078,2.8283
73408,T,6585,0.9762
73408,U,3546,0.5257
73408,V,751,0.1113
73408,W,1456,0.2159
73408,X,671,0.0995
73408,Y,575,0.0852
73408,Z,116493,17.2702
73411,A,7547,1.051
73411,B,11272,1.5697
73411,C,5790,0.8063
73411,D,8336,1.1609
73411,E,33697,4.6926
73411,F,20536,2.8598
73411,G,12456,1.7346
73411,H,44885,6.2506
73411,I,98557,13.7248
73411,J,21695,3.0212
73411,K,65252,9.0869
73411,L,15159,2.111
73411,M,45703,6.3645
73411,N,40295,5.6114
73411,O,5875,0.8181
73411,P,875,0.1219
73411,Q,3308,0.4607
73411,R,91762,12.7786
73411,S,18213,2.5363
73411,T,6307,0.8783
73411,U,7079,0.9858
73411,V,237,0.033
73411,W,1329,0.1851
73411,X,473,0.0659
73411,Y,767,0.1068
73411,Z,150687,20.9844
73443,A,21650,2.0177
73443,B,40014,3.7291
73443,C,6989,0.6513
73443,D,11011,1.0262
73443,E,66187,6.1683
73443,F,25581,2.384
73443,G,19270,1.7959
73443,H,43168,4.023
73443,I,100497,9.3658
73443,J,42418,3.9531
73443,K,88461,8.2441
73443,L,25851,2.4092
73443,M,83646,7.7954
73443,N,56973,5.3096
73443,O,14408,1.3428
73443,P,808,0.0753
73443,Q,3607,0.3362
73443,R,124211,11.5759
73443,S,37474,3.4924
73443,T,12985,1.2101
73443,U,3492,0.3254
73443,V,1325,0.1235
73443,W,1961,0.1828
73443,X,1075,0.1002
73443,Y,7579,0.7063
73443,Z,232377,21.6564
73449,A,15507,2.7157
73449,B,15517,2.7174
73449,C,5089,0.8912
73449,D,5859,1.0261
73449,E,25959,4.5461
73449,F,9855,1.7259
73449,G,10641,1.8635
73449,H,26902,4.7113
73449,I,50584,8.8586
73449,J,31854,5.5785
73449,K,61090,10.6985
73449,L,16518,2.8927
73449,M,33474,5.8622
73449,N,39604,6.9357
73449,O,6970,1.2206
73449,P,668,0.117
73449,Q,2125,0.3721
73449,R,88031,15.4166
73449,S,20329,3.5601
73449,T,6663,1.1669
73449,U,9888,1.7317
73449,V,680,0.1191
73449,W,1496,0.262
73449,X,375,0.0657
73449,Y,930,0.1629
73449,Z,84408,14.7821
73461,A,470,2.2408
73461,B,258,1.23
73461,C,125,0.5959
73461,D,260,1.2396
73461,E,1113,5.3063
73461,F,461,2.1979
73461,G,555,2.646
73461,H,697,3.323
73461,I,2713,12.9344
73461,J,883,4.2098
73461,K,1065,5.0775
73461,L,394,1.8784
73461,M,1230,5.8641
73461,N,1125,5.3635
73461,O,293,1.3969
73461,P,22,0.1049
73461,Q,99,0.472
73461,R,2173,10.36
73461,S,647,3.0846
73461,T,203,0.9678
73461,U,38,0.1812
73461,V,9,0.0429
73461,W,43,0.205
73461,X,12,0.0572
73461,Y,23,0.1097
73461,Z,6064,28.9106
73483,A,877,1.2046
73483,B,2117,2.9079
73483,C,750,1.0302
73483,D,751,1.0316
73483,E,4041,5.5507
73483,F,1537,2.1112
73483,G,1639,2.2513
73483,H,2581,3.5452
73483,I,8088,11.1096
73483,J,3504,4.8131
73483,K,5801,7.9682
73483,L,1562,2.1455
73483,M,3668,5.0383
73483,N,5101,7.0067
73483,O,949,1.3035
73483,P,25,0.0343
73483,Q,191,0.2624
73483,R,13134,18.0407
73483,S,2080,2.8571
73483,T,587,0.8063
73483,U,325,0.4464
73483,V,63,0.0865
73483,W,111,0.1525
73483,X,78,0.1071
73483,Y,148,0.2033
73483,Z,13094,17.9858
73504,A,2629,1.3495
73504,B,3560,1.8274
73504,C,1388,0.7125
73504,D,2347,1.2048
73504,E,8248,4.2339
73504,F,3304,1.696
73504,G,3033,1.5569
73504,H,8498,4.3622
73504,I,29291,15.0357
73504,J,12813,6.5772
73504,K,10906,5.5983
73504,L,5030,2.582
73504,M,11518,5.9124
73504,N,11791,6.0526
73504,O,2950,1.5143
73504,P,295,0.1514
73504,Q,656,0.3367
73504,R,32645,16.7574
73504,S,5851,3.0034
73504,T,1960,1.0061
73504,U,626,0.3213
73504,V,190,0.0975
73504,W,638,0.3275
73504,X,303,0.1555
73504,Y,134,0.0688
73504,Z,34206,17.5586
73520,A,1195,1.0414
73520,B,1389,1.2105
73520,C,851,0.7416
73520,D,1139,0.9926
73520,E,4027,3.5095
73520,F,2885,2.5142
73520,G,2026,1.7656
73520,H,3316,2.8898
73520,I,19482,16.9782
73520,J,3417,2.9779
73520,K,8397,7.3178
73520,L,3056,2.6633
73520,M,6041,5.2646
73520,N,12731,11.0948
73520,O,1366,1.1904
73520,P,185,0.1612
73520,Q,517,0.4506
73520,R,14525,12.6583
73520,S,3322,2.8951
73520,T,1451,1.2645
73520,U,401,0.3495
73520,V,149,0.1299
73520,W,326,0.2841
73520,X,102,0.0889
73520,Y,164,0.1429
73520,Z,22287,19.4227
73547,A,687,1.214
73547,B,1252,2.2123
73547,C,326,0.5761
73547,D,536,0.9471
73547,E,3528,6.2341
73547,F,1127,1.9914
73547,G,940,1.661
73547,H,3411,6.0274
73547,I,9132,16.1366
73547,J,2447,4.3239
73547,K,8132,14.3695
73547,L,1037,1.8324
73547,M,3270,5.7782
73547,N,2873,5.0767
73547,O,496,0.8764
73547,P,74,0.1308
73547,Q,185,0.3269
73547,R,6763,11.9505
73547,S,1787,3.1577
73547,T,383,0.6768
73547,U,230,0.4064
73547,V,28,0.0495
73547,W,154,0.2721
73547,X,104,0.1838
73547,Y,79,0.1396
73547,Z,7611,13.4489
73555,A,3854,1.6812
73555,B,4238,1.8487
73555,C,1558,0.6796
73555,D,1309,0.571
73555,E,6690,2.9184
73555,F,2506,1.0932
73555,G,3773,1.6459
73555,H,4589,2.0019
73555,I,20301,8.8559
73555,J,14277,6.2281
73555,K,14937,6.516
73555,L,4793,2.0909
73555,M,10158,4.4312
73555,N,13801,6.0204
73555,O,3080,1.3436
73555,P,376,0.164
73555,Q,533,0.2325
73555,R,30994,13.5206
73555,S,7115,3.1038
73555,T,1803,0.7865
73555,U,230,0.1003
73555,V,142,0.0619
73555,W,807,0.352
73555,X,268,0.1169
73555,Y,244,0.1064
73555,Z,76860,33.5288
73563,A,1240,1.308
73563,B,2002,2.1118
73563,C,877,0.9251
73563,D,1000,1.0549
73563,E,5585,5.8914
73563,F,1844,1.9451
73563,G,2629,2.7732
73563,H,5243,5.5306
73563,I,14104,14.8776
73563,J,4837,5.1023
73563,K,10605,11.1867
73563,L,2666,2.8122
73563,M,5074,5.3523
73563,N,5916,6.2405
73563,O,1489,1.5707
73563,P,201,0.212
73563,Q,418,0.4409
73563,R,11244,11.8608
73563,S,3378,3.5633
73563,T,1078,1.1371
73563,U,242,0.2553
73563,V,95,0.1002
73563,W,406,0.4283
73563,X,230,0.2426
73563,Y,78,0.0823
73563,Z,12319,12.9947
73585,A,5249,2.3331
73585,B,6019,2.6753
73585,C,2496,1.1094
73585,D,3673,1.6326
73585,E,13498,5.9996
73585,F,5067,2.2522
73585,G,5616,2.4962
73585,H,13730,6.1028
73585,I,29811,13.2505
73585,J,16651,7.4011
73585,K,16823,7.4776
73585,L,6358,2.826
73585,M,14577,6.4792
73585,N,18246,8.1101
73585,O,2909,1.293
73585,P,299,0.1329
73585,Q,1023,0.4547
73585,R,27620,12.2766
73585,S,7988,3.5505
73585,T,2713,1.2059
73585,U,842,0.3743
73585,V,209,0.0929
73585,W,755,0.3356
73585,X,272,0.1209
73585,Y,202,0.0898
73585,Z,22334,9.9271
73616,A,623,0.853
73616,B,699,0.9571
73616,C,580,0.7941
73616,D,578,0.7914
73616,E,1866,2.5549
73616,F,632,0.8653
73616,G,832,1.1392
73616,H,1905,2.6083
73616,I,5354,7.3307
73616,J,2675,3.6626
73616,K,6985,9.5639
73616,L,1469,2.0114
73616,M,2649,3.627
73616,N,5163,7.0692
73616,O,2215,3.0328
73616,P,123,0.1684
73616,Q,300,0.4108
73616,R,7300,9.9952
73616,S,2122,2.9055
73616,T,789,1.0803
73616,U,238,0.3259
73616,V,44,0.0602
73616,W,167,0.2287
73616,X,127,0.1739
73616,Y,552,0.7558
73616,Z,27048,37.0343
73622,A,354,1.6979
73622,B,670,3.2136
73622,C,159,0.7626
73622,D,286,1.3718
73622,E,1033,4.9547
73622,F,407,1.9521
73622,G,462,2.2159
73622,H,555,2.662
73622,I,1728,8.2882
73622,J,1301,6.2401
73622,K,1538,7.3769
73622,L,481,2.3071
73622,M,1205,5.7797
73622,N,1757,8.4273
73622,O,363,1.7411
73622,P,19,0.0911
73622,Q,134,0.6427
73622,R,1574,7.5495
73622,S,710,3.4054
73622,T,165,0.7914
73622,U,107,0.5132
73622,V,14,0.0671
73622,W,45,0.2158
73622,X,23,0.1103
73622,Y,56,0.2686
73622,Z,5703,27.3538
73624,A,3128,1.7346
73624,B,4664,2.5864
73624,C,1758,0.9749
73624,D,2049,1.1363
73624,E,6405,3.5519
73624,F,5421,3.0062
73624,G,4041,2.2409
73624,H,7442,4.1269
73624,I,16401,9.0951
73624,J,9395,5.21
73624,K,20473,11.3533
73624,L,4050,2.2459
73624,M,9515,5.2765
73624,N,12701,7.0433
73624,O,2936,1.6282
73624,P,233,0.1292
73624,Q,655,0.3632
73624,R,26617,14.7604
73624,S,6197,3.4365
73624,T,2193,1.2161
73624,U,557,0.3089
73624,V,49,0.0272
73624,W,350,0.1941
73624,X,321,0.178
73624,Y,327,0.1813
73624,Z,32449,17.9945
73671,A,2481,2.9775
73671,B,1148,1.3777
73671,C,644,0.7729
73671,D,1086,1.3033
73671,E,4761,5.7137
73671,F,1605,1.9262
73671,G,2011,2.4134
73671,H,4630,5.5565
73671,I,6128,7.3542
73671,J,4771,5.7257
73671,K,6924,8.3095
73671,L,2455,2.9463
73671,M,4172,5.0068
73671,N,5455,6.5466
73671,O,1332,1.5985
73671,P,58,0.0696
73671,Q,282,0.3384
73671,R,9426,11.3122
73671,S,3004,3.6051
73671,T,989,1.1869
73671,U,768,0.9217
73671,V,164,0.1968
73671,W,364,0.4368
73671,X,89,0.1068
73671,Y,201,0.2412
73671,Z,18378,22.0555
73675,A,512,0.542
73675,B,2762,2.924
73675,C,833,0.8819
73675,D,876,0.9274
73675,E,2501,2.6477
73675,F,1441,1.5255
73675,G,2164,2.2909
73675,H,2663,2.8192
73675,I,6501,6.8823
73675,J,3438,3.6396
73675,K,10869,11.5065
73675,L,1884,1.9945
73675,M,4058,4.296
73675,N,3469,3.6725
73675,O,1491,1.5784
73675,P,107,0.1133
73675,Q,417,0.4415
73675,R,10691,11.318
73675,S,2625,2.779
73675,T,791,0.8374
73675,U,4032,4.2685
73675,V,47,0.0498
73675,W,274,0.2901
73675,X,114,0.1207
73675,Y,278,0.2943
73675,Z,29622,31.3593
73678,A,1198,1.0277
73678,B,1978,1.6969
73678,C,1356,1.1633
73678,D,834,0.7155
73678,E,5374,4.6103
73678,F,1666,1.4292
73678,G,1486,1.2748
73678,H,4404,3.7781
73678,I,20017,17.1722
73678,J,4304,3.6923
73678,K,6172,5.2949
73678,L,2094,1.7964
73678,M,5846,5.0152
73678,N,7248,6.2179
73678,O,825,0.7078
73678,P,92,0.0789
73678,Q,326,0.2797
73678,R,14278,12.2489
73678,S,3580,3.0712
73678,T,899,0.7712
73678,U,877,0.7524
73678,V,148,0.127
73678,W,347,0.2977
73678,X,140,0.1201
73678,Y,520,0.4461
73678,Z,30557,26.2143
73686,A,520,1.0581
73686,B,733,1.4916
73686,C,388,0.7895
73686,D,432,0.8791
73686,E,2826,5.7506
73686,F,1258,2.5599
73686,G,912,1.8558
73686,H,1414,2.8773
73686,I,7227,14.7061
73686,J,2493,5.073
73686,K,2259,4.5968
73686,L,918,1.868
73686,M,1925,3.9171
73686,N,4331,8.8131
73686,O,706,1.4366
73686,P,94,0.1913
73686,Q,207,0.4212
73686,R,4679,9.5212
73686,S,1561,3.1764
73686,T,502,1.0215
73686,U,101,0.2055
73686,V,39,0.0794
73686,W,110,0.2238
73686,X,81,0.1648
73686,Y,128,0.2605
73686,Z,13299,27.0618
73770,A,983,1.4709
73770,B,771,1.1537
73770,C,334,0.4998
73770,D,566,0.8469
73770,E,2756,4.1238
73770,F,939,1.405
73770,G,1261,1.8868
73770,H,2357,3.5268
73770,I,15673,23.4517
73770,J,2066,3.0914
73770,K,4868,7.284
73770,L,1385,2.0724
73770,M,1981,2.9642
73770,N,3462,5.1802
73770,O,558,0.8349
73770,P,35,0.0524
73770,Q,169,0.2529
73770,R,5919,8.8567
73770,S,1977,2.9582
73770,T,503,0.7526
73770,U,478,0.7152
73770,V,80,0.1197
73770,W,249,0.3726
73770,X,122,0.1826
73770,Y,118,0.1766
73770,Z,17221,25.768
73854,A,1343,3.0995
73854,B,840,1.9386
73854,C,449,1.0362
73854,D,683,1.5763
73854,E,1890,4.3619
73854,F,1224,2.8248
73854,G,1101,2.541
73854,H,1617,3.7318
73854,I,3133,7.2306
73854,J,2290,5.285
73854,K,4694,10.8331
73854,L,914,2.1094
73854,M,2005,4.6273
73854,N,2253,5.1996
73854,O,685,1.5809
73854,P,18,0.0415
73854,Q,152,0.3508
73854,R,5465,12.6125
73854,S,1473,3.3995
73854,T,470,1.0847
73854,U,27,0.0623
73854,V,41,0.0946
73854,W,150,0.3462
73854,X,92,0.2123
73854,Y,76,0.1754
73854,Z,10245,23.6441
73861,A,2632,2.2097
73861,B,1984,1.6657
73861,C,1116,0.937
73861,D,911,0.7648
73861,E,6524,5.4773
73861,F,4487,3.7671
73861,G,2490,2.0905
73861,H,5954,4.9988
73861,I,10478,8.797
73861,J,4788,4.0198
73861,K,9713,8.1547
73861,L,2377,1.9957
73861,M,7085,5.9483
73861,N,8679,7.2866
73861,O,1299,1.0906
73861,P,56,0.047
73861,Q,342,0.2871
73861,R,21364,17.9365
73861,S,4177,3.5069
73861,T,2260,1.8974
73861,U,479,0.4022
73861,V,114,0.0957
73861,W,310,0.2603
73861,X,155,0.1301
73861,Y,137,0.115
73861,Z,19198,16.118
73870,A,551,1.1242
73870,B,521,1.063
73870,C,486,0.9916
73870,D,533,1.0875
73870,E,2893,5.9026
73870,F,1136,2.3178
73870,G,717,1.4629
73870,H,2077,4.2377
73870,I,8630,17.6079
73870,J,1546,3.1543
73870,K,3537,7.2166
73870,L,889,1.8138
73870,M,3430,6.9983
73870,N,3478,7.0962
73870,O,468,0.9549
73870,P,57,0.1163
73870,Q,253,0.5162
73870,R,7702,15.7145
73870,S,1604,3.2727
73870,T,457,0.9324
73870,U,534,1.0895
73870,V,21,0.0428
73870,W,144,0.2938
73870,X,37,0.0755
73870,Y,84,0.1714
73870,Z,7227,14.7454
73873,A,139,0.5253
73873,B,484,1.829
73873,C,212,0.8011
73873,D,190,0.718
73873,E,846,3.197
73873,F,729,2.7549
73873,G,416,1.5721
73873,H,755,2.8531
73873,I,6686,25.2664
73873,J,936,3.5371
73873,K,3233,12.2175
73873,L,329,1.2433
73873,M,722,2.7284
73873,N,1099,4.1531
73873,O,312,1.179
73873,P,19,0.0718
73873,Q,87,0.3288
73873,R,2841,10.7361
73873,S,660,2.4941
73873,T,456,1.7232
73873,U,61,0.2305
73873,V,9,0.034
73873,W,61,0.2305
73873,X,15,0.0567
73873,Y,43,0.1625
73873,Z,5122,19.3561
76001,A,589600,1.9533
76001,B,1108988,3.674
76001,C,631529,2.0922
76001,D,405064,1.3419
76001,E,1537867,5.0948
76001,F,849060,2.8129
76001,G,836676,2.7718
76001,H,1246628,4.13
76001,I,2881813,9.5472
76001,J,1567623,5.1934
76001,K,1949946,6.46
76001,L,711046,2.3556
76001,M,2128094,7.0502
76001,N,1747343,5.7888
76001,O,299437,0.992
76001,P,48599,0.161
76001,Q,150837,0.4997
76001,R,3506058,11.6153
76001,S,1151883,3.8161
76001,T,353867,1.1723
76001,U,434223,1.4385
76001,V,4234,0.014
76001,W,28927,0.0958
76001,X,12147,0.0402
76001,Y,152674,0.5058
76001,Z,5850731,19.383
76020,A,3041,1.6726
76020,B,5639,3.1016
76020,C,1694,0.9317
76020,D,2539,1.3965
76020,E,8415,4.6284
76020,F,5323,2.9277
76020,G,6178,3.398
76020,H,11817,6.4996
76020,I,22508,12.3798
76020,J,12522,6.8873
76020,K,14600,8.0303
76020,L,4807,2.6439
76020,M,11206,6.1635
76020,N,10842,5.9633
76020,O,2641,1.4526
76020,P,340,0.187
76020,Q,743,0.4087
76020,R,14660,8.0633
76020,S,7054,3.8798
76020,T,2830,1.5566
76020,U,1019,0.5605
76020,V,9,0.005
76020,W,123,0.0677
76020,X,41,0.0226
76020,Y,287,0.1579
76020,Z,30934,17.0143
76036,A,4732,1.4313
76036,B,6342,1.9183
76036,C,3668,1.1095
76036,D,3310,1.0012
76036,E,21908,6.6265
76036,F,11035,3.3377
76036,G,10429,3.1545
76036,H,14062,4.2533
76036,I,35536,10.7486
76036,J,18782,5.681
76036,K,21571,6.5246
76036,L,6749,2.0414
76036,M,23147,7.0013
76036,N,35098,10.6161
76036,O,4465,1.3505
76036,P,249,0.0753
76036,Q,3107,0.9398
76036,R,46579,14.0887
76036,S,11096,3.3562
76036,T,6898,2.0864
76036,U,3071,0.9289
76036,V,27,0.0082
76036,W,648,0.196
76036,X,152,0.046
76036,Y,389,0.1177
76036,Z,37562,11.3614
76041,A,3339,1.139
76041,B,4998,1.7049
76041,C,2385,0.8136
76041,D,3887,1.3259
76041,E,16735,5.7085
76041,F,7294,2.4881
76041,G,7429,2.5341
76041,H,14737,5.027
76041,I,42635,14.5434
76041,J,17887,6.1015
76041,K,35401,12.0758
76041,L,5185,1.7687
76041,M,19061,6.502
76041,N,13253,4.5208
76041,O,3105,1.0592
76041,P,262,0.0894
76041,Q,686,0.234
76041,R,31961,10.9023
76041,S,10888,3.7141
76041,T,3849,1.3129
76041,U,3278,1.1182
76041,V,34,0.0116
76041,W,617,0.2105
76041,X,146,0.0498
76041,Y,407,0.1388
76041,Z,43698,14.906
76054,A,439,0.5426
76054,B,602,0.7441
76054,C,1133,1.4004
76054,D,569,0.7033
76054,E,4392,5.4287
76054,F,1139,1.4079
76054,G,2890,3.5722
76054,H,2371,2.9307
76054,I,28260,34.9307
76054,J,3138,3.8787
76054,K,9026,11.1566
76054,L,1808,2.2348
76054,M,3379,4.1766
76054,N,3364,4.1581
76054,O,764,0.9443
76054,P,89,0.11
76054,Q,280,0.3461
76054,R,4374,5.4065
76054,S,2772,3.4263
76054,T,731,0.9036
76054,U,316,0.3906
76054,V,60,0.0742
76054,W,189,0.2336
76054,X,34,0.042
76054,Y,211,0.2608
76054,Z,8573,10.5966
76100,A,3202,2.1098
76100,B,5413,3.5666
76100,C,2325,1.5319
76100,D,1935,1.275
76100,E,10348,6.8183
76100,F,3371,2.2212
76100,G,3534,2.3286
76100,H,6418,4.2288
76100,I,18327,12.0757
76100,J,9777,6.4421
76100,K,12065,7.9496
76100,L,2957,1.9484
76100,M,7844,5.1684
76100,N,8010,5.2778
76100,O,2109,1.3896
76100,P,147,0.0969
76100,Q,445,0.2932
76100,R,21985,14.4859
76100,S,4079,2.6877
76100,T,1733,1.1419
76100,U,1084,0.7142
76100,V,24,0.0158
76100,W,64,0.0422
76100,X,32,0.0211
76100,Y,249,0.1641
76100,Z,24291,16.0054
76109,A,21468,1.0033
76109,B,77025,3.5998
76109,C,41891,1.9578
76109,D,39005,1.8229
76109,E,102598,4.7949
76109,F,40969,1.9147
76109,G,87169,4.0739
76109,H,60513,2.8281
76109,I,420784,19.6654
76109,J,79724,3.7259
76109,K,108934,5.0911
76109,L,41612,1.9447
76109,M,87450,4.087
76109,N,180398,8.4309
76109,O,45157,2.1104
76109,P,4946,0.2312
76109,Q,13453,0.6287
76109,R,196089,9.1643
76109,S,45316,2.1179
76109,T,68820,3.2163
76109,U,17127,0.8004
76109,V,445,0.0208
76109,W,1580,0.0738
76109,X,960,0.0449
76109,Y,2560,0.1196
76109,Z,353721,16.5312
76111,A,43482,1.2563
76111,B,79813,2.306
76111,C,51146,1.4778
76111,D,35405,1.023
76111,E,244287,7.0582
76111,F,90293,2.6088
76111,G,66532,1.9223
76111,H,150953,4.3615
76111,I,517177,14.9428
76111,J,140778,4.0675
76111,K,217937,6.2968
76111,L,66717,1.9276
76111,M,228874,6.6128
76111,N,266810,7.7089
76111,O,32927,0.9514
76111,P,6266,0.181
76111,Q,13706,0.396
76111,R,336236,9.7148
76111,S,134252,3.8789
76111,T,42998,1.2423
76111,U,142459,4.1161
76111,V,868,0.0251
76111,W,3498,0.1011
76111,X,1773,0.0512
76111,Y,5908,0.1707
76111,Z,539961,15.601
76113,A,6178,1.2733
76113,B,10847,2.2356
76113,C,6145,1.2665
76113,D,4530,0.9336
76113,E,27875,5.7451
76113,F,13069,2.6936
76113,G,12204,2.5153
76113,H,18974,3.9106
76113,I,53185,10.9615
76113,J,20719,4.2702
76113,K,44235,9.1169
76113,L,9105,1.8766
76113,M,39664,8.1748
76113,N,36994,7.6245
76113,O,5564,1.1468
76113,P,227,0.0468
76113,Q,1359,0.2801
76113,R,63440,13.0751
76113,S,16280,3.3553
76113,T,8342,1.7193
76113,U,7254,1.4951
76113,V,158,0.0326
76113,W,740,0.1525
76113,X,261,0.0538
76113,Y,708,0.1459
76113,Z,77139,15.8985
76122,A,5532,1.0667
76122,B,16510,3.1835
76122,C,7122,1.3733
76122,D,5366,1.0347
76122,E,25409,4.8994
76122,F,13746,2.6505
76122,G,11757,2.267
76122,H,22908,4.4171
76122,I,48823,9.4141
76122,J,33079,6.3783
76122,K,43847,8.4546
76122,L,12097,2.3325
76122,M,27279,5.2599
76122,N,42422,8.1798
76122,O,4827,0.9307
76122,P,477,0.092
76122,Q,1754,0.3382
76122,R,50524,9.742
76122,S,18015,3.4737
76122,T,6391,1.2323
76122,U,6366,1.2275
76122,V,112,0.0216
76122,W,1140,0.2198
76122,X,239,0.0461
76122,Y,979,0.1888
76122,Z,111897,21.576
76126,A,2306,1.1566
76126,B,6727,3.3739
76126,C,3288,1.6491
76126,D,2405,1.2062
76126,E,10906,5.4698
76126,F,3024,1.5167
76126,G,4702,2.3582
76126,H,7387,3.7049
76126,I,33302,16.7023
76126,J,8590,4.3082
76126,K,13672,6.8571
76126,L,4136,2.0744
76126,M,11363,5.699
76126,N,12054,6.0456
76126,O,1988,0.9971
76126,P,536,0.2688
76126,Q,917,0.4599
76126,R,26039,13.0596
76126,S,7070,3.5459
76126,T,3058,1.5337
76126,U,2397,1.2022
76126,V,18,0.009
76126,W,540,0.2708
76126,X,170,0.0853
76126,Y,672,0.337
76126,Z,32119,16.109
76130,A,21493,1.4861
76130,B,39775,2.7502
76130,C,25088,1.7347
76130,D,17845,1.2339
76130,E,80615,5.5739
76130,F,37009,2.5589
76130,G,40335,2.7889
76130,H,59200,4.0932
76130,I,145434,10.0557
76130,J,51696,3.5744
76130,K,141650,9.7941
76130,L,27223,1.8823
76130,M,99782,6.8992
76130,N,107688,7.4458
76130,O,13623,0.9419
76130,P,1984,0.1372
76130,Q,10830,0.7488
76130,R,139821,9.6676
76130,S,56438,3.9023
76130,T,18011,1.2453
76130,U,20753,1.4349
76130,V,548,0.0379
76130,W,1726,0.1193
76130,X,1047,0.0724
76130,Y,8472,0.5858
76130,Z,278198,19.2354
76147,A,28549,1.2908
76147,B,45918,2.0761
76147,C,30295,1.3697
76147,D,27459,1.2415
76147,E,112767,5.0985
76147,F,92616,4.1875
76147,G,50748,2.2945
76147,H,136471,6.1703
76147,I,307838,13.9183
76147,J,105599,4.7745
76147,K,169591,7.6677
76147,L,48802,2.2065
76147,M,159154,7.1959
76147,N,115336,5.2147
76147,O,18936,0.8562
76147,P,2184,0.0987
76147,Q,5945,0.2688
76147,R,237269,10.7277
76147,S,77571,3.5072
76147,T,26763,1.21
76147,U,49941,2.258
76147,V,521,0.0236
76147,W,3661,0.1655
76147,X,1133,0.0512
76147,Y,6652,0.3008
76147,Z,350028,15.8259
76233,A,4324,1.7075
76233,B,4500,1.777
76233,C,5626,2.2217
76233,D,4302,1.6988
76233,E,19471,7.689
76233,F,3589,1.4173
76233,G,4529,1.7885
76233,H,13075,5.1632
76233,I,35658,14.0812
76233,J,11624,4.5903
76233,K,21064,8.3181
76233,L,5119,2.0215
76233,M,13102,5.1739
76233,N,14164,5.5933
76233,O,3622,1.4303
76233,P,527,0.2081
76233,Q,931,0.3676
76233,R,27010,10.6661
76233,S,11561,4.5654
76233,T,3013,1.1898
76233,U,11200,4.4228
76233,V,62,0.0245
76233,W,190,0.075
76233,X,139,0.0549
76233,Y,212,0.0837
76233,Z,34618,13.6705
76243,A,794,1.9824
76243,B,713,1.7801
76243,C,459,1.146
76243,D,490,1.2234
76243,E,1125,2.8088
76243,F,877,2.1896
76243,G,684,1.7077
76243,H,1435,3.5828
76243,I,7271,18.1534
76243,J,2422,6.047
76243,K,3432,8.5686
76243,L,787,1.9649
76243,M,1887,4.7113
76243,N,1949,4.8661
76243,O,398,0.9937
76243,P,16,0.0399
76243,Q,123,0.3071
76243,R,3384,8.4488
76243,S,1304,3.2557
76243,T,763,1.905
76243,U,477,1.1909
76243,V,9,0.0225
76243,W,138,0.3445
76243,X,60,0.1498
76243,Y,28,0.0699
76243,Z,9028,22.5401
76246,A,463,0.9629
76246,B,884,1.8385
76246,C,459,0.9546
76246,D,608,1.2645
76246,E,2441,5.0767
76246,F,1470,3.0573
76246,G,1138,2.3668
76246,H,2654,5.5197
76246,I,11172,23.2353
76246,J,2786,5.7943
76246,K,4176,8.6852
76246,L,1065,2.215
76246,M,2595,5.397
76246,N,2845,5.917
76246,O,866,1.8011
76246,P,51,0.1061
76246,Q,116,0.2413
76246,R,4098,8.5229
76246,S,1707,3.5502
76246,T,850,1.7678
76246,U,82,0.1705
76246,V,2,0.0042
76246,W,24,0.0499
76246,X,53,0.1102
76246,Y,79,0.1643
76246,Z,5398,11.2267
76248,A,12709,1.1866
76248,B,23329,2.1782
76248,C,13579,1.2679
76248,D,11149,1.041
76248,E,61484,5.7408
76248,F,23678,2.2108
76248,G,33928,3.1679
76248,H,43042,4.0189
76248,I,135729,12.6731
76248,J,45163,4.2169
76248,K,107516,10.0388
76248,L,19296,1.8017
76248,M,73416,6.8549
76248,N,105267,9.8288
76248,O,9427,0.8802
76248,P,766,0.0715
76248,Q,4200,0.3922
76248,R,125533,11.7211
76248,S,38930,3.6349
76248,T,12311,1.1495
76248,U,13797,1.2882
76248,V,534,0.0499
76248,W,1849,0.1726
76248,X,542,0.0506
76248,Y,13254,1.2375
76248,Z,140574,13.1255
76250,A,505,1.8043
76250,B,648,2.3152
76250,C,451,1.6113
76250,D,439,1.5685
76250,E,1535,5.4843
76250,F,757,2.7046
76250,G,810,2.894
76250,H,1395,4.9841
76250,I,1161,4.1481
76250,J,1773,6.3346
76250,K,2916,10.4184
76250,L,632,2.258
76250,M,1697,6.0631
76250,N,2086,7.4529
76250,O,604,2.158
76250,P,48,0.1715
76250,Q,113,0.4037
76250,R,3639,13.0015
76250,S,1270,4.5375
76250,T,775,2.7689
76250,U,608,2.1723
76250,V,61,0.2179
76250,W,137,0.4895
76250,X,51,0.1822
76250,Y,37,0.1322
76250,Z,3841,13.7232
76275,A,8651,1.8581
76275,B,7632,1.6392
76275,C,7336,1.5756
76275,D,6467,1.389
76275,E,30824,6.6204
76275,F,10347,2.2223
76275,G,11429,2.4547
76275,H,18535,3.9809
76275,I,63572,13.654
76275,J,28721,6.1687
76275,K,44328,9.5208
76275,L,8311,1.785
76275,M,27237,5.85
76275,N,27929,5.9986
76275,O,4069,0.8739
76275,P,689,0.148
76275,Q,1633,0.3507
76275,R,56262,12.0839
76275,S,17303,3.7163
76275,T,4042,0.8681
76275,U,2962,0.6362
76275,V,101,0.0217
76275,W,662,0.1422
76275,X,197,0.0423
76275,Y,514,0.1104
76275,Z,75840,16.2889
76306,A,4345,2.2702
76306,B,4096,2.1401
76306,C,2821,1.4739
76306,D,1883,0.9838
76306,E,9293,4.8555
76306,F,5342,2.7911
76306,G,3561,1.8606
76306,H,8895,4.6475
76306,I,26753,13.9781
76306,J,10021,5.2359
76306,K,15512,8.1048
76306,L,4202,2.1955
76306,M,8885,4.6423
76306,N,14844,7.7558
76306,O,2327,1.2158
76306,P,122,0.0637
76306,Q,704,0.3678
76306,R,25611,13.3814
76306,S,9340,4.88
76306,T,3734,1.951
76306,U,3107,1.6234
76306,V,57,0.0298
76306,W,822,0.4295
76306,X,191,0.0998
76306,Y,355,0.1855
76306,Z,24569,12.837
76318,A,3951,1.1455
76318,B,7618,2.2086
76318,C,4853,1.407
76318,D,4740,1.3742
76318,E,15389,4.4615
76318,F,11860,3.4384
76318,G,11412,3.3085
76318,H,12655,3.6689
76318,I,38857,11.2653
76318,J,16258,4.7135
76318,K,26800,7.7698
76318,L,9218,2.6725
76318,M,21905,6.3507
76318,N,25876,7.5019
76318,O,4298,1.2461
76318,P,582,0.1687
76318,Q,1290,0.374
76318,R,45472,13.1832
76318,S,14526,4.2114
76318,T,7270,2.1077
76318,U,3749,1.0869
76318,V,58,0.0168
76318,W,686,0.1989
76318,X,355,0.1029
76318,Y,2910,0.8437
76318,Z,52337,15.1734
76364,A,22209,1.6948
76364,B,24821,1.8942
76364,C,20519,1.5659
76364,D,15972,1.2189
76364,E,56197,4.2886
76364,F,27990,2.136
76364,G,32620,2.4893
76364,H,53875,4.1114
76364,I,119781,9.1409
76364,J,62680,4.7833
76364,K,88480,6.7522
76364,L,32934,2.5133
76364,M,72401,5.5251
76364,N,60615,4.6257
76364,O,17908,1.3666
76364,P,4131,0.3152
76364,Q,6312,0.4817
76364,R,168809,12.8823
76364,S,47643,3.6358
76364,T,19701,1.5034
76364,U,57574,4.3936
76364,V,147,0.0112
76364,W,1174,0.0896
76364,X,222,0.0169
76364,Y,5789,0.4418
76364,Z,289888,22.1222
76377,A,2411,1.4936
76377,B,3644,2.2575
76377,C,2225,1.3784
76377,D,1637,1.0141
76377,E,6512,4.0342
76377,F,3698,2.2909
76377,G,3539,2.1924
76377,H,9330,5.78
76377,I,25578,15.8456
76377,J,7424,4.5992
76377,K,18329,11.3549
76377,L,4116,2.5499
76377,M,9874,6.117
76377,N,9478,5.8716
76377,O,1850,1.1461
76377,P,189,0.1171
76377,Q,381,0.236
76377,R,17465,10.8196
76377,S,5872,3.6377
76377,T,2164,1.3406
76377,U,670,0.4151
76377,V,133,0.0824
76377,W,339,0.21
76377,X,104,0.0644
76377,Y,115,0.0712
76377,Z,24343,15.0805
76400,A,10109,1.3714
76400,B,17640,2.3931
76400,C,8973,1.2173
76400,D,10403,1.4113
76400,E,48786,6.6185
76400,F,16268,2.207
76400,G,17633,2.3922
76400,H,37107,5.0341
76400,I,100686,13.6594
76400,J,39319,5.3341
76400,K,68161,9.2469
76400,L,16935,2.2975
76400,M,47141,6.3953
76400,N,46233,6.2721
76400,O,8850,1.2006
76400,P,851,0.1154
76400,Q,2032,0.2757
76400,R,94525,12.8236
76400,S,22884,3.1045
76400,T,9337,1.2667
76400,U,4198,0.5695
76400,V,515,0.0699
76400,W,1308,0.1774
76400,X,281,0.0381
76400,Y,983,0.1334
76400,Z,105961,14.375
76403,A,1998,0.9281
76403,B,6637,3.0828
76403,C,2485,1.1543
76403,D,3155,1.4655
76403,E,13828,6.423
76403,F,4600,2.1367
76403,G,6190,2.8752
76403,H,10966,5.0936
76403,I,38753,18.0005
76403,J,12688,5.8935
76403,K,20808,9.6652
76403,L,5086,2.3624
76403,M,14068,6.5345
76403,N,13889,6.4514
76403,O,2393,1.1115
76403,P,338,0.157
76403,Q,525,0.2439
76403,R,20556,9.5481
76403,S,8402,3.9027
76403,T,3158,1.4669
76403,U,3685,1.7117
76403,V,97,0.0451
76403,W,403,0.1872
76403,X,151,0.0701
76403,Y,149,0.0692
76403,Z,20280,9.4199
76497,A,2556,0.9147
76497,B,6710,2.4012
76497,C,3151,1.1276
76497,D,3232,1.1566
76497,E,17656,6.3182
76497,F,7855,2.8109
76497,G,7743,2.7708
76497,H,15348,5.4923
76497,I,39962,14.3003
76497,J,15629,5.5928
76497,K,24210,8.6635
76497,L,6954,2.4885
76497,M,20796,7.4418
76497,N,15411,5.5148
76497,O,3565,1.2757
76497,P,107,0.0383
76497,Q,687,0.2458
76497,R,36890,13.201
76497,S,9424,3.3724
76497,T,3474,1.2432
76497,U,2405,0.8606
76497,V,40,0.0143
76497,W,537,0.1922
76497,X,250,0.0895
76497,Y,551,0.1972
76497,Z,34305,12.276
76520,A,70502,1.0423
76520,B,207772,3.0718
76520,C,117941,1.7437
76520,D,99214,1.4668
76520,E,517988,7.6582
76520,F,224455,3.3185
76520,G,280640,4.1491
76520,H,354083,5.2349
76520,I,996042,14.726
76520,J,267460,3.9543
76520,K,390346,5.7711
76520,L,144352,2.1342
76520,M,478368,7.0724
76520,N,501025,7.4074
76520,O,73777,1.0908
76520,P,10804,0.1597
76520,Q,38090,0.5631
76520,R,544780,8.0543
76520,S,208049,3.0759
76520,T,78488,1.1604
76520,U,54921,0.812
76520,V,2015,0.0298
76520,W,8456,0.125
76520,X,3033,0.0448
76520,Y,14893,0.2202
76520,Z,1076347,15.9133
76563,A,8670,1.506
76563,B,13606,2.3634
76563,C,8714,1.5137
76563,D,7198,1.2503
76563,E,28237,4.9049
76563,F,16606,2.8845
76563,G,16450,2.8574
76563,H,24133,4.192
76563,I,43671,7.5859
76563,J,30083,5.2256
76563,K,50595,8.7886
76563,L,9595,1.6667
76563,M,40158,6.9756
76563,N,41720,7.247
76563,O,7370,1.2802
76563,P,510,0.0886
76563,Q,1847,0.3208
76563,R,59068,10.2604
76563,S,22467,3.9026
76563,T,9083,1.5778
76563,U,35764,6.2124
76563,V,155,0.0269
76563,W,922,0.1602
76563,X,263,0.0457
76563,Y,3799,0.6599
76563,Z,95006,16.503
76606,A,2993,1.463
76606,B,4861,2.3761
76606,C,1813,0.8862
76606,D,2061,1.0074
76606,E,10319,5.0441
76606,F,4360,2.1312
76606,G,4258,2.0814
76606,H,9519,4.653
76606,I,34250,16.7419
76606,J,7563,3.6969
76606,K,14866,7.2667
76606,L,4063,1.986
76606,M,11627,5.6834
76606,N,13470,6.5843
76606,O,2651,1.2958
76606,P,228,0.1114
76606,Q,867,0.4238
76606,R,27716,13.548
76606,S,5902,2.885
76606,T,3209,1.5686
76606,U,59,0.0288
76606,V,71,0.0347
76606,W,543,0.2654
76606,X,89,0.0435
76606,Y,307,0.1501
76606,Z,36912,18.0431
76616,A,2955,2.2591
76616,B,5145,3.9334
76616,C,915,0.6995
76616,D,2078,1.5886
76616,E,6367,4.8676
76616,F,2557,1.9548
76616,G,3216,2.4587
76616,H,5627,4.3019
76616,I,7537,5.7621
76616,J,7171,5.4823
76616,K,11262,8.6099
76616,L,2702,2.0657
76616,M,6237,4.7682
76616,N,9530,7.2858
76616,O,2953,2.2576
76616,P,149,0.1139
76616,Q,825,0.6307
76616,R,20503,15.6747
76616,S,5530,4.2277
76616,T,2588,1.9785
76616,U,774,0.5917
76616,V,27,0.0206
76616,W,341,0.2607
76616,X,93,0.0711
76616,Y,203,0.1552
76616,Z,23518,17.9797
76622,A,5395,0.9352
76622,B,14173,2.4569
76622,C,8198,1.4211
76622,D,9572,1.6593
76622,E,42550,7.3761
76622,F,17098,2.9639
76622,G,12004,2.0809
76622,H,23632,4.0966
76622,I,73983,12.825
76622,J,26898,4.6628
76622,K,40583,7.0351
76622,L,12812,2.221
76622,M,29639,5.1379
76622,N,39099,6.7778
76622,O,7545,1.3079
76622,P,941,0.1631
76622,Q,2860,0.4958
76622,R,71510,12.3963
76622,S,21202,3.6754
76622,T,7594,1.3164
76622,U,6516,1.1296
76622,V,253,0.0439
76622,W,960,0.1664
76622,X,148,0.0257
76622,Y,3848,0.6671
76622,Z,97853,16.9629
76670,A,2905,1.207
76670,B,8568,3.5599
76670,C,3233,1.3433
76670,D,2617,1.0873
76670,E,16931,7.0347
76670,F,8614,3.579
76670,G,4895,2.0338
76670,H,8988,3.7344
76670,I,36980,15.3648
76670,J,11976,4.9759
76670,K,20481,8.5096
76670,L,4896,2.0342
76670,M,12564,5.2202
76670,N,17478,7.2619
76670,O,2909,1.2087
76670,P,361,0.15
76670,Q,817,0.3395
76670,R,31164,12.9483
76670,S,9014,3.7452
76670,T,3837,1.5942
76670,U,5366,2.2295
76670,V,20,0.0083
76670,W,539,0.2239
76670,X,349,0.145
76670,Y,332,0.1379
76670,Z,24846,10.3233
76736,A,19859,1.3325
76736,B,27318,1.833
76736,C,13922,0.9341
76736,D,14036,0.9418
76736,E,82006,5.5024
76736,F,40498,2.7173
76736,G,36651,2.4592
76736,H,45684,3.0653
76736,I,218042,14.6302
76736,J,63831,4.2829
76736,K,102636,6.8867
76736,L,27588,1.8511
76736,M,105061,7.0494
76736,N,163245,10.9534
76736,O,11638,0.7809
76736,P,1332,0.0894
76736,Q,4364,0.2928
76736,R,103027,6.9129
76736,S,39106,2.6239
76736,T,17387,1.1666
76736,U,20870,1.4003
76736,V,333,0.0223
76736,W,2421,0.1624
76736,X,666,0.0447
76736,Y,1351,0.0906
76736,Z,327486,21.9736
76823,A,1726,0.8802
76823,B,5212,2.6579
76823,C,1982,1.0108
76823,D,2480,1.2647
76823,E,7815,3.9854
76823,F,4413,2.2505
76823,G,3694,1.8838
76823,H,10332,5.269
76823,I,49910,25.4523
76823,J,11341,5.7835
76823,K,12356,6.3011
76823,L,3639,1.8558
76823,M,10423,5.3154
76823,N,12528,6.3888
76823,O,1909,0.9735
76823,P,111,0.0566
76823,Q,679,0.3463
76823,R,13650,6.961
76823,S,6264,3.1944
76823,T,2406,1.227
76823,U,1081,0.5513
76823,V,21,0.0107
76823,W,78,0.0398
76823,X,18,0.0092
76823,Y,245,0.1249
76823,Z,31779,16.2062
76828,A,6775,1.9385
76828,B,11132,3.1851
76828,C,4677,1.3382
76828,D,5004,1.4317
76828,E,14992,4.2895
76828,F,5950,1.7024
76828,G,7813,2.2354
76828,H,19581,5.6025
76828,I,38988,11.1552
76828,J,16114,4.6105
76828,K,26783,7.6631
76828,L,7566,2.1648
76828,M,25353,7.254
76828,N,27030,7.7338
76828,O,4414,1.2629
76828,P,331,0.0947
76828,Q,1587,0.4541
76828,R,45496,13.0172
76828,S,11497,3.2895
76828,T,5724,1.6377
76828,U,3422,0.9791
76828,V,105,0.03
76828,W,1003,0.287
76828,X,447,0.1279
76828,Y,341,0.0976
76828,Z,57381,16.4177
76834,A,51314,1.3711
76834,B,111924,2.9906
76834,C,60303,1.6113
76834,D,44725,1.195
76834,E,249001,6.6533
76834,F,145748,3.8944
76834,G,111636,2.9829
76834,H,155854,4.1644
76834,I,361364,9.6556
76834,J,154636,4.1319
76834,K,283328,7.5705
76834,L,69795,1.8649
76834,M,250595,6.6959
76834,N,312995,8.3632
76834,O,56055,1.4978
76834,P,6614,0.1767
76834,Q,16137,0.4312
76834,R,377569,10.0886
76834,S,157452,4.2071
76834,T,82290,2.1988
76834,U,57108,1.5259
76834,V,1185,0.0317
76834,W,4344,0.1161
76834,X,1837,0.0491
76834,Y,10761,0.2875
76834,Z,607958,16.2446
76845,A,620,2.5757
76845,B,1166,4.844
76845,C,229,0.9514
76845,D,260,1.0801
76845,E,904,3.7556
76845,F,574,2.3846
76845,G,693,2.879
76845,H,1359,5.6458
76845,I,3717,15.4418
76845,J,1247,5.1805
76845,K,1960,8.1426
76845,L,574,2.3846
76845,M,1286,5.3425
76845,N,1212,5.0351
76845,O,245,1.0178
76845,P,13,0.054
76845,Q,63,0.2617
76845,R,1799,7.4737
76845,S,826,3.4315
76845,T,567,2.3555
76845,U,1901,7.8975
76845,V,1,0.0042
76845,W,49,0.2036
76845,X,18,0.0748
76845,Y,146,0.6065
76845,Z,2642,10.9759
76863,A,645,1.0848
76863,B,1489,2.5042
76863,C,463,0.7787
76863,D,714,1.2008
76863,E,2169,3.6479
76863,F,1175,1.9762
76863,G,1596,2.6842
76863,H,1915,3.2207
76863,I,7315,12.3026
76863,J,5693,9.5747
76863,K,6033,10.1465
76863,L,1399,2.3529
76863,M,3075,5.1716
76863,N,5463,9.1878
76863,O,904,1.5204
76863,P,23,0.0387
76863,Q,174,0.2926
76863,R,5727,9.6318
76863,S,3075,5.1716
76863,T,954,1.6045
76863,U,146,0.2455
76863,V,10,0.0168
76863,W,141,0.2371
76863,X,25,0.042
76863,Y,111,0.1867
76863,Z,9025,15.1785
76869,A,1737,1.3546
76869,B,2358,1.8389
76869,C,2279,1.7772
76869,D,1339,1.0442
76869,E,6948,5.4183
76869,F,3237,2.5243
76869,G,2245,1.7507
76869,H,3672,2.8636
76869,I,23517,18.3394
76869,J,4809,3.7502
76869,K,10434,8.1368
76869,L,2165,1.6883
76869,M,5148,4.0146
76869,N,6154,4.7991
76869,O,1525,1.1893
76869,P,167,0.1302
76869,Q,376,0.2932
76869,R,14897,11.6172
76869,S,5506,4.2938
76869,T,1618,1.2618
76869,U,8244,6.429
76869,V,97,0.0756
76869,W,276,0.2152
76869,X,56,0.0437
76869,Y,122,0.0951
76869,Z,19306,15.0555
76890,A,5771,1.5734
76890,B,9208,2.5105
76890,C,4774,1.3016
76890,D,4711,1.2844
76890,E,26163,7.1331
76890,F,6376,1.7384
76890,G,6888,1.8779
76890,H,13851,3.7763
76890,I,68326,18.6285
76890,J,18045,4.9198
76890,K,24315,6.6293
76890,L,7111,1.9387
76890,M,22004,5.9992
76890,N,22450,6.1208
76890,O,5001,1.3635
76890,P,417,0.1137
76890,Q,1142,0.3114
76890,R,44072,12.0158
76890,S,10117,2.7583
76890,T,8727,2.3793
76890,U,13159,3.5877
76890,V,135,0.0368
76890,W,775,0.2113
76890,X,184,0.0502
76890,Y,795,0.2167
76890,Z,42266,11.5234
76892,A,16402,1.358
76892,B,33449,2.7694
76892,C,26530,2.1966
76892,D,17302,1.4325
76892,E,87376,7.2343
76892,F,22148,1.8338
76892,G,28382,2.3499
76892,H,47419,3.9261
76892,I,129293,10.7049
76892,J,71867,5.9502
76892,K,105344,8.722
76892,L,30964,2.5637
76892,M,97563,8.0778
76892,N,73902,6.1187
76892,O,13114,1.0858
76892,P,2286,0.1893
76892,Q,4634,0.3837
76892,R,128275,10.6206
76892,S,50448,4.1769
76892,T,14316,1.1853
76892,U,15456,1.2797
76892,V,285,0.0236
76892,W,1798,0.1489
76892,X,649,0.0537
76892,Y,2217,0.1836
76892,Z,186379,15.4313
76895,A,8365,1.0255
76895,B,17960,2.2018
76895,C,10179,1.2479
76895,D,9259,1.1351
76895,E,68250,8.367
76895,F,20184,2.4744
76895,G,26192,3.211
76895,H,33396,4.0941
76895,I,81098,9.9421
76895,J,31170,3.8213
76895,K,63493,7.7839
76895,L,14686,1.8004
76895,M,53346,6.5399
76895,N,69838,8.5617
76895,O,10363,1.2704
76895,P,845,0.1036
76895,Q,3717,0.4557
76895,R,92154,11.2975
76895,S,26506,3.2495
76895,T,8656,1.0612
76895,U,16076,1.9708
76895,V,224,0.0275
76895,W,1212,0.1486
76895,X,300,0.0368
76895,Y,4846,0.5941
76895,Z,143386,17.5783
81001,A,6197,0.9586
81001,B,12340,1.9089
81001,C,2857,0.442
81001,D,7895,1.2213
81001,E,32738,5.0644
81001,F,36127,5.5886
81001,G,19544,3.0233
81001,H,38018,5.8812
81001,I,69873,10.8089
81001,J,25630,3.9648
81001,K,56418,8.7275
81001,L,13651,2.1117
81001,M,35740,5.5288
81001,N,33973,5.2554
81001,O,13275,2.0536
81001,P,1503,0.2325
81001,Q,3833,0.5929
81001,R,49997,7.7342
81001,S,20362,3.1499
81001,T,6465,1.0001
81001,U,4443,0.6873
81001,V,58,0.009
81001,W,288,0.0446
81001,X,222,0.0343
81001,Y,1017,0.1573
81001,Z,153973,23.8187
81065,A,7340,1.6302
81065,B,13164,2.9237
81065,C,2916,0.6476
81065,D,5572,1.2375
81065,E,14536,3.2284
81065,F,6136,1.3628
81065,G,9322,2.0704
81065,H,18859,4.1885
81065,I,43810,9.73
81065,J,22472,4.9909
81065,K,35400,7.8622
81065,L,8513,1.8907
81065,M,21443,4.7624
81065,N,37649,8.3617
81065,O,8481,1.8836
81065,P,529,0.1175
81065,Q,1772,0.3936
81065,R,51341,11.4026
81065,S,14502,3.2208
81065,T,5263,1.1689
81065,U,2245,0.4986
81065,V,289,0.0642
81065,W,963,0.2139
81065,X,279,0.062
81065,Y,283,0.0629
81065,Z,117177,26.0245
81220,A,630,1.5581
81220,B,712,1.7609
81220,C,163,0.4031
81220,D,654,1.6175
81220,E,1753,4.3356
81220,F,1035,2.5598
81220,G,471,1.1649
81220,H,1437,3.554
81220,I,5508,13.6225
81220,J,1339,3.3117
81220,K,1902,4.7041
81220,L,995,2.4609
81220,M,1644,4.066
81220,N,2922,7.2268
81220,O,1381,3.4155
81220,P,22,0.0544
81220,Q,132,0.3265
81220,R,3921,9.6975
81220,S,1340,3.3141
81220,T,332,0.8211
81220,U,8,0.0198
81220,V,32,0.0791
81220,W,127,0.3141
81220,X,57,0.141
81220,Y,73,0.1805
81220,Z,11843,29.2904
81300,A,4900,1.9964
81300,B,6988,2.8471
81300,C,1207,0.4918
81300,D,2546,1.0373
81300,E,7041,2.8687
81300,F,2254,0.9184
81300,G,4846,1.9744
81300,H,9467,3.8572
81300,I,18380,7.4886
81300,J,10036,4.089
81300,K,25891,10.5489
81300,L,5211,2.1231
81300,M,10581,4.3111
81300,N,16569,6.7508
81300,O,5141,2.0946
81300,P,134,0.0546
81300,Q,863,0.3516
81300,R,25918,10.5599
81300,S,8679,3.5361
81300,T,2038,0.8303
81300,U,288,0.1173
81300,V,145,0.0591
81300,W,355,0.1446
81300,X,202,0.0823
81300,Y,3925,1.5992
81300,Z,71834,29.2676
81591,A,335,0.9698
81591,B,1103,3.1932
81591,C,240,0.6948
81591,D,346,1.0017
81591,E,866,2.5071
81591,F,401,1.1609
81591,G,585,1.6936
81591,H,1108,3.2077
81591,I,6644,19.2346
81591,J,1276,3.6941
81591,K,2448,7.087
81591,L,529,1.5315
81591,M,1393,4.0328
81591,N,2870,8.3087
81591,O,758,2.1944
81591,P,11,0.0318
81591,Q,63,0.1824
81591,R,3252,9.4146
81591,S,1533,4.4381
81591,T,322,0.9322
81591,U,503,1.4562
81591,V,4,0.0116
81591,W,102,0.2953
81591,X,16,0.0463
81591,Y,28,0.0811
81591,Z,7806,22.5986
81736,A,4662,1.2671
81736,B,8505,2.3116
81736,C,3216,0.8741
81736,D,4031,1.0956
81736,E,19181,5.2133
81736,F,10720,2.9137
81736,G,15494,4.2112
81736,H,21835,5.9347
81736,I,45803,12.4491
81736,J,14479,3.9353
81736,K,28309,7.6943
81736,L,9631,2.6177
81736,M,20522,5.5778
81736,N,25172,6.8417
81736,O,6847,1.861
81736,P,825,0.2242
81736,Q,1887,0.5129
81736,R,33774,9.1797
81736,S,12428,3.3779
81736,T,4004,1.0883
81736,U,5046,1.3715
81736,V,105,0.0285
81736,W,450,0.1223
81736,X,132,0.0359
81736,Y,1010,0.2745
81736,Z,69854,18.9861
81794,A,4487,1.107
81794,B,9663,2.384
81794,C,2094,0.5166
81794,D,5031,1.2412
81794,E,26517,6.542
81794,F,19637,4.8447
81794,G,9040,2.2303
81794,H,19587,4.8323
81794,I,17334,4.2765
81794,J,11997,2.9598
81794,K,34935,8.6189
81794,L,7769,1.9167
81794,M,20258,4.9979
81794,N,19050,4.6999
81794,O,15077,3.7197
81794,P,430,0.1061
81794,Q,2142,0.5285
81794,R,36317,8.9598
81794,S,11578,2.8564
81794,T,5351,1.3202
81794,U,1993,0.4917
81794,V,249,0.0614
81794,W,773,0.1907
81794,X,320,0.0789
81794,Y,891,0.2198
81794,Z,122812,30.2991
85001,A,2684,1.6061
85001,B,7927,4.7434
85001,C,1647,0.9855
85001,D,2336,1.3978
85001,E,7879,4.7146
85001,F,7315,4.3771
85001,G,4042,2.4187
85001,H,10717,6.4128
85001,I,5543,3.3168
85001,J,8498,5.085
85001,K,14152,8.4683
85001,L,4920,2.944
85001,M,14440,8.6406
85001,N,10246,6.131
85001,O,4729,2.8297
85001,P,380,0.2274
85001,Q,411,0.2459
85001,R,22561,13.5
85001,S,6060,3.6262
85001,T,1438,0.8605
85001,U,26,0.0156
85001,V,39,0.0233
85001,W,160,0.0957
85001,X,24,0.0144
85001,Y,71,0.0425
85001,Z,28873,17.277
85010,A,1052,4.6662
85010,B,541,2.3996
85010,C,895,3.9698
85010,D,228,1.0113
85010,E,2290,10.1575
85010,F,598,2.6525
85010,G,904,4.0098
85010,H,1353,6.0013
85010,I,522,2.3154
85010,J,1194,5.2961
85010,K,2036,9.0308
85010,L,662,2.9363
85010,M,684,3.0339
85010,N,1345,5.9658
85010,O,286,1.2686
85010,P,15,0.0665
85010,Q,117,0.519
85010,R,3278,14.5398
85010,S,1050,4.6574
85010,T,139,0.6165
85010,V,11,0.0488
85010,W,69,0.3061
85010,X,12,0.0532
85010,Y,14,0.0621
85010,Z,3250,14.4156
85015,B,7,1.6548
85015,C,13,3.0733
85015,D,4,0.9456
85015,E,10,2.3641
85015,F,6,1.4184
85015,G,1,0.2364
85015,H,33,7.8014
85015,I,11,2.6005
85015,J,100,23.6407
85015,K,97,22.9314
85015,L,20,4.7281
85015,M,6,1.4184
85015,N,19,4.4917
85015,O,13,3.0733
85015,Q,2,0.4728
85015,R,42,9.9291
85015,S,14,3.3097
85015,T,7,1.6548
85015,W,1,0.2364
85015,X,1,0.2364
85015,Z,16,3.7825
85125,B,2,0.037
85125,C,13,0.2403
85125,D,156,2.883
85125,E,16,0.2957
85125,F,46,0.8501
85125,G,3,0.0554
85125,H,62,1.1458
85125,I,877,16.2077
85125,J,26,0.4805
85125,K,600,11.0885
85125,L,94,1.7372
85125,M,28,0.5175
85125,N,77,1.423
85125,O,27,0.499
85125,R,2035,37.6086
85125,S,47,0.8686
85125,T,1,0.0185
85125,U,849,15.6903
85125,V,3,0.0554
85125,W,1,0.0185
85125,X,9,0.1663
85125,Z,439,8.1131
85136,B,1,3.7037
85136,D,1,3.7037
85136,F,2,7.4074
85136,I,1,3.7037
85136,J,1,3.7037
85136,K,3,11.1111
85136,M,1,3.7037
85136,S,3,11.1111
85136,T,1,3.7037
85136,Z,13,48.1481
85230,A,8,0.6163
85230,C,3,0.2311
85230,D,2,0.1541
85230,E,15,1.1556
85230,F,6,0.4622
85230,G,3,0.2311
85230,H,23,1.772
85230,I,541,41.6795
85230,J,3,0.2311
85230,K,1,0.077
85230,L,1,0.077
85230,M,2,0.1541
85230,O,46,3.5439
85230,P,1,0.077
85230,R,46,3.5439
85230,S,109,8.3975
85230,T,11,0.8475
85230,Z,477,36.7488
85250,A,68,0.4001
85250,B,538,3.1656
85250,C,283,1.6652
85250,D,114,0.6708
85250,E,264,1.5534
85250,F,209,1.2298
85250,G,249,1.4651
85250,H,700,4.1189
85250,I,3277,19.2821
85250,J,2173,12.7861
85250,K,486,2.8597
85250,L,123,0.7237
85250,M,624,3.6717
85250,N,508,2.9891
85250,O,412,2.4242
85250,P,13,0.0765
85250,Q,81,0.4766
85250,R,1265,7.4434
85250,S,452,2.6596
85250,T,125,0.7355
85250,V,5,0.0294
85250,W,28,0.1648
85250,X,13,0.0765
85250,Y,19,0.1118
85250,Z,4966,29.2204
85263,A,110,1.8531
85263,B,211,3.5546
85263,C,102,1.7183
85263,D,111,1.8699
85263,E,253,4.2621
85263,F,74,1.2466
85263,G,167,2.8133
85263,H,212,3.5714
85263,I,101,1.7015
85263,J,687,11.5735
85263,K,437,7.3619
85263,L,134,2.2574
85263,M,339,5.7109
85263,N,259,4.3632
85263,O,269,4.5317
85263,P,15,0.2527
85263,Q,13,0.219
85263,R,601,10.1247
85263,S,281,4.7338
85263,T,52,0.876
85263,U,95,1.6004
85263,V,3,0.0505
85263,W,15,0.2527
85263,X,12,0.2022
85263,Y,1,0.0168
85263,Z,1382,23.2817
85279,A,35,11.4007
85279,B,1,0.3257
85279,D,4,1.3029
85279,E,12,3.9088
85279,F,29,9.4463
85279,G,13,4.2345
85279,H,14,4.5603
85279,I,11,3.5831
85279,J,3,0.9772
85279,K,57,18.5668
85279,L,16,5.2117
85279,M,9,2.9316
85279,N,26,8.4691
85279,O,2,0.6515
85279,P,1,0.3257
85279,R,14,4.5603
85279,S,18,5.8632
85279,T,16,5.2117
85279,V,2,0.6515
85279,Z,24,7.8176
85430,A,1,0.6757
85430,D,1,0.6757
85430,J,2,1.3514
85430,O,4,2.7027
85430,R,1,0.6757
85430,S,3,2.027
85430,Z,136,91.8919
85440,A,317,1.1853
85440,B,638,2.3856
85440,C,108,0.4038
85440,D,206,0.7703
85440,E,1163,4.3486
85440,F,411,1.5368
85440,G,612,2.2884
85440,H,784,2.9315
85440,I,449,1.6789
85440,J,519,1.9406
85440,K,841,3.1446
85440,L,276,1.032
85440,M,776,2.9016
85440,N,1157,4.3262
85440,O,361,1.3498
85440,P,13,0.0486
85440,Q,31,0.1159
85440,R,1623,6.0687
85440,S,646,2.4155
85440,T,284,1.0619
85440,U,5236,19.5782
85440,V,27,0.101
85440,W,55,0.2057
85440,X,10,0.0374
85440,Y,30,0.1122
85440,Z,10171,38.031
